Title,Section Title,Chunk Text,Embeddings
The Shawshank Redemption,Introduction,"The Shawshank Redemption is a 1994 American drama film written and directed by Frank Darabont, based on the 1982 Stephen King novella Rita Hayworth and Shawshank Redemption. The film tells the story of banker Andy Dufresne (Tim Robbins), who is sentenced to life in Shawshank State Penitentiary for the murders of his wife and her lover, despite his claims of innocence. Over the following two decades, he befriends a fellow prisoner, contraband smuggler Ellis ""Red"" Redding (Morgan Freeman), and becomes instrumental in a money laundering operation led by the prison warden Samuel Norton (Bob Gunton). William Sadler, Clancy Brown, Gil Bellows, and James Whitmore appear in supporting roles.
Darabont purchased the film rights to King's story in 1987, but development did not begin until five years later, when he wrote the script over eight weeks. Two weeks after submitting his script to Castle Rock Entertainment, Darabont secured a $25 million budget to produce The Shawshank Redemption, which started pre-production in January 1993. While the film is set in Maine, principal photography took place from June to August 1993 almost entirely in Mansfield, Ohio, with the Ohio State Reformatory serving as the eponymous penitentiary. The project attracted many stars for the role of Andy, including Tom Hanks, Tom Cruise, and Kevin Costner. Thomas Newman provided the film's score.
The Shawshank Redemption premiered at the Toronto International Film Festival on September 10, 1994, and was released in the United States by Columbia Pictures on September 23. While the film received critical acclaim upon its release—particularly for its story and the performances of Robbins and Freeman—it was a box-office disappointment, earning only $16 million during its initial theatrical run. Its failure was attributed at the time to many factors, including competition from the films Pulp Fiction and Forrest Gump, the general unpopularity of prison films, its lack of female characters, and even the title, which was considered confusing for audiences. It went on to receive multiple award nominations, including seven nominations at the 67th Academy Awards, and a theatrical re-release that, combined with international takings, increased the film's box-office gross to $73.3 million.
Over 320,000 VHS rental copies were shipped throughout the United States, and on the strength of its award nominations and word of mouth, it became the top video rental of 1995. The broadcast rights were acquired following the purchase of Castle Rock Entertainment by Turner Broadcasting System, and it was shown regularly on the TNT network starting in 1997, further increasing its popularity. Decades after release, the film is still broadcast regularly and is popular in several countries, with audience members and celebrities citing it as a source of inspiration or naming it a favorite in various surveys, leading to its recognition as one of the most beloved films among audiences. In 2015, the United States Library of Congress selected the film for preservation in the National Film Registry, finding it ""culturally, historically, or aesthetically significant"".","tensor([-4.5622e-02, -1.8123e-02, -7.7428e-02,  1.4921e-02, -3.1640e-02,
         3.7172e-02,  6.0549e-02, -2.8158e-03,  1.1759e-01, -1.6972e-02,
        -7.1666e-02,  4.7499e-02,  7.3747e-02,  4.5142e-02, -3.5357e-02,
         1.4505e-02,  6.0776e-04,  2.6363e-02, -8.1109e-03,  1.1705e-02,
         4.9934e-02, -1.1217e-02,  4.1048e-02, -3.5196e-02, -4.7495e-02,
        -2.9172e-02,  2.5122e-02, -8.1587e-02, -8.5509e-02,  6.1956e-02,
        -2.2720e-02, -7.0341e-02, -2.8908e-02, -1.6662e-02,  8.6505e-03,
         7.3817e-02,  4.6376e-02, -8.6409e-03, -1.7762e-02, -3.5445e-03,
        -1.2772e-02,  3.5197e-02,  3.2818e-02,  3.4316e-02,  5.3872e-02,
        -6.0904e-02, -1.0897e-02, -8.2851e-02,  9.2824e-03, -1.1042e-01,
        -4.0676e-02,  1.0744e-01, -1.7090e-02,  1.6984e-02,  3.1004e-03,
        -7.5064e-02, -1.2854e-02,  9.0200e-03, -7.5831e-03, -5.9048e-02,
        -4.9922e-02,  4.0588e-04,  1.1845e-02, -9.0612e-03,  8.2625e-02,
         2.2241e-02,  7.4056e-03, -1.4579e-02,  3.7233e-02, -6.5967e-02,
        -7.5228e-02,  4.5763e-02, -1.2103e-02, -6.9006e-02, -6.9799e-02,
        -8.6402e-02,  2.8614e-02,  1.2348e-01, -4.2487e-02, -9.9921e-02,
        -1.6680e-02, -9.2044e-02,  2.8114e-02,  1.0520e-01, -2.0797e-02,
         9.5666e-02, -3.4049e-02,  5.6716e-02,  1.4303e-02,  3.2120e-02,
         8.1697e-02,  5.0402e-02,  1.3387e-03, -9.4445e-03, -3.3655e-02,
        -2.9425e-02, -3.5807e-02,  1.7032e-02, -6.6410e-02,  1.5521e-02,
         2.0695e-02, -5.7119e-02, -1.2147e-02, -1.0121e-01,  1.2189e-01,
         1.6293e-02,  1.9316e-02, -3.1356e-03, -2.9955e-02, -2.3377e-02,
         3.9144e-02,  3.2559e-02,  4.8396e-02,  1.4686e-01,  8.8360e-02,
         1.0210e-01, -4.8032e-02, -4.6088e-02,  3.8985e-03,  4.9102e-02,
         4.6110e-02,  4.0948e-02, -1.0333e-02,  3.3300e-02, -1.0664e-01,
        -4.3610e-02,  1.8238e-02,  4.3582e-33, -3.4348e-02,  3.0780e-02,
         1.7443e-02, -4.9318e-02, -4.0290e-02, -3.5690e-02,  3.3016e-03,
         2.2831e-02,  4.7578e-03,  2.3998e-03, -2.6588e-02, -9.7317e-02,
        -4.4988e-02, -3.5747e-02, -3.0074e-02, -1.0801e-02, -1.9791e-02,
        -9.2708e-03,  7.3207e-02, -1.7791e-02, -3.2960e-02, -9.3025e-04,
         1.8686e-02,  3.4628e-02, -1.4945e-01, -2.4751e-02, -3.4429e-02,
         1.2481e-02, -8.8506e-03, -1.8493e-02, -2.8424e-02,  8.9224e-02,
         7.7903e-02, -7.0296e-02,  4.1322e-02, -8.1925e-02, -1.3311e-02,
         1.6743e-02,  4.0393e-02,  8.7847e-02, -6.0602e-02, -1.0926e-02,
         9.0661e-03,  1.3692e-02, -1.9223e-02,  8.7544e-03,  3.2672e-02,
         3.3606e-02, -4.0894e-02,  8.0576e-02, -1.4305e-02,  1.7494e-02,
         3.2516e-02, -1.2201e-01, -1.6539e-01,  2.8572e-02, -9.1107e-03,
        -1.0011e-01,  5.2521e-02,  9.4457e-02,  4.5078e-02, -3.8800e-02,
         3.6466e-03, -1.4532e-03, -7.3240e-02, -3.4596e-02,  6.8878e-02,
         5.6185e-02, -1.0090e-01,  3.5835e-02, -5.5096e-02,  4.2133e-02,
         6.7382e-02,  5.6365e-03,  3.2776e-02, -4.2700e-02, -1.2996e-02,
         8.9928e-02, -5.9623e-02,  2.7354e-02,  7.3205e-04,  1.6196e-02,
        -1.8760e-02, -4.4829e-02, -7.0277e-02,  1.4653e-02,  3.1033e-02,
        -4.1273e-02,  2.4000e-02,  5.9775e-02,  5.4785e-02, -2.7737e-03,
        -7.6605e-02, -3.8942e-02,  6.8293e-02, -6.4793e-33,  6.2671e-02,
        -7.7381e-02, -6.4013e-02, -6.8623e-02, -1.1893e-02,  1.9139e-02,
        -8.6466e-04, -1.9865e-02,  7.7642e-02, -3.3016e-02, -5.0361e-02,
         2.6244e-02,  6.0127e-02,  8.9879e-02, -4.5660e-02,  6.9477e-02,
        -1.1115e-01,  1.5716e-02, -4.4768e-03,  2.3104e-02, -2.1478e-02,
        -5.2254e-02, -6.4753e-02,  1.7182e-02,  4.1017e-02,  2.1769e-02,
        -4.8945e-02,  8.8169e-02, -3.5036e-02,  1.4501e-02,  2.6264e-02,
        -5.4905e-02, -5.9070e-02,  3.6789e-02, -9.1683e-02,  2.4865e-02,
         8.3200e-02, -1.1878e-01, -3.2379e-03,  4.6218e-02,  1.5903e-02,
        -7.4635e-03, -4.6245e-02, -2.5334e-02,  1.5511e-03,  2.2548e-02,
        -3.6935e-02,  1.4981e-02, -3.9495e-02, -6.7851e-02, -3.9788e-02,
         7.5841e-02,  2.2101e-02,  2.4935e-02, -1.8809e-02,  2.3352e-02,
         8.8436e-03,  2.4458e-02,  4.3063e-02,  1.9235e-02, -8.4573e-02,
        -3.5634e-02, -2.8914e-04, -1.3191e-02,  5.8307e-04, -6.2812e-02,
         2.8073e-02, -5.0339e-02, -3.2350e-02,  1.8810e-02,  2.3631e-02,
        -7.7213e-02,  1.3537e-02, -6.8392e-02, -3.3033e-02,  6.0244e-02,
         1.5865e-02, -2.8145e-02, -1.1465e-01, -3.5200e-02,  4.6506e-02,
         3.4047e-02,  3.1462e-02, -5.7293e-03, -5.7808e-02,  3.5389e-02,
         1.4180e-01, -2.0100e-02, -2.9781e-02, -7.8969e-02,  2.9196e-02,
        -6.0474e-02,  5.4699e-02,  3.8512e-02,  1.2531e-02, -5.7108e-08,
        -1.0163e-01, -1.1048e-03, -5.7793e-02,  3.4714e-02,  1.7848e-02,
         4.7803e-02,  4.5948e-03,  4.5129e-02, -6.7176e-02, -1.3650e-02,
        -3.7904e-02, -8.2508e-02,  1.9134e-02, -3.0372e-02, -5.5635e-02,
         9.4099e-04,  4.5604e-02,  2.5020e-02,  6.0629e-02,  4.3497e-02,
         5.1908e-02, -8.9716e-02,  6.1625e-02, -1.4328e-02,  1.1815e-02,
         1.2624e-02, -1.4438e-03, -2.1992e-02,  2.8586e-02,  5.5942e-02,
         1.1972e-02, -3.4832e-02,  3.1258e-02,  1.0775e-02,  4.5176e-02,
        -2.9349e-02, -4.3244e-02,  2.0169e-02,  6.3869e-02,  2.0334e-02,
         1.2453e-02,  5.1806e-02, -4.3739e-02, -2.0249e-02,  4.9127e-02,
         1.8504e-02, -3.8968e-02, -5.6665e-02,  9.0291e-02,  9.0009e-02,
         1.0416e-01, -1.9951e-03,  5.0575e-02, -1.0081e-02,  7.2364e-02,
        -4.3506e-02,  6.8336e-03, -1.5940e-02, -1.1824e-02,  1.5283e-02,
         6.1440e-02, -6.1958e-03,  3.1105e-03, -6.0288e-02], device='mps:0')"
The Shawshank Redemption,Plot,"In 1947, Portland, Maine, banker Andy Dufresne arrives at Shawshank State Prison to serve two consecutive life sentences for murdering his wife and her lover. He is befriended by Ellis Boyd ""Red"" Redding, a contraband smuggler serving a life sentence, who procures for him a rock hammer and a large poster of Rita Hayworth. Assigned to work in the prison laundry, Andy is frequently raped by ""the Sisters"" gang, led by Bogs Diamond.
In 1949, Andy overhears the captain of the guards, Byron Hadley, complaining about being taxed on an inheritance and offers to help him shelter the money legally. After the Sisters beat Andy to near-death, Hadley cripples Bogs, who is subsequently transferred to a minimum-security hospital; Andy is not attacked again. Warden Samuel Norton assigns Andy to the prison's decrepit library, ostensibly to assist elderly inmate Brooks Hatlen, but in reality, to use Andy's financial expertise in managing the warden's and other prison staff's finances. Andy also starts writing weekly letters to the state legislature, requesting funding to improve the library.
Brooks is paroled in 1954 after serving 50 years, but cannot adjust to the outside world and eventually hangs himself. After years of Andy's ceaseless letters, the legislature sends a library donation that includes a recording of The Marriage of Figaro; Andy plays an excerpt over the public address system, experiencing a moment of personal freedom before he is punished with solitary confinement. After his release, Andy explains to a dismissive Red that hope is what gets him through his sentence. In 1963, Norton begins exploiting prison labor for public works, profiting by undercutting skilled labor costs and receiving bribes. Andy launders the money using the alias ""Randall Stephens"".
In 1965, Andy and Red befriend Tommy Williams, a young inmate convicted of burglary. Andy helps Tommy pass his General Educational Development exam, and Tommy later reveals that his cellmate at another prison confessed to committing the murders for which Andy was convicted. When Andy informs Norton, the warden refuses to act. Although Andy promises to keep the money laundering a secret, Norton sends Andy to solitary confinement and has Hadley kill Tommy under the guise of an escape attempt. Norton then threatens to destroy the library, strip Andy of guard protection, and transfer him to harsher conditions if Andy refuses to continue with the money-laundering  scheme.
A dishevelled Andy is released from solitary confinement after two months. He tells a skeptical Red that he dreams of living in Zihuatanejo, a town on the Mexican Pacific coast, where he can start anew. He asks Red to promise, once Red is released, to travel to a specific hayfield near Buxton and recover a package that Andy buried there. Red worries that Andy is suicidal, especially after learning that he asked a fellow inmate for a rope.
At the next day's roll call, the guards find Andy's cell empty. An irate Norton throws a rock at a poster of Raquel Welch hanging on the cell wall, revealing a tunnel that Andy had dug with his rock hammer over 19 years. The previous night, Andy escaped through the tunnel and prison sewage pipe, taking with him Norton's suit, shoes, and the ledger containing evidence of the corruption at Shawshank. While guards search for him, Andy poses as Randall Stephens and withdraws over $370,000 of the laundered money from various banks, before mailing the ledger to a local newspaper. State police arrive at Shawshank and take Hadley into custody, while Norton kills himself to avoid arrest.
The following year, Red is paroled after serving 40 years, but struggles to adapt to life outside prison and fears that he never will. Remembering his promise to Andy, he visits Buxton and finds a cache containing money and a letter inviting him to come to Zihuatanejo. Red violates his parole by traveling to Mexico, admitting that he finally feels hope. He finds Andy on a beach, and the reunited friends happily embrace.","tensor([ 1.1677e-02, -4.8959e-04, -5.1871e-02, -1.7512e-02, -2.4307e-02,
         4.4693e-02,  9.0814e-02, -8.8597e-02,  4.7519e-02, -3.0935e-03,
        -1.8413e-03,  5.1812e-02,  1.1284e-01, -6.4863e-04,  3.5568e-03,
         2.5125e-02, -6.7786e-03, -7.3149e-03, -4.8559e-02,  6.8317e-02,
        -2.7308e-02, -2.3460e-02,  6.3427e-02, -3.5063e-02, -3.3815e-02,
         7.1076e-02, -4.3429e-02, -7.6547e-02, -7.8431e-02,  1.6668e-02,
        -2.6341e-02, -1.8005e-02, -9.3964e-03, -5.4434e-03, -1.8254e-03,
         1.1994e-01,  1.3298e-01,  3.5129e-02,  2.6876e-02,  3.7939e-02,
        -3.5607e-02,  3.1877e-03, -1.4867e-02,  4.6144e-02, -5.8434e-02,
        -7.3680e-02, -2.8871e-02, -3.7082e-02,  1.6934e-02, -1.1888e-01,
        -4.8531e-02,  5.4286e-02,  4.5600e-02,  5.7111e-02,  6.6543e-02,
        -4.0625e-02,  7.5446e-02,  5.5762e-02, -3.1339e-02, -1.6212e-02,
        -5.1479e-02,  1.2209e-02,  2.6463e-02,  9.6296e-03,  4.5933e-02,
         2.3566e-02, -5.9111e-03, -1.6141e-02,  6.9639e-02, -5.0546e-02,
        -6.9160e-02,  2.2204e-02, -1.4125e-02, -4.4590e-02, -5.7041e-02,
        -2.7963e-02,  3.7994e-02,  5.5186e-02,  3.6305e-02, -3.7986e-02,
        -8.5040e-02, -1.0295e-01,  6.5271e-02,  7.0974e-02,  1.4123e-02,
         3.2497e-02, -5.3751e-02, -6.9854e-02, -2.5055e-02,  7.4352e-02,
         2.1554e-02,  4.6568e-02,  7.7272e-02, -2.6651e-02,  5.5059e-02,
         5.1189e-03,  2.5311e-03,  3.8196e-02, -1.0856e-01,  4.9166e-02,
         3.6769e-02, -5.8498e-02, -1.0413e-02, -8.9412e-02,  5.2812e-02,
        -1.3392e-02,  8.1694e-03, -3.4772e-02, -1.8373e-02, -1.6484e-02,
         2.4222e-02, -4.3992e-02,  4.5970e-02,  7.0114e-02,  5.5890e-02,
         7.2890e-02, -1.4987e-02,  8.2892e-02,  2.7649e-02, -5.5108e-02,
         2.2363e-02,  6.1622e-02, -1.2920e-02,  2.8097e-02, -9.3290e-02,
         7.7383e-03, -2.4227e-02,  1.6994e-33,  4.7469e-03, -1.4774e-02,
        -4.8301e-02,  7.5318e-04,  4.0918e-02,  9.7639e-03, -7.9161e-02,
         8.1067e-02,  4.6648e-02, -5.3397e-02,  6.5457e-03, -7.7628e-02,
         8.0199e-04, -1.0062e-01, -2.7813e-02, -3.5822e-03, -2.4493e-02,
         4.1928e-02,  2.0597e-02,  1.0347e-02,  3.1528e-02, -7.4985e-03,
         7.0026e-03,  2.1231e-02, -1.8345e-01, -3.0738e-02,  1.7497e-02,
        -1.8973e-02,  2.0543e-02,  1.8523e-02, -1.2016e-02,  2.8187e-03,
         8.7161e-02, -1.2594e-02, -7.0531e-02, -7.0703e-02, -3.3321e-03,
         4.0818e-02, -4.4156e-02,  4.8347e-04, -8.8973e-02, -2.7713e-02,
         7.0067e-02, -4.8714e-03, -2.7458e-02, -6.7608e-03,  9.2524e-02,
         4.6362e-02, -4.3602e-02,  4.7361e-02,  8.2199e-03,  1.9286e-02,
         2.6813e-02, -3.4799e-02, -4.9017e-02,  7.3502e-02,  2.4568e-02,
        -2.4261e-02,  5.5568e-02,  9.8297e-02,  6.1348e-02,  1.2266e-02,
         5.5623e-02,  1.3583e-02, -5.7051e-04, -6.1927e-02,  7.5022e-02,
        -2.0047e-02, -5.4940e-02,  1.5577e-03, -8.5595e-02,  8.0403e-02,
         7.8435e-02, -1.3804e-02, -5.7403e-02, -2.0820e-02,  5.7533e-03,
         9.6532e-03, -9.2721e-02, -3.5493e-02,  1.8304e-02, -4.4914e-02,
         2.8877e-02,  6.0842e-03, -1.1730e-01, -2.1796e-02,  7.5042e-02,
        -6.3268e-03, -8.0203e-02,  5.6870e-02,  2.5719e-02, -6.4553e-02,
        -5.3969e-02, -6.1756e-02,  5.1017e-02, -3.9591e-33,  7.2616e-02,
        -1.3136e-01, -5.0941e-04, -1.1207e-01,  1.9988e-02, -5.1398e-02,
         1.1773e-02, -3.1161e-02,  4.6795e-02, -4.0001e-02, -4.7842e-02,
         2.1717e-02,  4.4709e-02,  1.0101e-01, -5.5080e-02,  1.0650e-02,
        -3.2405e-02, -3.0962e-02, -3.6213e-02, -5.7784e-02, -1.3137e-02,
        -1.0956e-02, -2.4951e-02,  9.5968e-02,  1.5685e-02,  2.7030e-02,
         6.2717e-02,  4.1997e-02, -7.6243e-02,  5.1283e-02, -1.2475e-02,
        -3.4245e-02, -4.9618e-02,  1.8743e-02, -3.4891e-02,  2.1443e-02,
        -2.2358e-02, -8.7752e-02, -3.4590e-02, -1.7451e-02,  6.3391e-02,
        -8.3646e-03, -9.3787e-02, -4.5393e-02,  2.0719e-02,  1.1398e-02,
        -5.5997e-02,  8.3154e-02, -2.8180e-03, -4.3705e-02, -4.9058e-02,
         7.8309e-02, -3.3994e-02,  5.5041e-02, -2.2995e-02, -5.2827e-02,
        -4.5701e-02,  5.8111e-02,  3.1644e-02, -3.9641e-02, -1.0218e-01,
         1.3071e-02,  6.8072e-03,  9.8154e-02, -2.6669e-02, -3.4384e-02,
        -1.5112e-02, -9.0935e-02,  4.3801e-03,  4.8068e-02,  5.0118e-02,
        -1.3382e-02, -1.0986e-02, -7.7128e-03,  6.9670e-03,  3.5500e-02,
        -2.2290e-02, -5.1221e-02, -1.4572e-01, -6.4427e-03,  5.3789e-03,
         7.6670e-03, -1.3217e-02,  2.7830e-02, -5.0211e-03, -4.6393e-02,
         1.3604e-01,  3.4872e-03,  7.2984e-03, -7.1628e-02,  3.8380e-02,
        -6.8671e-02, -4.1052e-02,  2.9414e-02, -8.4866e-03, -6.0308e-08,
        -4.6093e-02,  5.4790e-02,  1.2694e-03, -5.0254e-03,  1.6115e-02,
         8.7320e-02,  1.5550e-02,  2.4716e-02, -5.5057e-02,  1.1629e-02,
         1.9864e-02, -6.1817e-02,  1.7458e-02, -3.1421e-02,  1.1552e-02,
        -2.5305e-02, -2.6250e-02, -3.1530e-02,  3.6168e-03, -7.4860e-03,
         3.0394e-02, -1.2065e-01,  5.0687e-02,  1.2729e-01,  1.7042e-02,
        -4.9418e-03,  5.0811e-02, -5.2383e-02,  5.6875e-02,  4.1934e-02,
        -1.2832e-02, -8.2076e-03, -5.1446e-03,  1.9490e-02, -3.1074e-02,
        -1.0892e-02, -3.8377e-02,  6.3242e-02, -1.7756e-02,  1.0870e-01,
        -3.2897e-02, -1.1332e-01, -8.9289e-03, -2.8793e-02,  3.0659e-02,
        -4.2563e-02, -5.0387e-02,  5.7329e-03,  1.0555e-01,  5.3285e-02,
         6.8468e-02,  2.1852e-02,  2.6400e-02,  3.6720e-02,  3.8001e-02,
        -2.8314e-02, -5.2711e-02, -9.0041e-03, -2.7383e-02,  8.9818e-02,
         4.7241e-03,  1.8526e-02,  6.0197e-02, -8.7349e-02], device='mps:0')"
The Shawshank Redemption,Cast,"Tim Robbins as Andy Dufresne: A banker sentenced to life in prison in 1947 for the murder of his wife and her lover
Morgan Freeman as Ellis Boyd ""Red"" Redding: A prison contraband smuggler who befriends Andy
Bob Gunton as Samuel Norton: The ostensibly pious and tyrannical warden of Shawshank penitentiary
William Sadler as Heywood: A member of Red's gang of long-serving convicts
Clancy Brown as Byron Hadley: The brutal captain of the prison guards
Gil Bellows as Tommy Williams: A young convict imprisoned for burglary in 1965
James Whitmore as Brooks Hatlen: The elderly prison librarian, imprisoned at Shawshank for over five decades
The cast also includes Mark Rolston as Bogs Diamond, the head of ""the Sisters"", a gang of prison rapists; Jeffrey DeMunn as the prosecuting attorney in Dufresne's trial; Larry Brandenburg as Skeet; Brian Libby as Floyd; Neil Giuntoli as Jigger; David Proval as Snooze; Joseph Ragno as Ernie; Paul McCrane as Guard Trout; and Jude Ciccolella as Guard Mert.
Renee Blaine portrays Andy's wife, and Scott Mann plays her golf instructor lover, Glenn Quentin. Freeman's son, Alfonso, makes a cameo appearance as Fresh Fish Con. Frank Medrano plays Fat Ass, an inmate beaten to death by Hadley, and Bill Bolender portrays Elmo Blatch, a convict implied to be responsible for the crimes for which Andy is imprisoned. Ned Bellamy and Don McManus appear as prison guards Youngblood and Wiley, respectively, and Dion Anderson plays Head Bull Haig. James Kisicki and Claire Slemmer portray the Maine National Bank manager and a teller, respectively.","tensor([-5.8452e-02, -4.4925e-02, -1.3361e-01, -4.1261e-02, -4.0304e-02,
         8.9291e-02,  1.1894e-01, -3.6914e-02,  8.9093e-02, -2.4665e-02,
         6.4002e-03,  2.7339e-03,  5.1698e-02,  2.8090e-02,  3.5645e-02,
        -2.5077e-02,  4.1533e-02,  2.6088e-02, -2.8723e-03,  1.6589e-02,
        -3.3704e-02, -3.3487e-02,  4.5043e-02, -2.6271e-02, -7.0415e-02,
        -1.0739e-02, -3.9511e-03, -5.5589e-02, -1.2047e-01,  2.5304e-02,
        -1.4028e-02, -3.1583e-02, -1.1982e-02,  4.2752e-02,  5.4705e-03,
         8.7312e-02,  6.2848e-02,  2.2748e-02,  4.2463e-02, -1.0551e-02,
        -5.0261e-02,  3.2350e-02, -1.1817e-02,  5.1024e-02, -3.2327e-02,
        -1.1792e-01, -6.6401e-03, -5.7156e-02,  4.9386e-03, -8.7337e-02,
        -6.0409e-02,  8.8385e-02,  3.6438e-02,  3.8935e-02,  5.3517e-02,
        -4.4454e-02,  3.6292e-02, -2.1978e-04, -4.0360e-03, -2.6734e-02,
        -5.5858e-02, -2.0371e-02,  3.0861e-02,  1.3082e-03,  1.1970e-02,
         3.6544e-02, -5.3896e-02, -2.1806e-02,  8.8704e-02, -6.1545e-02,
        -7.6514e-02,  2.0699e-02, -8.2758e-02, -8.4069e-02, -1.1079e-02,
        -6.8618e-02,  2.8815e-02,  3.4450e-02, -1.0778e-02, -9.8667e-02,
        -5.6816e-02, -6.3268e-02,  2.9575e-02,  4.9113e-02,  1.1244e-02,
         7.5284e-02, -7.8317e-02, -3.1405e-02, -5.5204e-02,  3.5970e-02,
         4.3106e-02,  7.8436e-02,  4.7352e-02, -2.4851e-02,  6.3441e-02,
        -1.8499e-02, -1.9489e-02,  2.8124e-02, -6.8459e-02,  4.6332e-02,
         3.9694e-03, -5.6211e-02,  2.8735e-02, -9.0890e-02,  7.6985e-02,
         1.9871e-02,  7.0597e-02, -4.8532e-02, -6.3560e-03, -6.5843e-02,
         6.1304e-02, -1.0704e-02,  5.4618e-02,  9.8896e-02,  4.7529e-02,
         5.1578e-02, -2.0448e-02,  6.0514e-02,  8.7705e-03,  4.2694e-02,
         8.1168e-02,  8.5894e-02, -2.8663e-02,  4.2286e-02, -8.0020e-02,
         4.6568e-03, -1.7041e-02,  7.4490e-33, -1.0200e-02,  7.9450e-03,
        -6.4349e-03, -3.4583e-02,  1.1768e-02,  2.7984e-02, -6.5050e-02,
         5.7685e-02,  8.2466e-03,  1.2811e-02, -4.6718e-02, -1.0609e-01,
        -5.4511e-02, -9.0552e-02, -8.4880e-02,  3.0806e-02, -6.2221e-02,
         5.8457e-02,  5.5405e-02,  1.8469e-02, -9.9584e-03,  5.0326e-02,
        -5.0373e-02,  1.5992e-02, -1.5755e-01, -3.1866e-02,  3.0155e-02,
         1.0439e-02,  8.1304e-02,  1.0788e-02,  3.4751e-03,  4.6519e-02,
         8.4603e-02, -4.0475e-02,  2.5139e-02, -4.5916e-02, -5.1019e-02,
         3.9732e-02, -1.6793e-02,  1.9279e-02, -7.5590e-02,  1.5225e-02,
         1.9940e-02, -8.3227e-03, -1.0751e-01, -1.5079e-02,  6.0631e-02,
         4.0415e-02, -2.9892e-02,  7.0225e-02,  1.2103e-02,  1.2415e-02,
         4.3663e-02, -2.5827e-02, -9.6181e-02,  5.0838e-02,  4.7650e-03,
        -7.7124e-03,  6.0236e-02,  1.0755e-01,  4.9985e-02,  1.7398e-02,
         2.5118e-03,  9.8405e-03, -9.2741e-03, -3.1410e-02,  3.6309e-02,
         2.6030e-02, -4.7401e-02, -2.1380e-03, -7.8823e-02,  3.8632e-02,
         8.1856e-02,  2.6181e-02, -4.1215e-02, -3.2470e-02,  1.6308e-03,
         4.2418e-02, -1.2202e-01, -5.4624e-02,  7.1410e-03, -1.7253e-03,
         6.1283e-02, -4.6345e-02, -1.0605e-01, -4.4963e-02,  1.8413e-02,
        -7.6224e-02, -4.3967e-03,  7.0538e-02,  4.9895e-02, -6.3883e-02,
        -5.2449e-02, -1.9347e-02, -5.7672e-03, -8.2041e-33, -1.3007e-03,
        -8.8923e-02, -4.0570e-02, -1.2745e-01,  3.2835e-02,  9.1656e-03,
         1.5944e-02, -4.8461e-02, -1.8716e-03, -5.2641e-02, -3.3326e-02,
         3.0770e-02, -1.9796e-02,  5.3601e-02, -3.6937e-02,  6.8391e-02,
        -6.9890e-02, -1.7806e-02, -2.8532e-02,  1.7106e-02, -9.5599e-03,
        -2.0560e-02, -4.6174e-02,  8.3122e-02,  2.6183e-02,  6.6600e-02,
         3.7557e-02,  9.2342e-02, -3.3111e-02,  9.3673e-02, -1.1750e-02,
        -1.9947e-02, -2.2841e-02, -1.0023e-03, -6.3548e-02,  3.7027e-03,
         4.0086e-02, -6.3228e-02, -3.1503e-03, -2.6972e-02,  3.9113e-02,
        -5.3506e-03, -9.0118e-02, -3.0013e-02,  2.9724e-02,  1.4192e-02,
        -3.3660e-02,  3.6753e-02, -8.9242e-02, -3.0002e-02, -9.1233e-02,
         6.9824e-02, -5.3845e-02, -4.5573e-03, -3.2773e-02, -1.6422e-02,
         1.5571e-02,  5.8769e-02,  6.5857e-02, -4.5206e-02, -1.4755e-01,
        -9.4020e-03,  6.7932e-02,  5.6387e-02,  5.4723e-02, -4.1507e-02,
        -1.2428e-02, -4.0550e-02, -4.1329e-02,  2.4782e-02,  3.2933e-03,
        -8.0165e-02,  1.4662e-02, -6.9880e-02,  5.0702e-03,  2.9778e-02,
         1.7840e-02, -3.2638e-02, -9.0851e-02,  9.3794e-03, -9.1979e-03,
        -7.5237e-03,  2.8456e-02,  7.9222e-02,  8.3058e-03,  5.4124e-03,
         9.9260e-02,  8.3041e-03, -7.3143e-03,  3.6862e-03,  2.2053e-02,
        -5.8718e-02,  2.9103e-02,  2.3157e-02,  1.3018e-02, -6.7330e-08,
        -6.4005e-02, -2.6843e-04, -3.1218e-02,  1.1336e-02, -4.0503e-02,
         3.3829e-02, -2.7858e-02,  2.1403e-02, -6.6063e-02,  1.4378e-02,
        -1.2721e-02, -7.3941e-02,  5.4912e-02, -7.3614e-02, -4.4866e-03,
         4.1341e-02, -6.1780e-03, -1.8299e-02,  2.0609e-02,  4.2813e-02,
         3.0651e-02, -6.9947e-02,  7.3407e-02,  1.5826e-01,  2.9176e-02,
        -2.2210e-02, -5.5982e-03, -3.7397e-02,  7.5340e-02,  8.3843e-02,
        -9.8324e-03,  2.3383e-02,  1.3184e-02, -2.1265e-02,  2.2156e-03,
        -3.9038e-02, -4.4135e-02,  3.5450e-02,  4.8838e-02,  1.5305e-01,
        -3.8916e-02, -8.3783e-02, -2.8859e-02, -2.7949e-02,  5.2164e-02,
        -6.4509e-03, -1.3785e-02,  2.1681e-02,  9.9437e-02,  4.2940e-02,
         7.7696e-02,  1.8639e-02,  1.4387e-03,  2.5175e-02,  1.1965e-02,
        -2.0303e-03, -3.0629e-03,  3.4305e-02, -2.7782e-02,  3.5128e-02,
        -1.4078e-03, -1.1207e-02,  4.0830e-02, -6.9226e-02], device='mps:0')"
The Shawshank Redemption,Analysis,"The film has been interpreted as being grounded in Christian mysticism. Andy is offered as a messianic, Christ-like figure, with Red describing him early in the film as having an aura that engulfs and protects him from Shawshank. The scene in which Andy and several inmates tar the prison roof can be seen as a recreation of the Last Supper, with Andy obtaining beer/wine for the twelve inmates/disciples as Freeman describes them as the ""lords of all creation"" invoking Jesus' blessing. Director Frank Darabont responded that this was not his deliberate intention, but he wanted people to find their own meaning in the film. The discovery of The Marriage of Figaro record is described in the screenplay as akin to finding the Holy Grail, bringing the prisoners to a halt, and causing the sick to rise up in their beds.
Early in the film, Warden Norton quotes Jesus Christ to describe himself to Andy, saying, ""I am the light of the world"", declaring himself Andy's savior, but this description can also reference Lucifer, the bearer of light. Indeed, the warden does not enforce the general rule of law, but chooses to enforce his own rules and punishments as he sees fit, becoming a law unto himself, like the behavior of Satan. The warden has also been compared to former United States President Richard Nixon. Norton's appearance and public addresses can be seen to mirror Nixon's. Similarly, Norton projects an image of a holy man, speaking down sanctimoniously to the servile masses while running corrupt scams, like those of which Nixon was accused.

Zihuatanejo has been interpreted as an analog for heaven or paradise. In the film, Andy describes it as a place with no memory, offering absolution from his sins by forgetting about them or allowing them to be washed away by the Pacific Ocean, whose name means ""peaceful"". The possibility of escaping to Zihuatanejo is only raised after Andy admits that he feels responsible for his wife's death. Similarly, Red's freedom is only earned once he accepts he cannot save himself or atone for his sins. Freeman has described Red's story as one of salvation as he is not innocent of his crimes, much like Andy, who still finds redemption.
While some Christian viewers interpret Zihuatanejo as heaven, film critic Mark Kermode wrote that it can also be interpreted as a Nietzschean form of guiltlessness achieved outside traditional notions of good and evil, where the amnesia offered is the destruction rather than forgiveness of sin, meaning Andy's aim is secular and atheistic. Just as Andy can be interpreted as a Christ-like figure, he can be seen as a Zarathustra-like prophet offering escape through education and the experience of freedom. Film critic Roger Ebert argued that The Shawshank Redemption is an allegory for maintaining one's feeling of self-worth when placed in a hopeless position. Andy's integrity is an important theme in the story line, especially in prison, where integrity is lacking.
Robbins himself believes that the concept of Zihuatanejo resonates with audiences because it represents a form of escape that can be achieved after surviving for many years within whatever ""jail"" someone finds themselves in, whether a bad relationship, job, or environment. Robbins said that it is important that such a place exists for us. Isaac M. Morehouse suggests that the film provides a great illustration of how characters can be free, even in prison, or imprisoned, even in freedom, based on their outlooks on life. Philosopher Jean-Paul Sartre described freedom as an ongoing project that requires attention and resilience, without which a person begins to be defined by others or institutions, mirroring Red's belief that inmates become dependent on the prison to define their lives. Andy displays resilience through rebellion, by playing music over the prison loudspeaker, and refusing to continue with the money-laundering scam.
Many elements can be considered as tributes to the power of cinema. In the prison theater, the inmates watch the film Gilda (1946), but this scene was originally intended to feature The Lost Weekend (1945). The interchangeability of the films used in the prison theater suggests that it is the cinematic experience and not the subject that is key to the scene, allowing the men to escape the reality of their situation. Immediately following this scene, Andy is assaulted by the Sisters in the projector room and uses a film reel to help fight them off. At the end of the film, Andy passes through a hole in his cell hidden by a movie poster to escape both his cell and ultimately Shawshank.
Andy and Red's relationship has been described as a nonsexual story between two men that few other films offer, as the friendship is not built on conducting a caper, car chases, or developing a relationship with women. Philosopher Alexander Hooke argued that Andy and Red's true freedom is their friendship, being able to share joy and humor with each other.","tensor([-5.5615e-02,  5.1125e-02, -8.3388e-02, -8.8535e-03, -5.8110e-02,
         8.3994e-03,  8.9024e-02, -1.2517e-02,  1.2486e-01, -3.4048e-02,
        -7.1955e-03,  1.9705e-02,  2.3369e-02,  4.7908e-02,  5.5784e-03,
        -3.0369e-02, -1.2921e-02,  7.8862e-03,  2.5074e-02,  1.8522e-02,
         4.8367e-02, -2.2352e-02,  9.1647e-02, -2.1475e-02, -7.8248e-03,
         5.4751e-02,  6.4158e-03, -9.5162e-03, -3.8834e-02, -5.0094e-03,
        -3.5189e-03,  7.0701e-03, -4.4072e-02, -4.6343e-02, -4.7861e-02,
         6.7123e-02,  8.6071e-02,  5.1948e-02,  3.7756e-02, -7.3736e-02,
         1.0408e-02,  5.6285e-02,  3.7843e-02,  6.6021e-03,  2.1966e-02,
        -4.0815e-03, -1.6702e-02, -4.2644e-02,  1.4768e-02, -9.8770e-02,
        -1.2036e-01,  3.0481e-02,  5.2483e-02,  2.5188e-02,  1.6606e-02,
        -8.6709e-03,  5.3050e-02, -7.5455e-02,  3.5548e-02,  3.5986e-04,
        -3.4585e-02,  1.8440e-02,  5.8388e-02,  1.5255e-02,  9.4589e-02,
        -3.4363e-02, -4.7570e-02,  2.8439e-02, -7.1261e-02, -3.0348e-02,
        -2.4610e-02, -7.6511e-03,  2.6473e-02, -7.9603e-02, -1.0145e-01,
        -8.4486e-02, -2.6153e-02,  3.0563e-02, -6.8267e-02, -5.3979e-02,
        -1.3620e-02, -3.5782e-02, -5.0020e-03,  4.1894e-02, -6.8415e-03,
         9.7775e-02,  3.3902e-02, -6.6727e-03, -3.6454e-02,  1.1416e-01,
        -6.4234e-02, -5.8770e-02, -7.6762e-02,  4.5316e-02, -2.3931e-02,
         4.0863e-02, -2.6467e-03,  3.5378e-02, -7.3642e-02,  5.5671e-02,
         9.4408e-02, -2.5481e-02,  1.4341e-02, -6.2919e-02,  8.1525e-02,
         1.9821e-02,  3.6422e-03, -3.2435e-02,  2.5490e-02, -6.1863e-02,
        -2.4992e-02, -1.6224e-02, -3.1782e-02,  3.7189e-02,  6.0476e-03,
         1.2110e-01, -8.7383e-03,  3.6586e-02, -2.8097e-02,  8.8195e-02,
         6.5787e-02,  1.0710e-01,  2.7959e-02,  1.1775e-01, -1.7180e-02,
        -2.6402e-02,  3.6121e-02,  1.0798e-33,  2.1864e-02, -4.4367e-02,
        -1.3653e-02, -1.7884e-02,  8.7758e-02,  7.9271e-03, -9.6195e-02,
         4.7164e-02, -8.0015e-03, -3.9035e-02, -4.8719e-02, -1.8942e-02,
        -2.6925e-02, -6.1871e-02, -6.2642e-02,  4.2440e-02, -9.0024e-02,
         2.0224e-03,  7.4055e-02, -3.8267e-02, -7.0865e-02, -2.1669e-02,
         1.5381e-03,  8.4092e-03, -8.8485e-02,  4.6042e-02,  4.6725e-02,
         1.0624e-01,  4.9624e-03,  3.7177e-02, -5.4666e-02,  1.1770e-01,
         7.6197e-02, -9.4343e-03,  2.9179e-02,  2.7291e-02, -3.0154e-02,
        -2.1241e-02, -3.8537e-02, -9.2960e-03, -7.8298e-02,  2.2283e-03,
        -2.7861e-02,  2.1342e-02, -5.3998e-02, -8.0458e-03,  3.5983e-02,
         7.4812e-02, -7.6998e-02,  1.6028e-01,  2.6391e-02, -5.9132e-03,
         4.8710e-02, -8.9649e-02, -1.0670e-01,  6.7066e-02, -2.4812e-02,
        -4.4489e-02,  1.7595e-02,  5.4141e-02,  5.5213e-02,  1.9920e-02,
         2.1651e-03,  3.1325e-02, -1.2825e-01,  2.8406e-02,  6.4603e-02,
        -1.0132e-03, -4.2989e-02,  3.0676e-02, -8.3475e-02, -6.2259e-03,
         2.8061e-02,  2.8629e-02,  6.1552e-02, -1.5310e-02, -2.9697e-02,
         1.3573e-02, -8.6646e-02, -6.5564e-03, -7.9168e-03, -3.1490e-02,
        -6.0185e-03,  2.7324e-02, -6.7721e-02,  1.2499e-02,  4.9837e-02,
        -2.6937e-04, -4.6201e-02, -1.7813e-02,  9.4306e-02,  2.9183e-02,
        -1.4360e-02, -5.0180e-02, -4.7395e-02, -2.2275e-33,  1.6846e-02,
        -8.8775e-02, -3.9067e-02, -1.0131e-01, -3.5308e-02, -6.0587e-02,
        -3.0136e-02, -5.2839e-02,  4.1973e-02, -2.9570e-02, -5.0563e-02,
        -6.8411e-03,  1.8898e-02, -1.8357e-02, -9.2677e-02, -3.6418e-02,
        -1.4478e-02, -3.0858e-02, -2.1584e-02,  1.3193e-02,  7.9885e-02,
         6.2332e-03, -1.6884e-02,  1.7982e-02, -1.2761e-02,  3.5742e-02,
         5.4020e-02,  9.4891e-02, -2.8703e-02, -8.8610e-02,  3.8777e-02,
        -9.0577e-02, -1.1110e-01, -4.7792e-02, -3.7964e-03, -6.7098e-03,
         9.0435e-02, -5.8103e-02,  4.6013e-02, -2.7563e-02, -2.5535e-02,
         4.2270e-02, -1.0302e-01,  2.8521e-02,  1.4046e-02,  4.4384e-02,
        -5.1035e-02,  1.3665e-01,  2.2778e-02,  2.4309e-02, -2.0125e-02,
         3.8787e-02,  2.2284e-02, -2.8324e-02, -6.9559e-02, -1.1233e-01,
        -5.8373e-02,  2.5047e-02,  1.3621e-02,  6.4059e-02, -6.8777e-03,
        -2.9476e-02,  4.8599e-03,  4.7280e-02, -7.9467e-03, -3.3986e-02,
        -5.4013e-02,  2.9900e-02, -2.1149e-02,  1.0467e-01,  2.9249e-02,
        -8.1991e-02, -5.3549e-02, -3.8648e-02,  2.6090e-02,  2.2767e-02,
         4.2677e-02, -1.4171e-01, -4.2174e-02, -1.0553e-01, -5.3089e-04,
        -2.8816e-02,  1.6224e-02,  4.5511e-02,  7.3071e-03, -7.1883e-02,
         6.9891e-02,  1.7118e-02, -3.8268e-02,  4.1572e-02,  2.9499e-02,
         4.1615e-02, -2.8764e-02,  1.8783e-02,  3.0663e-02, -6.5938e-08,
        -5.6305e-02, -1.4454e-03, -3.5868e-02, -5.2373e-02,  6.8418e-02,
         3.2150e-02,  4.6696e-02,  3.9224e-02,  3.1526e-02, -1.0014e-02,
        -8.5852e-03,  3.4523e-02,  1.5584e-02,  5.4013e-04, -5.3940e-02,
         9.6813e-02,  2.1113e-02, -8.3493e-02,  2.2381e-02,  3.8424e-02,
         6.7326e-02, -8.2861e-02,  2.4417e-02,  8.4225e-04,  2.2480e-02,
        -8.2912e-03,  2.4475e-02, -3.9393e-02,  5.8756e-03,  4.9901e-02,
         4.0460e-02, -3.9027e-03,  7.5525e-02,  1.6633e-02, -8.4082e-02,
         1.5256e-02, -1.0292e-01,  3.0405e-02,  5.2131e-02,  1.8996e-02,
        -3.2563e-02,  4.8272e-03, -6.5831e-03, -2.7740e-02, -2.5461e-02,
        -4.3725e-03,  2.5629e-03,  5.8353e-03,  3.9964e-02,  9.4554e-02,
         9.4174e-02,  3.2346e-02,  4.7358e-02,  6.5783e-03, -1.4004e-02,
        -4.9898e-02,  2.4439e-02, -1.8400e-02, -6.0310e-03,  9.7065e-03,
         6.8423e-02, -4.2598e-02,  8.5581e-03,  2.0974e-03], device='mps:0')"
The Shawshank Redemption,Development,"Frank Darabont first collaborated with author Stephen King in 1983 on the short film adaptation of King's 1978 collection Night Shift story ""The Woman in the Room"", buying the rights from him for $1—a Dollar Deal that King used to help new directors build a résumé by adapting his short stories. After receiving his first screenwriting credit in 1987 for A Nightmare on Elm Street 3: Dream Warriors, Darabont returned to King with $5,000 ($14,170 in 2025) to purchase the rights to adapt Rita Hayworth and Shawshank Redemption, a 96-page novella from King's 1982 collection Different Seasons, written to explore genres other than the horror stories for which he was commonly known. Although King did not understand how the story, largely focused on Red contemplating his fellow prisoner Andy, could be turned into a feature film, Darabont believed it was ""obvious"". King never cashed the $5,000 check from Darabont; he later framed it and returned it to Darabont accompanied by a note which read: ""In case you ever need bail money. Love, Steve"".
Five years later, Darabont wrote the script over an eight-week period. He expanded on elements of King's story. Brooks, who in the novella is a minor character who dies in a retirement home, became a tragic character who eventually hanged himself. Tommy, who in the novella trades his evidence exonerating Andy for transfer to a nicer prison, in the screenplay is murdered on the orders of Warden Norton, who is a composite of several warden characters in King's story. Darabont opted to create a single warden character to serve as the primary antagonist. Among his inspirations, Darabont listed the works of director Frank Capra, including Mr. Smith Goes to Washington (1939) and It's a Wonderful Life (1946), describing them as tall tales; Darabont likened The Shawshank Redemption to a tall tale more than a prison movie. He also cited Goodfellas (1990) as an inspiration on the use of dialogue to illustrate the passage of time in the script, and the prison drama Birdman of Alcatraz (1962) directed by John Frankenheimer. While later scouting filming locations, Darabont happened upon Frankenheimer who was scouting for his own prison-set 1994 action historical drama television project Against the Wall. Darabont recalled that Frankenheimer took time out from his scouting to provide Darabont with encouragement and advice.
At the time, prison-based films were not considered likely box-office successes, but Darabont's script was read by then-Castle Rock Entertainment producer Liz Glotzer, whose interest in prison stories and reaction to the script, led her to threaten to quit if Castle Rock Entertainment did not produce The Shawshank Redemption. Director and Castle Rock Entertainment co-founder Rob Reiner also liked the script. He offered Darabont between $2.4 million and $3 million to allow him to direct it himself. Reiner, who had previously adapted King's 1982 novella The Body into the 1986 film Stand by Me, planned to cast Tom Cruise as Andy and Harrison Ford as Red.
Castle Rock Entertainment offered to finance any other film Darabont wanted to develop. Darabont seriously considered the offer, citing growing up poor in Los Angeles, believing it would elevate his standing in the industry, and that Castle Rock Entertainment could have contractually fired him and given the film to Reiner anyway, but he chose to remain the director, saying in a 2014 Variety interview, ""you can continue to defer your dreams in exchange for money and, you know, die without ever having done the thing you set out to do"". Reiner served as Darabont's mentor on the project, instead. Within two weeks of showing the script to Castle Rock Entertainment, Darabont had a $25 million budget to make his film (taking a $750,000 screenwriting and directing salary plus a percentage of the net profits), and pre-production began in January 1993.","tensor([-3.4365e-02, -2.9549e-02, -2.6071e-02,  1.0520e-01, -1.1497e-02,
         6.8461e-02,  2.1544e-02, -5.5779e-03,  1.2526e-01, -7.6859e-02,
        -1.0051e-01,  2.7071e-02,  1.0705e-01,  1.7852e-02, -9.7584e-03,
         3.0563e-03, -7.9643e-03,  5.5673e-02,  5.9596e-02,  8.7425e-02,
         7.8946e-02, -2.5241e-02,  2.5537e-02, -8.8142e-03,  1.2511e-02,
        -3.7085e-02,  2.9428e-02, -3.9210e-02, -9.4905e-02, -2.0100e-02,
         2.3356e-03,  2.8238e-02, -3.7685e-03,  1.0798e-02,  5.8899e-02,
         6.2691e-02,  4.7266e-03,  4.3029e-02, -1.5037e-02,  3.1587e-03,
        -6.5462e-03,  2.4059e-02,  4.2485e-02,  3.7355e-03,  3.5629e-02,
        -4.6301e-02, -9.7125e-03, -7.1009e-02,  1.7722e-02, -7.5295e-02,
        -5.0187e-02,  1.0761e-01,  1.1016e-02,  5.2883e-02,  1.8426e-02,
        -6.7180e-02,  3.1001e-02, -1.7081e-02,  1.5246e-02, -8.0536e-02,
        -1.2309e-02, -6.6262e-03,  2.3014e-02, -1.8680e-02,  5.3320e-02,
        -3.6294e-03, -4.0062e-02,  3.4450e-02,  8.8345e-03, -3.5054e-02,
        -1.1895e-01,  4.6996e-02, -3.5048e-03, -2.2408e-02,  2.8450e-02,
        -9.8710e-02,  4.8386e-02,  2.7750e-02,  1.2668e-03, -6.1848e-02,
        -3.4263e-02, -1.0074e-01,  4.5526e-02,  6.9561e-02, -3.9882e-02,
         3.6592e-02,  1.3816e-02,  6.2228e-02, -3.2763e-02,  1.7453e-02,
         8.4554e-02, -1.1741e-02,  8.2272e-03, -2.4698e-02,  3.0073e-02,
        -1.0231e-02, -1.0062e-01, -2.1287e-02, -4.4811e-02,  1.2292e-02,
         4.1255e-02, -1.6621e-02, -2.4284e-02, -1.1210e-01,  1.0298e-01,
        -1.3070e-02,  3.9352e-02, -5.4234e-02, -9.7134e-02, -4.1793e-02,
        -2.1762e-02,  2.1233e-02,  2.8073e-02,  1.3291e-01,  6.8878e-02,
         3.6905e-02,  1.2256e-03, -1.3656e-02,  1.5429e-02,  6.3682e-02,
         9.3677e-02,  5.2487e-02,  6.3033e-02,  1.9633e-02, -5.4994e-02,
        -2.7460e-02,  1.3637e-02,  3.4402e-33, -3.8658e-02,  1.1061e-02,
        -6.0892e-02, -4.8727e-02,  9.8298e-02, -8.0678e-02,  4.9020e-02,
         4.3169e-02,  1.8476e-02, -1.4232e-03, -2.7814e-02, -3.2042e-02,
        -5.3894e-02, -5.1348e-02, -1.4886e-02,  5.4494e-02, -5.7756e-02,
        -9.5848e-03,  3.7586e-02, -1.0700e-02, -1.6436e-02,  3.1021e-02,
         5.0291e-02,  1.1602e-03, -1.1967e-01,  2.4654e-03, -1.0342e-02,
         5.1716e-03,  3.3020e-02, -2.7414e-02, -4.2432e-02,  5.9625e-02,
         6.0362e-02, -8.4297e-02,  4.5241e-02, -4.2438e-02, -9.8159e-03,
        -1.7323e-02,  2.3138e-03,  7.2197e-02, -9.3733e-02, -6.1215e-03,
         2.5536e-02, -4.8653e-02, -4.3110e-02,  6.5833e-02,  1.3801e-02,
         7.5735e-02, -2.7079e-02,  1.0013e-01, -2.9003e-02,  2.2054e-02,
        -5.8005e-02, -1.0543e-01, -9.9683e-02, -2.9409e-02, -4.6604e-02,
        -1.1267e-01,  9.8081e-02,  3.6237e-02,  2.1869e-02, -4.7894e-02,
         7.3459e-02, -2.3815e-02, -4.2161e-02,  3.4466e-02,  3.5781e-02,
         3.1441e-02, -7.5600e-02,  1.4109e-02, -8.7357e-02, -3.2456e-03,
         6.5484e-02,  8.1853e-02, -1.9299e-02, -3.7168e-02, -1.8286e-02,
         8.0808e-02, -4.2767e-02, -1.8291e-02,  3.9648e-02,  2.9394e-03,
        -7.0201e-05, -1.4182e-03, -3.8374e-02, -2.7313e-02,  1.2603e-02,
        -8.2801e-02, -2.1134e-03,  2.7821e-02,  4.2097e-02, -9.2862e-02,
        -5.1833e-02, -5.1924e-02,  4.0616e-02, -5.0600e-33,  8.9874e-02,
        -9.5027e-02, -4.8489e-02, -3.2433e-02,  6.2244e-02,  9.9755e-03,
        -3.7491e-02,  2.5797e-02,  1.4167e-01,  4.4589e-02, -4.7326e-02,
        -4.5819e-03,  3.3956e-02,  2.6815e-02,  2.7621e-02, -6.0709e-02,
        -5.2144e-02, -4.5178e-02,  9.2906e-03,  2.9075e-02, -2.9398e-02,
         4.7956e-03, -3.4177e-02, -1.9414e-03,  4.4304e-02,  3.3843e-02,
        -3.0069e-02,  1.0317e-01, -5.2451e-02, -5.4693e-03, -1.9153e-03,
        -5.4798e-02, -5.6438e-02,  1.8820e-02, -3.9012e-02, -2.3448e-04,
         1.7121e-02, -1.1207e-01, -1.5665e-02,  7.1074e-02,  4.0995e-02,
        -2.2879e-02, -4.3823e-02, -3.6787e-03,  4.5131e-02,  1.5741e-02,
        -5.2234e-02, -1.0265e-02,  6.0551e-02, -5.9470e-02,  1.5972e-02,
         5.3889e-02,  2.2090e-02,  1.5048e-03, -5.1174e-02,  6.7367e-03,
         4.9700e-02, -2.6305e-02,  6.7270e-02,  9.1321e-02, -1.1018e-01,
        -4.7551e-02, -5.3889e-02, -5.3596e-02, -8.6965e-04, -6.6543e-02,
        -3.9088e-02, -7.6454e-02, -4.8060e-02,  4.0088e-02,  1.6767e-02,
        -1.2468e-01,  6.2561e-02,  5.5135e-03, -2.8460e-02,  2.7969e-02,
        -2.0047e-02, -1.6909e-03, -4.7881e-02, -5.8277e-02, -1.5513e-02,
         3.2257e-02,  5.2012e-02,  3.6152e-02, -5.2810e-02,  4.1594e-02,
         1.1352e-01,  4.1830e-03, -7.2133e-02, -5.5813e-02, -6.3447e-03,
        -2.7875e-02,  7.2509e-02,  7.2655e-02, -1.8956e-03, -6.2462e-08,
        -8.4340e-02, -1.0106e-03, -9.4617e-03, -2.4506e-02,  2.8336e-02,
         6.6360e-03, -9.7151e-04,  3.0024e-02, -1.0608e-01,  3.3370e-02,
        -5.2366e-03, -3.1054e-02,  6.0196e-02, -7.5354e-03, -7.3558e-02,
        -1.6010e-02,  6.2148e-02, -5.2160e-03,  2.2198e-02, -6.6743e-03,
         1.4476e-01, -5.2071e-02,  1.7579e-02, -5.2296e-02,  7.0912e-02,
         7.7401e-02, -4.9657e-02,  1.9816e-03, -2.7307e-02,  4.8786e-02,
         5.8112e-02,  2.3473e-02,  6.0492e-02, -2.2872e-02, -1.5282e-02,
        -3.3372e-02,  1.3051e-02,  1.7936e-02,  6.2415e-02, -1.5582e-03,
         2.6698e-02,  3.9465e-02, -3.8284e-02, -4.7832e-02,  1.1979e-02,
         5.7927e-04, -3.6639e-02, -1.3042e-01,  4.3728e-02,  8.8798e-02,
         6.6916e-02, -2.7863e-02,  4.6951e-02,  1.3534e-02,  7.3957e-02,
        -7.5129e-02, -3.7246e-02, -2.7911e-02,  2.1229e-02, -1.5689e-02,
         3.7992e-02, -3.7244e-02, -3.1208e-02, -1.0456e-02], device='mps:0')"
The Shawshank Redemption,Casting,"Morgan Freeman was cast at the suggestion of producer Liz Glotzer, who ignored the novella's character description of a white Irishman, nicknamed ""Red"". Freeman's character alludes to the choice when queried by Andy on why he is called Red, replying ""Maybe it's because I'm Irish"". Freeman opted not to research his role, saying ""acting the part of someone who's incarcerated doesn't require any specific knowledge of incarceration ... because men don't change. Once you're in that situation, you just toe whatever line you have to toe"". Darabont was already aware of Freeman from his minor role in Brubaker (1980), another prison drama, while Tim Robbins had been excited to work alongside Freeman, having grown up watching him in The Electric Company children's television show.
Darabont looked initially at some of his favorite actors, such as Gene Hackman and Robert Duvall, for the role of Andy Dufresne, but they were unavailable; Clint Eastwood and Paul Newman were also considered. Tom Cruise, Tom Hanks and Kevin Costner were offered, and passed on the role—Hanks due to his starring role in Forrest Gump, and Costner because he had the lead in Waterworld. Johnny Depp, Nicolas Cage and Charlie Sheen were also considered for the role at different stages. Cruise attended table readings of the script, but declined to work for the inexperienced Darabont. Darabont said he cast Robbins after seeing his performance in the 1990 psychological horror Jacob's Ladder. When Robbins was cast, he insisted that Darabont use experienced cinematographer Roger Deakins, who had worked with him on The Hudsucker Proxy. To prepare for the role, Robbins observed caged animals at a zoo, spent an afternoon in solitary confinement, spoke with prisoners and guards, and had his arms and legs shackled for a few hours.
Cast initially as young convict Tommy, Brad Pitt dropped out following his success in the 1991 crime drama Thelma & Louise and the role went to a debuting Gil Bellows. James Gandolfini passed on portraying prison rapist Bogs Diamond. Bob Gunton was filming the 1993 science fiction action Demolition Man when he went to audition for the role of Warden Samuel Norton. To convince the studio that Gunton was right for the part, Darabont and producer Niki Marvin arranged for him to record a screen test on a day off from Demolition Man. They had a wig made for him as his head was shaved for his Demolition Man role. Gunton wanted to portray Norton with hair as this could then be grayed to convey his on-screen aging as the film progressed. Gunton performed his screen test with Robbins, which was filmed by Deakins. After being confirmed for the role, he used the wig in the film's early scenes until his hair regrew. Gunton said that Marvin and Darabont saw that he understood the character, which went in his favor, as did the fact his height was similar to Robbins', allowing Andy to believably use the warden's suit.
Portraying the head guard Byron Hadley, Clancy Brown was given the opportunity to speak with former guards by the production's liaison officer but declined, believing it would not be a good thing to say that his brutal character was in any way inspired by Ohio state correctional officers. William Sadler, who portrays Heywood, said that Darabont had approached him in 1989 on the set of the Tales from the Crypt television series, where he was a writer, about starring in the adaptation he was intending to make. Freeman's son Alfonso has a cameo appearance as a young Red in mug shot photos, and as a prisoner shouting ""fresh fish"" as Andy arrives at Shawshank. Among the extras used in the film were the former warden and former inmates of the reformatory, and active guards from a nearby incarceration facility. The novella's original title attracted several people to audition for the nonexistent role of Rita Hayworth, including a man in drag clothing.","tensor([-1.4981e-01, -8.4037e-02, -5.4997e-02, -4.7868e-02, -3.9430e-02,
         2.8002e-02,  1.4115e-01, -7.8412e-03,  2.6190e-02, -6.0485e-02,
        -2.6811e-02, -2.7371e-02, -5.0785e-02,  6.5712e-02, -7.8484e-03,
         1.4377e-02,  1.3737e-02,  2.6719e-02, -1.7332e-02,  3.2240e-02,
        -1.6831e-04, -3.2328e-02, -2.4432e-02, -1.6429e-02, -8.9103e-02,
        -2.0063e-02,  8.7756e-02, -2.8790e-02, -7.2240e-02, -1.9494e-03,
        -2.6049e-02,  2.0878e-02, -2.7564e-02,  5.6276e-02, -6.7449e-02,
         8.8725e-03,  4.1159e-02,  7.6892e-02,  7.9143e-03,  2.0933e-02,
         1.1818e-02,  3.9954e-02,  7.0651e-04,  5.8849e-02,  9.5094e-02,
        -8.4727e-02,  7.7930e-04, -1.6912e-02,  1.7098e-03, -1.0385e-02,
        -3.5283e-02,  1.2965e-01, -9.6516e-03, -1.0914e-02,  5.9307e-02,
        -4.4556e-02,  5.1764e-02,  5.1075e-03, -1.8196e-02, -2.3468e-02,
        -3.1548e-02, -3.5804e-02,  6.7278e-02, -1.3623e-02,  6.9753e-02,
         7.8411e-02, -3.5707e-02, -2.1642e-02, -4.4629e-02,  4.4757e-02,
        -8.2667e-02, -5.7409e-02, -7.6812e-03,  1.2954e-02,  1.5556e-02,
        -8.4875e-02,  2.5804e-02,  8.1176e-02,  2.9851e-02, -2.4118e-02,
        -7.4717e-02,  2.1294e-02,  1.7057e-02,  1.1703e-01,  1.4982e-02,
         2.9563e-02, -1.4881e-02, -2.9285e-02, -6.8650e-04, -2.5167e-03,
        -8.2050e-03,  2.4202e-02, -4.8036e-02,  4.6367e-02,  2.7008e-02,
         2.8183e-02, -8.0575e-02,  1.8022e-02, -1.5706e-01, -1.3568e-02,
         1.4224e-02, -3.3561e-02, -2.1996e-02, -7.9209e-02,  6.6503e-02,
        -8.6943e-03,  8.2917e-02, -2.7162e-02,  3.5595e-02, -2.9365e-02,
         7.0570e-02,  1.3726e-02,  3.8155e-02,  1.0807e-01,  7.4767e-03,
        -1.4164e-02, -4.7025e-02,  6.4679e-03,  3.5289e-03,  9.9634e-02,
         5.8445e-03,  4.8466e-02, -5.2344e-02,  7.0849e-02, -8.8015e-02,
        -4.8533e-02,  3.8704e-02,  1.5050e-33,  2.9802e-02, -4.4105e-02,
         6.8169e-02, -3.4439e-02,  5.5304e-02,  1.7032e-02, -5.6315e-02,
         3.5234e-02, -2.5044e-02,  5.1119e-02, -4.2247e-02, -1.2653e-01,
        -6.9389e-02, -3.9964e-02, -2.8102e-02,  8.6589e-02, -9.8037e-02,
        -4.7303e-02, -1.0369e-02,  7.8719e-03,  3.7410e-03,  2.0744e-02,
        -2.5912e-02, -1.4706e-02, -5.0769e-02,  2.1652e-02, -3.3515e-02,
         1.1753e-02,  6.4563e-02, -8.9410e-04, -2.7688e-02,  3.5421e-02,
         4.8002e-02, -1.3427e-02, -3.6734e-02, -4.4392e-02,  5.5499e-04,
        -1.2236e-02, -4.5733e-02,  3.9386e-02, -2.4914e-02,  2.0990e-02,
         8.7933e-04, -3.0822e-02, -3.1232e-02, -4.0499e-02, -1.6284e-02,
         4.6340e-02, -9.7103e-02,  2.8977e-02, -3.2938e-02,  8.2466e-02,
         1.2728e-01, -9.9895e-02,  7.4275e-03, -3.8303e-02, -3.3239e-02,
         3.3536e-02,  3.4518e-02,  8.1674e-02,  3.7072e-03, -1.9900e-02,
        -4.9578e-02,  4.6022e-02, -9.3948e-02,  3.4216e-02,  1.4276e-02,
         4.5842e-03, -5.8365e-02, -8.2996e-02, -2.5824e-02, -6.0876e-02,
         1.6005e-02,  4.0212e-02, -6.1698e-03, -6.4917e-02,  3.0603e-02,
         8.0246e-02,  1.6169e-02, -9.6855e-02,  5.4809e-02, -4.4559e-02,
        -1.7440e-02, -5.0709e-02, -3.5927e-03, -2.3900e-02,  6.8524e-02,
        -5.6850e-02,  4.4477e-03,  7.4175e-02,  1.6234e-02, -5.9024e-02,
        -9.1368e-02, -6.9938e-02, -1.5573e-02, -4.4774e-33, -1.6976e-02,
        -4.2601e-02, -4.2661e-02, -3.4454e-02,  6.2703e-02, -4.4609e-02,
         4.5809e-02, -2.5453e-02,  1.1833e-01, -3.9462e-02,  9.3001e-03,
         7.6346e-03, -1.9451e-02,  5.4242e-02,  7.4192e-03,  8.2172e-02,
        -1.0310e-01,  9.3287e-02, -2.3377e-02,  2.4059e-02,  1.1610e-02,
        -5.8477e-02, -2.7697e-02,  4.7133e-02, -6.5821e-02,  3.1504e-02,
         1.5461e-02,  1.2956e-01, -1.0860e-01,  1.6856e-02, -8.4106e-03,
         2.7279e-02, -9.3609e-02, -2.7337e-02, -1.0452e-01,  4.3993e-02,
         7.6411e-03,  1.6160e-02, -1.8417e-02, -1.2605e-02,  4.6211e-02,
        -5.2494e-02, -7.6569e-02,  2.5502e-02,  1.2422e-02,  1.3819e-02,
        -9.3382e-02,  5.5891e-02, -1.1958e-01,  1.2692e-02, -4.4124e-02,
         8.4389e-02, -5.8157e-03,  3.4803e-03, -1.0503e-01, -3.3648e-02,
        -5.8556e-02, -2.4817e-03,  1.3995e-02,  4.5190e-02, -8.7433e-02,
         3.9181e-03,  7.7601e-04, -2.9194e-02,  9.2653e-02, -7.2971e-02,
        -2.3134e-02, -7.9658e-03,  3.0943e-02,  6.3719e-02,  5.0504e-02,
        -8.9466e-02,  3.6102e-02,  1.0381e-02, -2.7396e-02,  9.4159e-02,
         3.9072e-02, -5.8349e-02, -5.7081e-02, -2.0742e-02, -4.7210e-02,
        -6.6519e-02,  4.9604e-02,  9.4201e-02, -1.9339e-02,  9.5416e-02,
         1.1062e-01,  8.4672e-02,  2.9226e-02,  6.7332e-03,  6.2572e-02,
        -6.0709e-02, -1.4361e-02,  1.1237e-02, -3.6782e-02, -6.2191e-08,
        -3.8538e-02,  7.6816e-02, -2.0419e-02, -1.9372e-02,  1.5521e-02,
         6.6345e-02, -5.3198e-04,  1.7310e-03, -1.0897e-02,  1.0492e-02,
        -1.4361e-02, -1.5633e-02,  6.4018e-03,  1.6567e-02,  6.8136e-02,
         5.2324e-02, -1.5155e-02, -2.8862e-02,  7.2537e-03,  5.0785e-02,
         9.4824e-03, -5.0926e-02,  1.8750e-02,  1.5276e-01,  5.7692e-02,
        -1.3750e-02,  2.0677e-02, -1.8350e-02, -2.5496e-02,  1.2773e-01,
         3.1010e-02,  1.9188e-02,  8.7099e-02,  3.1713e-02, -3.1579e-02,
        -3.6142e-02,  8.4211e-03,  2.7263e-02,  3.9315e-02, -3.7742e-02,
        -2.5394e-02, -2.6923e-02,  2.8197e-02, -2.7664e-02, -1.8208e-03,
         3.3297e-03, -1.1593e-02,  1.5091e-02,  3.3283e-02, -5.1401e-03,
         2.6670e-02,  5.4081e-03, -1.1673e-02, -4.7637e-02,  6.1475e-02,
        -2.3711e-02, -1.7762e-02,  3.2251e-02,  2.2302e-02, -1.9717e-02,
         1.4250e-02,  2.6949e-02, -1.9837e-02, -3.1259e-02], device='mps:0')"
The Shawshank Redemption,Filming,"On a $25 million budget, principal photography took place over three months between June and August 1993. Filming regularly required up to 18-hour workdays, six days a week. Freeman described filming as tense, saying, ""Most of the time, the tension was between the cast and director. I remember having a bad moment with the director, had a few of those."" Freeman referred to Darabont's requiring multiple takes of scenes, which he considered had no discernible differences. For example, the scene where Andy first approaches Red to procure a rock hammer took nine hours to film and featured Freeman throwing and catching a baseball with another inmate throughout it. The number of takes that were shot resulted in Freeman turning up to filming the following day with his arm in a sling. Freeman sometimes simply refused to do the additional takes. Robbins said that the long days were difficult. Darabont felt that making the film taught him a lot, ""A director really needs to have an internal barometer to measure what any given actor needs."" He found his most frequent struggles were with Deakins. Darabont favored more scenic shots, while Deakins felt that not showing the outside of the prison added a sense of claustrophobia and it meant that when a wide scenic shot was used, it had more impact.
Marvin spent five months scouting prisons across the United States and Canada, looking for a site that had a timeless aesthetic and was completely abandoned, as he hoped to avoid the complexity of filming for hours a day in an active prison with the security difficulties that would entail. Marvin eventually chose the Ohio State Reformatory in Mansfield, Ohio, to serve as the fictional Shawshank State Penitentiary in Maine, citing its Gothic-style stone and brick buildings. The facility had been shuttered three years earlier in 1990, due to inhumane living conditions.
The 15-acre reformatory, housing its own power plant and farm, was partially torn down shortly after filming was completed, leaving the main administration building and two cellblocks. Several of the interior shots of the specialized prison facilities, such as the admittance rooms and the warden's office, were shot in the reformatory. The interior of the boarding room used by Brooks and Red was in the administration building; exterior shots of the boarding house were taken elsewhere. Internal scenes in the prison cellblocks were filmed on a sound stage built inside a nearby shuttered Westinghouse Electric factory. Since Darabont wanted the inmates' cells to face each other, almost all the cellblock scenes were shot on a purpose-built set housed in the Westinghouse factory, except for the scene featuring Elmo Blatch's admission of guilt for the crimes for which Andy was convicted. It was filmed in one of the actual prison's more confined cells. Scenes were also filmed in Mansfield, as well as neighboring Ashland, Ohio. The oak tree under which Andy buries his letter to Red was located near Malabar Farm State Park, in Lucas, Ohio; it was destroyed by winds in 2016.

Just as a prison in Ohio stood in for a fictional one in Maine, the beach scene showing Andy and Red's reunion in Zihuatanejo, Mexico, was actually shot in the Caribbean on the island of Saint Croix, one of the U.S. Virgin Islands. The beach at 'Zihuatanejo' is the Sandy Point National Wildlife Refuge, a protected area for leatherback sea turtles. Scenes shot in Upper Sandusky included the prison wood shop scene where Red and his fellow inmates hear The Marriage of Figaro (the woodshop is now called the Shawshank Woodshop), and the opening court scene which was shot at the Wyandot County Courthouse. Other shooting locations included Pugh Cabin in Malabar Farm State Park, where Andy sits outside as his wife engages in an affair, Butler, Ohio, stood in for Buxton, Maine, and the Bissman Building in Mansfield served as the halfway house where Brooks stayed following his release.
For the scene depicting Andy's escape from the prison, Darabont envisioned Andy using his miniature rock hammer to break into the sewage pipe, but he determined that this was not realistic. He opted instead to use a large piece of rock. While the film portrays the iconic scene of Andy escaping to freedom through a sewer pipe described as a ""river of shit"", Robbins crawls through a mixture of water, chocolate syrup, and sawdust. The stream into which Robbins emerges was actually certified toxic by a chemist according to production designer Terence Marsh. The production team dammed the stream to make it deeper and used chlorination to partially decontaminate it. Of the scene, Robbins said, ""when you're doing a film, you want to be a good soldier—you don't want to be the one [who] gets in the way. So you will do things as an actor that are compromising to your physical health and safety."" The scene was intended to be much longer and more dramatic, detailing Andy's escape across a field and onto a train, but with only a single night available to film the sequence, it was shortened to showing Andy standing triumphant in the water. Of his own work, Deakins considers the scene to be one of his least favorite, saying that he ""over-lit"" it. In response, Darabont disagreed with Deakins' self-assessment. He said that the time and precision taken by Deakins, and their limited filming schedule, meant he had to be precise in what he could film and how. In a 2019 interview, he stated that he regretted that this meant he could not film a close up of Robbins' face as he climbed down out of the hole from his cell.
As for the scene where Andy rebelliously plays music over the prison announcement system, it was Robbins' idea for Andy to turn the music up and not shut it off. While in the finished film the inmates watch Rita Hayworth in Gilda (1946), they were originally intended to be watching Billy Wilder's The Lost Weekend (1945), a film about the dangers of alcohol. As the footage was too costly to procure from Paramount Pictures, producer Niki Marvin approached The Shawshank Redemption's domestic distribution rights-holder Columbia Pictures, which offered a list of lower-priced titles, one of which was Gilda. As filming took place mainly in and around the prison, scenes were often shot in near chronological order respective of the different eras depicted throughout the story. This aided the actors' performances as their real-life relationships evolved alongside those of their respective characters. Darabont commented that the scene in which Andy tells Red about his dreams of going to Mexico was one of the last filmed, and one that he most revisited in recollecting the film's production. He praised Robbins and Freeman for completing the scene in only a few takes.","tensor([-2.9167e-02, -3.3762e-03,  1.1762e-02, -2.3578e-02,  6.0121e-02,
         6.2915e-03,  7.3393e-02,  5.2476e-02,  4.5384e-02, -1.0916e-02,
        -2.0496e-02, -2.5380e-02, -1.2888e-02,  2.4872e-02, -2.1005e-02,
        -6.2709e-02,  1.1449e-01, -8.3205e-03, -5.4094e-02,  6.6782e-02,
         2.9458e-02, -8.4009e-02,  5.8244e-02, -1.8608e-02, -8.3047e-03,
         9.2357e-03, -2.2686e-02, -2.5503e-02, -1.2722e-02, -3.9817e-02,
        -4.9594e-03, -5.2774e-03, -5.7142e-03,  1.0389e-02, -4.7311e-03,
         6.4694e-02, -3.0047e-02,  5.1580e-02, -1.2638e-02, -2.6752e-02,
         2.6819e-02,  6.5933e-02,  3.6996e-02,  1.5032e-02, -3.9867e-02,
        -3.1918e-02,  1.7924e-02, -2.9115e-02,  5.5815e-02, -4.0490e-02,
        -8.5682e-02,  3.0754e-02,  1.9472e-02, -5.8638e-02, -2.6450e-02,
        -2.9235e-02, -1.3349e-02, -4.3608e-02, -1.3239e-02, -1.9999e-02,
        -1.7105e-02, -2.8305e-02, -1.5734e-02,  2.6929e-03,  8.9776e-02,
         8.7593e-02, -8.8374e-04, -1.3984e-01,  4.8238e-02,  6.2904e-02,
         1.3584e-02,  5.9979e-02, -4.0079e-02, -6.6169e-02, -2.6286e-03,
        -1.0220e-01,  3.1401e-03,  1.0943e-01, -2.6431e-02, -1.2842e-01,
         2.2875e-02, -5.0492e-02,  3.4727e-02,  7.8041e-02, -2.0725e-02,
         1.6636e-02,  3.7049e-02,  8.3901e-02, -4.7682e-02,  1.8861e-02,
         1.9341e-02, -8.9780e-04, -6.2257e-02, -3.5573e-02,  1.9509e-02,
        -2.7012e-02, -9.6486e-02,  5.6484e-02, -6.4369e-02,  2.7848e-02,
         4.5511e-02,  2.0282e-02, -1.4646e-02, -1.4481e-01,  8.0043e-02,
        -7.1554e-03,  1.7698e-02, -3.2867e-02, -1.1530e-01,  2.5940e-02,
         1.4914e-02,  4.3469e-02,  6.6293e-02,  1.2129e-01,  5.7714e-02,
         6.0542e-02, -7.9087e-02, -2.3076e-02, -1.7414e-02,  5.2712e-02,
         1.1778e-01, -6.1748e-04, -9.9184e-03,  4.7803e-02, -1.2516e-01,
        -5.4485e-02,  1.1733e-02,  3.6441e-33,  2.1353e-02, -1.1910e-02,
         5.0571e-04, -1.9096e-02,  3.2048e-02,  5.3464e-02, -9.4138e-03,
         8.0968e-02,  4.8169e-02,  1.3013e-02,  4.6456e-02, -7.1584e-02,
        -2.1742e-02, -3.2953e-02,  5.2323e-02,  1.1179e-02, -1.6561e-02,
         3.6973e-02,  1.3186e-02, -1.2850e-02, -6.6500e-02, -8.5551e-02,
        -7.5105e-02,  3.6315e-02, -9.8312e-02,  4.7167e-02,  3.0446e-02,
         5.0705e-02,  5.1596e-02, -6.2998e-03, -3.1093e-02,  8.5906e-02,
         3.0338e-02,  4.1542e-02,  8.2938e-02, -5.8944e-02,  2.8970e-02,
         5.5621e-03,  8.6339e-04,  2.7640e-02, -7.2335e-02,  6.5826e-02,
        -5.0992e-02, -8.1139e-02, -2.3706e-02, -2.5934e-02, -1.9328e-02,
         4.5215e-02, -8.6278e-02,  8.8588e-02,  7.7227e-02,  1.3263e-02,
         1.3291e-01, -6.8921e-02, -8.4899e-02,  9.5592e-02,  1.3176e-02,
        -7.4418e-02,  1.8541e-02,  8.4024e-02,  4.7453e-02,  2.0602e-02,
        -4.8606e-02,  4.6478e-02, -1.3273e-01,  5.2507e-02,  5.1724e-03,
         5.3106e-02, -4.1375e-02,  4.2120e-02, -5.0438e-02, -4.6844e-02,
        -2.8299e-02, -2.0674e-02,  4.7045e-03, -3.9889e-02,  9.7015e-03,
         2.6660e-02, -1.1716e-02,  6.0991e-02,  4.0072e-02, -5.4831e-03,
        -2.1045e-02, -3.1150e-02, -4.0382e-02, -1.8465e-02,  2.5428e-02,
        -2.4795e-02, -2.6652e-02,  5.9760e-02, -1.0120e-02, -2.4105e-02,
        -1.2934e-01, -2.5613e-02,  6.1913e-03, -4.5529e-33,  5.6373e-02,
        -6.6458e-02, -8.5981e-02,  3.1592e-02,  7.4829e-02, -2.2828e-02,
        -2.0557e-02,  5.3851e-02,  1.4743e-01, -5.4073e-03, -4.0539e-02,
        -2.8852e-03, -6.4813e-02, -2.3244e-02, -7.1398e-02, -2.0067e-02,
         1.8135e-02, -6.6342e-02, -6.1559e-02,  1.6181e-03,  5.7826e-02,
        -2.8708e-02,  4.7220e-02,  2.6657e-03, -8.8780e-02,  9.5988e-02,
        -2.2752e-02,  9.6091e-02, -6.8357e-02, -1.1372e-02, -2.4677e-02,
        -2.0093e-02, -2.7356e-02, -2.1019e-03, -1.0151e-01,  4.8548e-02,
         6.8639e-02,  3.0629e-02, -1.4508e-02,  2.1056e-02,  2.3455e-02,
        -2.6582e-03,  3.9205e-02,  4.4284e-04,  4.8201e-02,  2.9315e-03,
        -3.4576e-02, -3.3040e-02, -7.0056e-02,  5.7049e-02, -5.7111e-02,
         3.4225e-02, -4.5223e-02,  4.4370e-02, -3.1278e-02, -8.1969e-02,
        -9.9786e-03, -1.0189e-01,  4.9213e-02,  5.0475e-02, -6.1622e-02,
         1.2334e-02, -8.2742e-02, -4.2650e-02, -3.6950e-02, -1.5952e-02,
        -5.4846e-02, -5.6665e-02, -1.5790e-02,  7.0035e-02, -1.0138e-02,
        -3.8505e-02,  1.6493e-02, -5.9221e-02, -7.0341e-02,  6.0196e-02,
         3.7708e-02,  1.1117e-02, -7.4240e-03, -5.5896e-02, -5.3439e-02,
        -8.2735e-02,  7.9108e-03,  1.4673e-02, -3.8607e-02,  1.0169e-01,
         5.9695e-02,  7.7046e-03, -3.0762e-02,  2.6635e-02,  5.8957e-02,
        -2.2482e-02,  5.6445e-02,  8.5796e-02, -5.7054e-03, -6.3530e-08,
        -5.3825e-02,  9.4191e-02,  2.5514e-02, -4.2042e-03,  5.6439e-02,
        -2.4561e-02,  9.2993e-03,  7.6817e-02,  4.5685e-03, -5.7641e-02,
         6.0458e-02, -4.5852e-02,  9.4417e-03,  1.9318e-02, -5.9944e-02,
        -5.3954e-04, -3.9862e-02, -3.3617e-03, -2.0834e-02,  2.7417e-03,
         1.2579e-02, -6.9861e-02,  5.1844e-02,  3.5813e-02,  6.5869e-03,
        -2.6112e-02,  1.5799e-02, -5.1586e-02,  4.8729e-03,  3.8973e-02,
        -3.2253e-02,  4.0596e-02,  1.1043e-02, -6.4566e-02, -2.2783e-02,
        -8.7082e-02,  1.6788e-03, -1.7847e-02,  8.0644e-02,  1.2327e-02,
        -5.1129e-02,  8.2972e-02, -3.1749e-02,  9.7491e-03,  6.0526e-02,
         2.3812e-02, -6.6781e-03, -3.1788e-03,  2.6555e-02,  7.4300e-03,
         7.2505e-03,  4.7270e-02, -4.4847e-02,  4.5657e-02,  8.0496e-02,
         2.8068e-02,  3.3825e-02, -6.8589e-02, -1.8298e-02,  1.5681e-02,
        -1.4049e-04, -2.7379e-02, -1.2955e-01,  4.3220e-02], device='mps:0')"
The Shawshank Redemption,Post-production,"The final cut of the theatrically released film runs for 142 minutes, and was dedicated to the memory of Allen Greene, Darabont's former agent, who died during filming from AIDS. The film's first edit ran for nearly two and a half hours, which Glotzer considered ""long"", and several scenes were cut, including a longer sequence of Red adjusting to life after incarceration; Darabont said that in test screenings the audience seemed to be getting impatient with the scene as they were already convinced that Red would not make it. Another scene cut for time showed a prison guard investigating Andy's escape tunnel; this was thought to slow down the action. The film originally had a cold open that played out Andy's crime, with his trial playing throughout the opening credits, but these scenes were edited together to create a more ""punchy"" opening. One scripted scene, which Darabont described as his best work, was left unfilmed because of the shooting schedule. In the scene, a dreaming Red is sucked into the poster of Rita Hayworth to find himself alone and insignificant on the Pacific shore, saying ""I am terrified, there is no way home."" Darabont said that he regretted being unable to capture the scene.
In Darabont's original vision for the end of the film, Red is seen riding a bus towards the Mexican border, leaving his fate ambiguous. Glotzer insisted on including the scene of Red and Andy reuniting in Zihuatanejo. She said Darabont felt this was a ""commercial, sappy"" ending, but Glotzer wanted the audience to see them together. Castle Rock agreed to finance filming for the scene without requiring its inclusion, guaranteeing Darabont the final decision. The scene originally featured a longer reunion in which Andy and Red recited dialogue from their first meeting, but Darabont said it had a ""golly-gee-ain't-we-cute"" quality and excised it. The beach reunion was test audiences' favorite scene; both Freeman and Robbins felt it provided the necessary closure. Darabont agreed to include the scene after seeing the test audience reactions, saying: ""I think it's a magical and uplifting place for our characters to arrive at the end of their long saga...""","tensor([-3.0839e-02, -2.8969e-02,  1.0340e-02, -4.4944e-02,  1.0543e-01,
         6.8001e-02,  6.8679e-02,  3.4350e-02,  9.2947e-02,  5.9839e-03,
         7.4400e-03,  3.5804e-02, -2.5965e-02, -5.0253e-04,  1.9622e-02,
        -2.6877e-02, -3.8867e-03, -1.9079e-02, -9.5267e-02,  2.8151e-02,
         8.6946e-02,  1.3767e-02,  9.4504e-02, -2.3035e-02, -2.5941e-02,
         5.9679e-04,  2.3901e-02, -1.7461e-02, -4.3262e-02, -2.5374e-02,
         8.8938e-03, -2.1517e-02,  3.7471e-02, -6.2479e-03, -3.1938e-02,
         4.9368e-02,  1.7534e-02,  8.1027e-02,  3.2591e-03, -4.3839e-02,
         1.6678e-03,  8.9270e-03, -6.0240e-03,  8.5803e-02,  1.5582e-02,
        -4.7553e-02,  1.1085e-02, -1.3979e-01,  4.9281e-02, -3.3904e-02,
        -8.1889e-02,  8.1753e-02, -4.6848e-02,  1.8968e-02,  4.8108e-02,
         2.5903e-02,  1.3436e-02,  7.6262e-03, -4.9307e-02, -2.5026e-02,
        -5.9906e-02, -2.7976e-02, -2.9261e-02, -2.1721e-02,  1.3010e-01,
        -3.2406e-02,  2.7320e-03, -9.6491e-02,  2.4418e-02, -6.1508e-03,
        -2.6916e-02, -2.9865e-02, -7.1035e-02, -9.9562e-02, -9.0476e-02,
        -4.8299e-02,  2.1626e-02,  9.5804e-02, -5.2422e-02, -5.2457e-02,
         1.0630e-01, -6.4305e-02,  4.2268e-02,  7.7759e-02, -3.6789e-02,
         1.7662e-02,  2.5835e-02,  7.4045e-03, -3.2614e-02,  3.8038e-02,
        -2.8791e-02, -3.9725e-04, -3.1950e-02,  3.3060e-02,  6.9382e-02,
        -4.8227e-02, -5.5978e-02,  2.4724e-02,  1.4896e-02,  2.5849e-02,
         4.3189e-02, -5.9542e-02, -6.4934e-02, -1.0124e-01,  3.3973e-02,
        -1.0086e-02,  1.5020e-02, -3.5667e-02, -4.0059e-02,  1.0382e-02,
        -4.9274e-03, -8.1420e-03,  4.0390e-02,  7.9509e-02,  8.1647e-02,
         8.2486e-02, -1.7872e-02,  1.2170e-02,  2.4210e-03,  6.8499e-02,
         9.6196e-02,  6.0775e-02,  3.1925e-03, -7.2490e-04, -3.5272e-02,
         2.0059e-02,  1.2381e-01,  3.7151e-33,  5.5177e-02, -5.8271e-02,
        -5.0445e-02, -4.9715e-02,  1.2793e-01,  4.5056e-02, -7.5125e-02,
         9.2005e-02,  1.0775e-02,  3.9699e-02, -1.6530e-02, -1.3192e-01,
        -2.9878e-02, -5.7312e-02, -4.0083e-03,  4.8745e-02, -3.4136e-02,
         3.2413e-02, -8.1433e-02,  4.5796e-02, -2.6745e-02,  3.8580e-02,
        -1.4990e-02,  1.7160e-02, -1.2079e-01, -7.4339e-03, -1.4568e-03,
         8.4806e-03,  4.3360e-02, -2.0509e-02, -9.7079e-02,  7.7625e-02,
         7.6990e-02,  8.1663e-02, -5.2015e-03, -1.4241e-02, -3.7145e-02,
         6.5606e-03,  2.4163e-02, -5.8695e-03, -5.6052e-02,  5.4306e-02,
        -1.6663e-02, -1.1404e-02, -5.9511e-02, -1.2461e-01, -1.1401e-02,
         6.5082e-02, -4.3109e-02,  1.4855e-01,  8.1950e-02,  3.8012e-02,
         7.8936e-02, -4.6311e-02, -9.1850e-02,  8.9779e-02,  5.3717e-02,
        -2.6026e-02,  2.2041e-02,  6.8642e-02,  4.5522e-02,  7.4506e-02,
         1.6374e-02, -7.6095e-03, -9.4472e-02,  6.0939e-02, -4.5447e-03,
         1.2525e-02,  2.2570e-02, -2.2314e-02, -1.0635e-01, -4.7109e-02,
         1.3125e-02, -3.0999e-03,  1.1475e-02, -3.5573e-02,  6.0727e-03,
         4.4238e-02, -1.2072e-02, -4.7877e-02,  6.1002e-02, -2.9015e-02,
        -1.5504e-02, -3.3309e-02, -5.2077e-02, -6.1311e-02,  4.6898e-02,
        -6.0737e-02, -9.1850e-02,  3.1456e-03,  1.1142e-02, -8.8394e-02,
         3.5401e-03, -4.6187e-02,  2.0504e-02, -4.0630e-33,  5.6869e-02,
        -4.8114e-02, -7.5967e-02, -1.7381e-02,  6.9569e-02, -1.1453e-01,
        -8.9394e-03,  4.7310e-02,  9.2431e-02, -4.0292e-03,  4.3030e-03,
        -5.0780e-03,  5.1235e-02,  2.8259e-02, -8.0398e-02, -4.6049e-02,
         9.9228e-02, -8.9477e-03, -2.1652e-02,  2.2408e-02,  6.4964e-02,
        -7.9917e-02, -5.4831e-03, -2.2177e-02, -2.5408e-02,  6.5194e-02,
         7.4854e-02,  6.1568e-02, -7.5884e-02, -7.1788e-02, -5.3627e-02,
        -3.7787e-02, -6.7762e-02, -1.0793e-02, -4.1032e-02,  5.6538e-02,
         3.4190e-02, -4.7623e-02, -6.8130e-02, -3.0348e-02,  1.2830e-01,
        -2.9533e-02, -5.6707e-02,  3.6355e-02,  2.4023e-02, -3.7673e-03,
        -1.1937e-01,  6.8028e-02, -4.8776e-02, -3.0365e-03, -1.4768e-02,
         1.2336e-01,  3.6871e-03,  4.5851e-02, -2.0485e-02, -1.0547e-01,
        -1.5797e-02, -5.7668e-02,  5.6271e-03,  1.6294e-02, -6.6894e-02,
         1.9619e-02, -6.2361e-02, -1.5883e-03,  8.6971e-02, -3.9509e-02,
        -1.5460e-02, -1.0868e-02, -3.9407e-02,  3.9747e-02,  3.7461e-02,
        -9.2608e-03,  8.6132e-03,  1.0648e-02, -4.4421e-03,  2.6525e-02,
        -3.7876e-02, -2.7621e-02, -4.6141e-02,  4.1023e-02, -3.9653e-03,
        -8.1629e-02,  1.9386e-02,  4.1432e-02, -3.2734e-02,  4.6154e-02,
         2.8642e-02,  5.0752e-02, -1.0982e-03, -4.3125e-02,  1.5622e-02,
        -2.4658e-03,  3.8584e-02,  1.2886e-01, -2.7453e-02, -6.2118e-08,
         1.4002e-02,  2.9131e-02, -1.7604e-02, -4.0436e-02,  4.5858e-02,
        -3.2197e-02, -2.0102e-02,  5.0672e-02,  1.1572e-02,  6.7165e-03,
         6.8630e-02,  1.3650e-02,  3.1104e-02,  1.7675e-02, -7.0359e-02,
        -1.2086e-02,  2.3842e-02, -1.1597e-03, -1.4735e-03,  1.1951e-02,
        -5.2874e-02, -5.1169e-02, -1.3598e-02, -2.3317e-02,  2.2272e-02,
         4.1715e-02, -7.0246e-03, -1.9093e-02, -3.5475e-02,  3.0176e-02,
        -7.6611e-03, -7.7632e-03,  6.4502e-02,  2.1200e-02, -8.2591e-02,
        -7.7440e-02,  7.9017e-02,  7.3089e-02,  2.8987e-02,  1.0204e-02,
        -1.3272e-02, -1.9349e-02, -1.2049e-03, -6.0324e-03,  2.6796e-02,
        -4.6126e-02,  1.5754e-02, -2.5289e-02,  4.4525e-02,  4.8162e-03,
         7.5022e-02,  2.0424e-02, -5.0952e-02,  7.7412e-03,  6.4992e-02,
        -3.8919e-02, -3.7391e-02, -6.5816e-03, -4.5519e-02,  2.5768e-03,
        -6.0269e-02,  5.0755e-03, -2.7484e-02,  1.4030e-02], device='mps:0')"
The Shawshank Redemption,Music,"The film's score was composed by Thomas Newman. He felt that it already elicited such strong emotions without music that he found it difficult to compose one that would elevate scenes without distracting from them. The piece, ""Shawshank Redemption"", plays during Andy's escape from Shawshank and originally had a three-note motif, but Darabont felt it had too much of a ""triumphal flourish"" and asked that it be toned down to a single-note motif. ""So Was Red"", played following Red's release from prison, and leading to his discovery of Andy's cache, became one of Newman's favorite pieces. The piece was initially written for a solo oboe, until Newman reluctantly agreed to add harmonica—a reference to the harmonica Red receives from Andy to continue his message of hope. According to Darabont, harmonica player Tommy Morgan ""casually delivered something dead-on perfect on the first take"", and this is heard in the finished film. Newman's score was so successful that excerpts from it were used in movie trailers for years afterwards.","tensor([-6.8227e-02, -4.4720e-02, -6.5370e-02,  1.0530e-02,  7.8505e-04,
         7.5484e-02,  1.4129e-01, -2.3746e-02,  8.4102e-02, -6.3569e-02,
        -4.9212e-02,  6.6521e-02,  3.1216e-02,  4.5200e-02,  7.5424e-02,
         1.9646e-02,  4.7232e-02, -6.4827e-04, -3.0350e-02, -6.2008e-02,
         3.6299e-02,  2.1739e-02,  6.2055e-02, -7.1552e-02,  3.1577e-02,
         4.0986e-02,  1.6982e-02, -2.6039e-02, -4.5725e-02,  3.0316e-02,
         1.4722e-02, -3.2851e-03,  4.4152e-02, -7.9326e-02, -7.3981e-02,
         1.0525e-01,  3.9600e-02, -2.2387e-02,  4.5939e-02, -7.5799e-03,
        -6.9241e-02,  8.2898e-02,  3.0677e-02,  4.1547e-02,  3.6640e-02,
        -4.5371e-02, -3.2523e-02, -3.0518e-02,  3.7424e-02, -1.3150e-01,
        -1.9440e-02,  1.1687e-01, -5.1634e-02,  4.3816e-02,  2.5700e-02,
        -5.0637e-05,  1.7810e-02,  1.7470e-02, -5.4087e-02, -9.0293e-02,
        -9.0323e-02, -4.2601e-02,  5.3951e-02, -1.8989e-02,  6.4266e-02,
         2.5904e-02,  1.4001e-03, -6.7080e-02, -9.8632e-03,  1.9258e-02,
        -1.1021e-01,  1.5252e-02, -3.4365e-02, -1.7040e-02, -5.7042e-02,
        -8.2070e-02,  4.6990e-02,  9.8319e-02, -9.7284e-02, -3.3189e-02,
         9.6608e-04, -5.8660e-02, -2.0769e-02,  8.9831e-02,  1.0356e-02,
         9.0809e-02, -2.0560e-02,  3.2918e-02, -4.6101e-02,  3.0963e-02,
         1.0808e-02,  2.4865e-02, -2.6358e-02,  4.7884e-02,  1.7769e-02,
        -1.3086e-02, -2.1260e-02,  1.7872e-02, -3.4969e-02,  2.3380e-02,
         1.0697e-01, -4.6528e-02, -2.9290e-02, -6.0933e-02,  1.2070e-01,
        -1.2254e-02, -4.3974e-02,  2.9391e-02,  5.1466e-02, -4.9086e-02,
         3.5281e-02, -3.1492e-02,  5.8518e-02,  7.7297e-02, -3.0800e-03,
         6.7375e-02, -5.0564e-02, -3.2697e-03, -4.7701e-02,  3.4464e-02,
         7.1413e-02,  3.4544e-02, -2.4013e-02,  5.0484e-02, -6.6225e-02,
        -2.1607e-02, -2.7866e-03,  7.2021e-34, -8.9769e-03,  3.5054e-03,
         4.1552e-02, -2.3997e-02,  1.3062e-02, -4.4069e-02, -3.5479e-02,
         3.2849e-02,  3.0370e-02, -9.1420e-03, -2.9250e-03, -6.9856e-02,
         7.3515e-03, -1.9328e-02,  1.5276e-05,  2.6731e-02, -7.0625e-02,
        -5.8579e-02,  7.8736e-02, -9.2742e-03, -2.6854e-02,  1.4353e-02,
        -2.1874e-02, -2.4464e-02, -1.2368e-01,  2.1290e-02, -1.0690e-02,
         1.9759e-02, -3.8472e-02, -2.6206e-02, -5.2882e-02,  3.2480e-02,
         3.8680e-02,  2.2943e-02, -2.4857e-02, -8.4038e-02, -6.6410e-02,
         8.3424e-03, -3.9597e-02,  8.3793e-02, -5.1781e-02,  6.5417e-02,
        -7.8908e-02,  3.9862e-02, -3.5853e-02, -3.1441e-02, -2.7140e-02,
         9.6721e-02,  3.5435e-03,  1.2978e-01, -1.2457e-02,  8.6176e-02,
         1.3052e-01, -1.2130e-02, -1.2083e-01,  3.4192e-02,  5.4668e-02,
         7.8083e-03,  1.9516e-02,  5.8812e-02,  4.3578e-02, -3.4971e-02,
         4.3203e-02, -3.2466e-02, -8.2018e-02,  6.8265e-02,  2.9778e-02,
        -2.6356e-02, -5.4778e-02,  1.8609e-02, -9.0640e-02, -2.1187e-02,
         1.9321e-02, -5.3172e-02, -5.7258e-02, -5.4642e-02, -2.3582e-02,
         3.0379e-02,  7.0672e-02, -5.1297e-02, -2.1854e-02,  1.1304e-03,
        -3.4783e-02, -8.3347e-04, -9.0020e-02, -3.0743e-03,  6.6589e-02,
        -1.2276e-01, -6.1150e-02,  2.4844e-02, -5.2465e-03, -7.3166e-02,
        -8.1737e-02, -7.6356e-02,  2.9016e-02, -3.6400e-33,  6.8981e-02,
        -1.3917e-02, -1.2340e-01, -2.9662e-02, -8.8970e-03, -7.7993e-03,
         7.0022e-02,  6.2152e-03,  5.2038e-02,  9.9992e-03, -7.6896e-03,
         8.7799e-03,  1.3651e-02,  6.3710e-02,  3.6577e-03,  1.9481e-02,
        -7.2662e-02,  7.4909e-02,  2.2898e-02,  4.5288e-02,  3.3644e-02,
        -7.6133e-03,  1.3627e-02,  1.4929e-03, -2.5433e-02,  3.8978e-02,
        -2.5578e-03,  1.3205e-02, -7.0876e-02, -5.4841e-02,  7.3116e-02,
        -5.3579e-02, -8.4344e-02, -6.6847e-02, -4.8171e-02,  4.1260e-02,
         4.5297e-02, -8.1794e-02, -4.2175e-02,  3.6821e-02,  4.1257e-02,
        -6.8558e-03, -2.0538e-02,  7.1231e-02,  3.0321e-02,  6.1641e-03,
        -1.0308e-01,  5.7456e-02, -8.1429e-02,  9.3932e-03, -4.1295e-03,
         5.5425e-02,  9.3249e-03,  1.8604e-02, -4.7378e-02, -4.9269e-02,
        -2.4046e-02,  5.0555e-02,  1.9031e-03,  2.4260e-02, -1.1054e-01,
        -2.1891e-02, -1.1182e-02,  3.5249e-02,  6.8154e-02, -5.9261e-02,
         7.1598e-02, -4.2287e-02,  8.9976e-03,  3.2030e-02,  2.3342e-02,
        -4.2562e-02, -8.8258e-03, -4.3180e-02, -1.2252e-02,  1.4908e-02,
        -6.0338e-02, -5.5616e-02, -1.2170e-01,  5.1176e-03, -8.2242e-03,
         2.1461e-02,  2.4336e-02,  6.6985e-02, -2.9088e-02, -4.3695e-02,
         5.9166e-02,  2.2558e-02, -2.7697e-02, -2.0759e-02,  9.7382e-02,
         7.7945e-03,  2.6674e-02,  6.0707e-02,  1.5563e-02, -5.6205e-08,
        -1.0685e-01,  1.9791e-02, -1.4007e-01,  4.2215e-02,  7.1515e-02,
         4.8118e-02, -1.3464e-02, -2.4530e-02, -4.1124e-02,  1.1214e-02,
         3.4173e-02, -2.7356e-02, -4.3842e-02, -2.2721e-02, -8.7293e-02,
         2.7598e-02, -3.8102e-02, -5.2237e-03,  2.7166e-02,  9.7343e-03,
         5.0769e-02, -3.5071e-02, -7.8941e-03, -5.9164e-02,  5.1937e-02,
         3.6575e-02,  2.5676e-02, -5.3345e-02,  1.4380e-02,  3.8913e-02,
         1.3954e-03, -6.2036e-02,  5.0832e-02,  8.3388e-03, -9.7548e-03,
        -5.0474e-02, -2.2732e-02,  1.5872e-02,  8.6628e-02,  1.0014e-02,
        -4.7082e-02,  3.0285e-02, -3.4724e-02,  2.1184e-02,  4.6448e-02,
         3.3266e-02, -7.2308e-02, -4.2922e-02,  7.9031e-02,  4.5703e-02,
         8.2092e-02, -4.4953e-02, -3.8854e-02, -2.8589e-02,  2.7011e-02,
        -3.2487e-02, -5.1629e-02,  6.7025e-02,  8.0164e-03,  4.3104e-02,
         3.6752e-02,  6.7921e-02, -2.0769e-02, -3.8600e-02], device='mps:0')"
The Shawshank Redemption,Theatrical,"Leading up to its release, the film was test screened with the public. These were described as ""through the roof"", and Glotzer said they were some of the best she had seen. It was decided to mostly omit Stephen King's name from any advertising, as the studio wanted to attract a ""more prestigious audience"", who might reject a film from a writer known mostly for pulp fiction works such as The Shining and Cujo.
Following early September premieres at the Renaissance Theatre in Mansfield, and the Toronto International Film Festival, The Shawshank Redemption began a limited North American release on September 23, 1994. During its opening weekend, the film grossed $727,327 from 33 theaters—an average of $22,040 per theater. Following a Hollywood tradition of visiting different theaters on opening night to see the audiences view their film live, Darabont and Glotzer went to the Cinerama Dome, but found no one there. Glotzer claimed that the pair actually sold two tickets outside the theater with the promise that if the buyers did not like the film, they could ask Castle Rock Entertainment for a refund. While critics praised the film, Glotzer believed that a lackluster review from the Los Angeles Times pushed crowds away. It received a wide release on October 14, 1994, expanding to a total of 944 theaters to earn $2.4 million—an average of $2,545 per theater—finishing as the number-nine film of the weekend, behind sex-comedy Exit to Eden ($3 million), and just ahead of the historical drama Quiz Show ($2.1 million), which was in its fifth week at the cinemas. The Shawshank Redemption closed in late November 1994, after 10 weeks with an approximate total gross of $16 million. It was initially considered a box-office bomb, failing to recoup its $25 million budget, not including marketing costs and the cinema exhibitors' cuts.
The film was also competing with Pulp Fiction ($108 million), which also premiered October 14 following its Palme d'Or award win, and Forrest Gump ($330 million), which was in the middle of a successful 42-week theatrical run. Both films would become quotable cultural phenomena. A general audience trend towards action films starring the likes of Bruce Willis and Arnold Schwarzenegger was also considered to work against the commercial success of The Shawshank Redemption. Freeman blamed the title, saying it was unmemorable, while Robbins recalled fans asking: ""What was that Shinkshonk Reduction thing?"". Several alternative titles had been posited before the release due to concerns that it was not a marketable title. The low box office was also blamed on a lack of female characters to broaden the audience demographics, the general unpopularity of prison films, and the bleak tone used in its marketing.
After being nominated for several Oscars in early 1995, the film was re-released between February and March, earning a further $12 million. In total, the film grossed $28.3 million in the United States and Canada, and $45 million from other markets for a worldwide total of $73.3 million. In the United States, it became the 51st-highest-grossing film of 1994, and the 21st-highest-grossing R-rated film of 1994.","tensor([-1.8713e-02, -2.9139e-02, -9.3400e-02, -1.4813e-02, -1.3897e-02,
         2.8750e-02, -1.1673e-03,  1.1501e-02,  9.3361e-02,  2.0256e-03,
        -5.0587e-02,  1.9855e-02,  7.1790e-02,  5.2630e-02, -2.4473e-02,
        -1.0560e-02,  7.1214e-02, -1.5369e-02,  1.2947e-02,  1.3785e-02,
         3.0456e-02, -2.3986e-02,  4.2574e-02, -6.2052e-02,  1.1974e-02,
        -4.9136e-02, -1.8191e-02, -3.2791e-02, -5.3648e-02,  4.6784e-02,
         3.7401e-04, -4.3865e-02, -8.3737e-02, -3.1031e-02,  7.3646e-02,
         5.7940e-02,  9.6795e-03, -6.9824e-02, -9.9170e-03, -4.1525e-02,
         1.9488e-02,  6.2224e-02,  4.0531e-04,  1.0868e-02,  5.0261e-02,
        -8.1981e-02, -2.3148e-02, -7.4379e-02, -2.8268e-03, -7.5480e-02,
         8.4300e-03,  8.1982e-02, -2.5871e-02, -3.0471e-02,  6.7238e-03,
        -9.6758e-02, -1.7800e-02, -4.1435e-02, -5.1476e-03, -1.8227e-02,
        -6.5863e-02, -7.6931e-02, -4.7474e-03, -7.3302e-03,  2.0621e-02,
        -5.1687e-02, -2.2965e-02, -2.4564e-02,  7.7690e-03, -8.0617e-03,
        -7.4991e-02,  7.5158e-02,  1.3194e-02, -1.1514e-01, -9.8703e-02,
        -3.7337e-02,  4.9630e-03,  9.7837e-02, -6.4164e-02, -2.9499e-03,
         3.3738e-02, -1.0735e-01, -1.8435e-02,  5.3832e-02, -7.4779e-03,
         1.0101e-01,  4.7037e-02,  1.1434e-01, -1.1534e-02,  7.0781e-02,
         9.9975e-02,  4.9633e-02, -4.4577e-02,  5.7721e-02, -3.5312e-02,
        -8.3258e-02, -6.4599e-02,  2.0310e-02, -2.5905e-02,  2.4861e-02,
         4.2829e-02, -3.6842e-02,  1.9912e-02, -1.0133e-01,  3.1638e-02,
        -1.8926e-02,  1.5698e-02,  2.6865e-02, -2.7458e-02, -4.0012e-02,
        -4.7604e-02,  3.2163e-02,  3.6267e-02,  9.5585e-02,  3.6009e-02,
         1.1790e-01, -4.4382e-03, -3.2228e-02,  5.8131e-02, -8.6739e-03,
         7.7693e-02,  4.1792e-02,  7.9601e-02,  5.0242e-02, -1.0684e-01,
        -6.7419e-03,  7.8067e-03,  7.2584e-34, -3.4630e-02,  2.4225e-02,
        -2.4347e-02, -6.5024e-02, -2.8177e-02, -2.1342e-03, -4.4271e-02,
         3.4862e-02, -2.0157e-02, -1.9395e-02, -4.0479e-03, -6.1986e-02,
        -6.2166e-02, -4.4354e-02,  1.5407e-02,  6.6336e-03, -3.1349e-03,
        -4.1329e-03,  1.8465e-02, -6.0360e-02,  1.1062e-02, -1.3561e-02,
        -8.9646e-03,  6.6051e-02, -1.5301e-01,  9.2439e-03, -5.5155e-02,
         3.5878e-02, -2.9875e-02, -1.8037e-02, -2.3958e-02,  7.0334e-02,
         1.2706e-01, -2.7531e-02,  8.7541e-02, -2.1558e-02,  2.5682e-02,
        -3.1683e-02,  2.3618e-02,  2.8622e-02, -5.9551e-02, -3.2179e-02,
        -4.6540e-02,  1.4604e-02, -1.2484e-02,  3.7558e-02,  3.0720e-02,
         1.5058e-03, -8.3395e-02,  6.1215e-02, -3.5110e-02,  7.6910e-02,
         4.8043e-02, -4.6735e-02, -1.4847e-01,  2.3529e-02,  3.6469e-02,
        -1.2373e-01,  6.7674e-02,  3.6840e-02,  1.5904e-03, -2.4903e-02,
         3.1951e-02, -4.4532e-02, -1.2355e-01,  1.1815e-02,  8.2754e-02,
         5.4752e-02, -1.1838e-01,  8.2131e-02, -2.0808e-02, -2.6923e-04,
         4.4659e-02, -1.4567e-02,  8.9403e-02, -4.0226e-02, -4.5612e-02,
         6.3365e-02,  3.9537e-02, -1.2028e-02,  1.6847e-02,  2.3151e-02,
        -1.5676e-02, -6.1996e-02, -6.0685e-02,  4.5546e-02,  6.3183e-03,
        -3.3618e-02,  1.3803e-02,  2.4216e-02,  3.8712e-02,  2.7137e-02,
        -8.8710e-02, -1.1425e-02,  4.3748e-02, -3.9552e-33,  7.7772e-02,
        -4.8068e-02, -8.6099e-02, -5.2787e-02, -1.1509e-02,  6.9566e-02,
        -3.2338e-02, -2.1768e-02,  1.0461e-01,  1.5953e-02, -5.3358e-02,
         5.5300e-03,  3.4011e-02,  4.6792e-02,  4.6425e-03,  1.1167e-02,
        -6.1337e-02,  3.7062e-03,  1.0547e-02,  6.0199e-02,  3.5438e-02,
        -1.3015e-02, -4.1010e-02, -2.1984e-02,  4.9152e-02,  5.7342e-02,
        -1.0294e-02,  4.9701e-02, -2.5336e-02, -4.9720e-02,  3.0031e-02,
        -4.6299e-02, -4.9109e-02,  2.5106e-02, -2.8375e-02,  7.3174e-02,
         9.9729e-02, -6.6911e-02, -4.0895e-02,  2.4042e-02,  2.0327e-02,
         3.4680e-02, -6.3454e-02,  4.0487e-02,  3.7999e-02,  1.5109e-02,
        -2.2871e-02, -8.9128e-03, -2.5118e-02, -2.4373e-02, -7.4954e-02,
         7.1127e-02,  2.3546e-02, -1.0240e-02, -6.7226e-03,  2.7060e-02,
        -3.3246e-02, -1.2951e-02, -3.2305e-02,  1.2773e-02, -6.6691e-02,
        -3.4960e-02, -8.4034e-02,  2.3319e-02,  3.4823e-02, -3.7272e-02,
         4.9196e-02,  3.2332e-03,  2.1084e-03, -1.8362e-02, -2.0057e-02,
        -3.8266e-02, -1.1225e-02, -8.8567e-02, -4.0964e-02,  9.9741e-02,
        -2.5948e-02, -2.1949e-02, -4.9413e-02, -4.0326e-02,  5.9245e-03,
         6.8382e-02,  6.5924e-02, -6.3711e-02, -2.7050e-02,  2.2873e-03,
         1.2182e-01,  2.1668e-02, -8.3596e-02,  3.9309e-03, -5.7667e-03,
         1.3583e-02,  5.7627e-02,  2.5460e-02,  1.3591e-02, -5.9302e-08,
        -9.2623e-02,  5.8184e-02, -6.7361e-02,  5.0527e-03,  4.5860e-02,
        -5.0291e-02,  1.4471e-02,  1.0147e-01, -3.0098e-02,  3.5546e-02,
        -3.7555e-02, -7.6887e-02, -3.1814e-02,  1.6092e-02, -1.2282e-01,
         4.4652e-02,  9.1807e-03,  3.7639e-02,  6.0224e-02,  3.2085e-02,
         4.0183e-02, -1.8020e-02,  8.7697e-02, -6.9114e-02, -3.3723e-02,
         4.2580e-02, -7.6405e-02, -1.6452e-02,  1.7963e-02,  5.2444e-02,
        -4.3932e-03, -6.4755e-02,  1.2638e-02, -5.0824e-03, -1.6677e-02,
         3.5027e-02, -6.2705e-02, -5.5675e-02,  8.2528e-02,  3.0131e-02,
         3.6832e-02,  1.5723e-02, -1.3943e-02, -7.7498e-04,  1.2804e-02,
         6.8278e-02, -7.9625e-02, -1.0341e-01,  5.1716e-02,  9.1375e-02,
         8.0562e-02,  1.0087e-02, -3.4591e-02, -2.6579e-02,  7.6791e-02,
        -5.0701e-02,  2.1943e-02,  3.2175e-02, -6.2523e-03,  2.7649e-02,
         5.1363e-02, -9.7252e-02, -4.8168e-02,  4.4298e-02], device='mps:0')"
The Shawshank Redemption,Post-theatrical,"Despite its disappointing box-office returns, in what was then considered a risky move, Warner Home Video shipped 320,000 rental video copies throughout the United States in 1995. It went on to become the top rented film of that year.  Positive recommendations, repeat customer viewings, and being well received by both male and female audiences were considered key to the film's rental success.
Ted Turner's Turner Broadcasting System had acquired Castle Rock Entertainment in 1993, which enabled his television channel, TNT, to obtain the cable-broadcast rights to the film. According to Glotzer, because of the low box-office numbers, TNT could air the film at a very low cost, but still charge premium advertising rates. The film began airing regularly on the network in June 1997. Television airings of the film accrued record-breaking numbers, and its repeated broadcast was considered essential to turning the film into a cultural phenomenon after its poor box-office performance. Darabont felt the turning point for the film's success was the Academy Award nominations, saying ""nobody had heard of the movie, and that year on the Oscar broadcast, they were mentioning this movie seven times"". In 1996, the rights to The Shawshank Redemption were acquired by Warner Bros. Pictures, following the merger of its parent company Time Warner with the Turner Broadcasting System.
In the United Kingdom, the film was watched by 1.11 million viewers on the subscription television channel Film4 in 2006, making it the year's second most-watched film on subscription digital television.
By 2013, The Shawshank Redemption had aired on 15 basic cable networks, and in that year occupied 151 hours of airtime, rivaling Scarface (1983), and behind only Mrs. Doubtfire (1993). It was in the top 15% of movies among adults between the ages of 18 and 49 on the Spike, Up, Sundance TV, and Lifetime channels. Despite its mainly male cast, it was the most-watched movie on the female-targeted OWN network. In a 2014 Wall Street Journal article, based on the margins studios take from box office returns, home media sales, and television licensing, The Shawshank Redemption had made an estimated $100 million. Jeff Baker, then-executive vice president and general manager of Warner Bros. Home Entertainment, said that the home video sales had earned about $80 million. While finances for licensing the film for television are unknown, in 2014, current and former Warner Bros. executives confirmed that it was one of the highest-valued assets in the studio's $1.5 billion library. That same year, Gunton said that by its tenth anniversary in 2004, he was still earning six-figure residual payments, and was still earning a ""substantial income"" from it, which was considered unusual so many years after its release.","tensor([-2.0590e-02, -5.3598e-02, -3.6757e-02, -5.8607e-02,  6.0626e-02,
         5.4682e-02, -1.3697e-04, -1.0759e-02,  5.8794e-02, -3.6999e-02,
        -5.5841e-02,  1.4200e-01,  4.5582e-02,  6.9238e-02,  2.8579e-02,
        -6.2596e-02,  8.7975e-02,  5.8553e-03,  7.9705e-03, -3.5835e-02,
         4.3851e-02,  1.5593e-02,  1.5311e-05, -5.2371e-02,  4.0893e-02,
        -8.3726e-02, -4.3680e-02, -2.8297e-02, -5.7486e-02,  4.1499e-02,
        -6.0554e-03, -1.7057e-02, -5.7425e-02, -2.0558e-02, -3.8142e-02,
         1.0101e-02, -6.6528e-02, -8.3687e-02,  3.8136e-02, -2.2020e-02,
         2.6967e-02, -7.0247e-03,  1.8811e-02,  1.4101e-02, -8.7967e-03,
        -3.3627e-02,  6.4852e-02, -3.0902e-02, -6.3011e-03, -4.7151e-05,
        -3.6554e-02,  1.0952e-01, -2.6670e-02, -2.6924e-02, -1.9193e-02,
        -9.6529e-02, -3.7802e-02,  3.8407e-03,  7.4773e-03, -5.0200e-02,
        -6.1869e-02, -2.3544e-02,  2.1402e-02,  2.2497e-02,  2.0734e-02,
         6.4764e-02,  2.4915e-02,  6.9313e-03, -2.4079e-02, -5.1256e-02,
        -4.1870e-02,  1.1487e-01, -2.9034e-02, -1.3585e-02, -3.5963e-02,
        -1.7776e-02,  9.1698e-03,  8.2251e-02, -8.0141e-03, -4.7749e-02,
         1.3395e-02, -6.3134e-02, -2.5018e-02,  4.6835e-02, -1.5306e-02,
         7.1641e-02,  3.8367e-02,  1.2483e-01, -1.4008e-02,  8.6690e-02,
         5.3183e-02,  7.0578e-02,  4.5671e-02,  6.8066e-02, -4.0016e-02,
        -7.9683e-02, -7.1715e-02,  1.8531e-03,  6.5087e-03, -2.0765e-02,
         2.0949e-02, -7.1658e-02,  3.3688e-03, -1.1797e-01,  6.2037e-02,
        -4.7720e-02,  2.1803e-02,  2.1255e-02,  9.0188e-03,  4.2322e-02,
        -1.1483e-01,  4.1736e-02,  2.6439e-03,  1.3238e-02,  5.2173e-02,
         9.2976e-02, -1.9159e-02, -1.5309e-03,  5.1990e-02, -6.8169e-02,
         3.6250e-02, -9.1574e-03,  7.8723e-02, -3.8624e-02, -4.7487e-02,
        -1.5484e-02, -4.8054e-04, -2.8557e-35, -3.9551e-02,  5.8110e-02,
        -1.7097e-02,  2.6550e-04, -2.1281e-02,  8.5862e-02, -3.2320e-02,
         1.7633e-02, -3.8631e-02,  4.0266e-02, -1.5686e-02, -4.9482e-03,
        -4.0992e-02, -7.4596e-02,  1.9065e-02,  2.6457e-02, -5.2083e-02,
        -2.4434e-03,  2.9030e-02,  1.0936e-02, -1.2047e-02, -3.3758e-04,
         1.5263e-02,  7.2257e-02, -1.1943e-01, -6.4457e-02, -4.1729e-02,
         2.3757e-02,  1.2215e-02, -9.2885e-03,  1.7905e-02, -2.4925e-02,
         8.6745e-02, -4.9329e-02,  1.0549e-01, -1.2176e-01, -1.2807e-02,
        -2.5737e-02,  1.9796e-02,  5.9294e-02,  2.4137e-02, -1.5987e-02,
        -9.5238e-02, -2.1090e-02,  6.4970e-03,  1.3056e-02,  2.6214e-02,
         6.3909e-02, -1.0062e-01,  5.3745e-02,  2.3042e-02,  5.4263e-02,
         4.2015e-02, -4.8349e-02, -5.3069e-02,  1.9663e-02,  3.1563e-02,
        -7.3699e-02,  7.5680e-02,  2.6668e-02, -1.7715e-02,  9.7286e-03,
         6.6730e-02, -5.6656e-02, -1.0236e-01,  1.7923e-02,  1.1163e-01,
        -4.3322e-03, -8.3561e-02,  7.8238e-03,  3.7969e-02, -5.4830e-02,
        -5.1051e-02, -4.1088e-02,  6.4411e-02, -7.8250e-03, -7.8071e-02,
         1.3245e-02, -1.5884e-02, -1.4865e-02,  1.2493e-03,  3.1987e-02,
         6.7430e-02, -3.9735e-02, -1.4062e-02,  7.1081e-02, -8.4104e-03,
        -2.8238e-02,  3.8003e-02,  4.7500e-02,  9.2577e-02, -1.8649e-02,
        -6.0133e-02,  4.0183e-02,  1.0326e-01, -1.0375e-33, -1.2773e-03,
        -2.1566e-02, -4.9570e-02, -6.9679e-02, -3.6473e-02, -2.8294e-02,
         1.5291e-02, -1.6841e-02,  1.1561e-01, -2.2796e-02,  2.9615e-02,
        -6.5317e-02, -9.6768e-02,  7.8066e-02, -1.3142e-02,  1.7925e-02,
        -6.0276e-02, -6.7041e-02,  3.0235e-02,  6.6328e-02,  2.4989e-02,
        -6.4708e-03, -3.7232e-02,  7.2558e-02,  3.8960e-02,  4.6014e-02,
        -3.2318e-02,  7.8845e-02,  7.8140e-02, -2.2946e-02,  1.6176e-02,
         1.9566e-02, -5.8618e-02,  4.6445e-02,  6.0736e-03,  4.4853e-02,
         1.3745e-01,  2.3548e-02, -2.2812e-02,  4.6036e-03,  1.3718e-03,
         4.4383e-02, -8.9484e-02,  1.5474e-03, -8.1865e-03, -2.4295e-02,
        -3.6971e-02, -3.9914e-02, -7.9083e-02,  6.1149e-02, -6.6434e-02,
         2.7270e-02,  4.9282e-02, -4.9835e-02, -2.0831e-02,  5.3392e-02,
        -1.3014e-02,  9.1742e-02,  8.2744e-02,  1.6938e-02, -7.5556e-03,
        -3.6936e-02, -6.4914e-02, -3.2891e-02, -1.3875e-02,  3.7879e-02,
         8.0458e-02, -3.1238e-02,  1.0965e-02, -8.8673e-03, -4.9878e-02,
         4.2309e-03,  1.1903e-02, -7.7929e-02,  1.0807e-02,  1.0930e-01,
         2.3343e-02,  4.4128e-02, -6.8240e-02, -7.2247e-03, -2.3601e-02,
         8.3974e-02,  1.4046e-02, -5.4375e-02, -2.6447e-02, -3.0115e-02,
         1.0276e-01,  1.3161e-02, -6.6302e-02, -2.3359e-02,  6.0101e-03,
        -5.0421e-02, -2.2590e-02,  5.1177e-02,  6.8077e-02, -5.7637e-08,
        -1.3357e-01,  5.6475e-03, -3.4154e-02, -2.0967e-02, -9.5542e-03,
        -4.8367e-02,  7.6877e-02,  5.2367e-02,  7.1692e-02, -5.2231e-02,
        -2.8387e-02, -4.6738e-02, -6.3038e-02,  4.0424e-02, -8.7922e-02,
         4.9170e-02, -6.4275e-02,  1.5867e-03,  5.8049e-02,  8.0698e-02,
         9.1936e-02, -7.0270e-02,  1.0518e-01,  1.3764e-02,  2.6795e-02,
        -3.9139e-02, -2.3501e-02, -5.5083e-02,  2.7773e-02,  2.6749e-02,
        -1.7410e-02, -1.0315e-01, -2.2610e-02, -5.1722e-02, -7.8997e-04,
        -2.6875e-02, -2.8548e-02, -3.8197e-02,  1.1085e-01,  6.3077e-02,
         8.9145e-03,  7.7063e-03, -1.5099e-02, -1.9586e-02,  7.5588e-02,
         3.3673e-03, -6.2897e-02, -1.4250e-02,  5.0732e-02, -2.0257e-02,
         5.0612e-02,  3.6391e-02, -3.6558e-02, -9.4447e-02,  7.4364e-02,
        -6.1623e-02,  4.4045e-02,  3.2462e-02, -1.5537e-02,  2.4930e-02,
        -4.0956e-02, -4.5219e-02,  2.6742e-03, -4.1379e-02], device='mps:0')"
The Shawshank Redemption,Critical response,"The Shawshank Redemption opened to generally positive reviews. Some reviewers compared the film to other well-received prison dramas, including Birdman of Alcatraz, Cool Hand Luke, and Riot in Cell Block 11. Gene Siskel said that, like One Flew Over the Cuckoo's Nest, The Shawshank Redemption is an inspirational drama about overcoming overbearing authority. Audiences polled by CinemaScore gave the film an average grade of ""A"" on an A+ to F scale.
Entertainment Weekly's Owen Gleiberman said that Freeman makes the Red character feel genuine and ""lived-in"". Janet Maslin of The New York Times said that Freeman was quietly impressive, but lamented that Red's role in the film had limited range, restricted to observing Andy. She considered Freeman's commanding performance made him a much stronger figure than simply an observer. Maslin said that Freeman's performance was especially moving when describing how dependent Red had become on living within the prison walls. Variety's Leonard Klady suggested that Freeman had the ""showier"" role, allowing him ""a grace and dignity that came naturally"", without ever becoming banal, and The Washington Post's Desson Howe called Freeman a ""master"" of comedic and poignant cadence. Even Kenneth Turan's Los Angeles Times review, which Glotzer credited with derailing the film's box-office success, praised Freeman, saying his ""effortless screen presence lends Shawshank the closest thing to credibility it can manage"".
Of Robbins' performance, Gleiberman said that in his ""laconic-good-guy, neo-Gary Cooper role, [Robbins] is unable to make Andy connect with the audience"". Conversely, Maslin said that Andy has the more subdued role, but that Robbins portrays him intensely, and effectively depicts the character as he transitions from new prisoner to aged father figure, and Klady stated that his ""riveting, unfussy ... precise, honest, and seamless"" performance anchors the film. Howe said that while the character is ""cheesily messianic"" for easily charming everyone to his side, comparing him to ""Forrest Gump goes to jail"", Robbins exudes the perfect kind of innocence to sell the story. The Hollywood Reporter stated that both Freeman and Robbins gave outstanding, layered performances that imbued their characters with individuality, and Rolling Stone's Peter Travers said that the pair created something ""undeniably powerful and moving"". Gunton and Brown were deemed by Klady as ""extremely credible in their villainy"", while Howe countered that Gunton's warden was a clichéd character who extols religious virtues while having people murdered.
Maslin called the film an impressive directorial debut that tells a gentle tale with a surprising amount of loving care, while Klady said the only failings came when Darabont focused for too long on supporting characters, or embellished a secondary story. The Hollywood Reporter said that both the directing and writing were crisp, while criticizing the film's long running time. Klady said that the length and tone, while tempered by humor and unexpected events, would dampen the film's mainstream appeal, but the story offered a fascinating portrait of the innate humanity of the inmates. Gleiberman disliked that the prisoners' crimes were overlooked to portray them more as good guys. Turan similarly objected to what he perceived as extreme violence and rape scenes, and making most of the prisoners seem like a ""bunch of swell and softhearted guys"" to cast the prison experience in a ""rosy glow"". Klady summarized the film as ""estimable and haunting entertainment"", comparing it to a rough diamond with small flaws, but Howe criticized it for deviating with multiple subplots, and pandering by choosing to resolve the story with Andy and Red's reunion, rather than leaving the mystery. Ebert noted that the story works because it is not about Andy as the hero, but how Red perceives him.
Deakins' cinematography was roundly praised, with The Hollywood Reporter calling it ""foreboding"" and ""well-crafted"", and Travers saying ""the everyday agonies of prison life are meticulously laid out ... you can almost feel the frustration and rage seeping into the skin of the inmates"". Gleiberman praised the choice of scenery, writing ""the moss-dark, saturated images have a redolent sensuality; you feel as if you could reach out and touch the prison walls"". The Hollywood Reporter said of Newman's score, ""at its best moments, alights with radiant textures and sprightly grace notes, nicely emblematic of the film's central theme"", and Klady described it as ""the right balance between the somber and the absurd"".","tensor([-8.0439e-02, -5.7699e-02, -9.9794e-02, -2.0136e-03, -2.3072e-02,
         1.0691e-01,  1.1880e-01,  3.0621e-03,  1.0153e-01,  7.1206e-03,
        -4.5840e-02,  6.6232e-02,  5.1208e-02,  4.8588e-02, -9.2191e-03,
         3.6758e-02,  6.5138e-02,  6.0449e-03, -5.4639e-02, -4.0454e-02,
         4.6509e-02,  3.7823e-03,  7.1378e-02, -4.2819e-02, -6.9899e-02,
        -5.1016e-02, -7.4413e-02,  4.7236e-03, -8.1875e-02,  4.9236e-02,
         5.0197e-02,  1.9588e-03,  2.3306e-02, -1.0878e-02, -2.0175e-02,
         7.1301e-02,  6.1903e-02, -7.1579e-03,  2.2440e-02, -5.7574e-02,
         5.4193e-02,  1.0170e-01,  4.7917e-02,  2.9511e-02,  3.3228e-02,
        -8.2340e-02, -4.0417e-02, -3.6775e-02,  6.6010e-03, -6.9178e-02,
        -4.8972e-02,  5.6943e-02, -1.2653e-04,  1.9432e-02,  9.8937e-03,
         1.2990e-02,  2.2871e-02, -2.0734e-02, -4.3209e-02, -7.6928e-02,
        -1.0321e-01, -1.7713e-02,  3.8339e-02, -1.8500e-02,  6.9702e-02,
        -5.8345e-02, -5.6781e-02, -5.1442e-02,  5.2965e-02,  4.9547e-02,
        -9.8845e-03, -3.2226e-03,  6.4480e-02, -5.5033e-02, -1.7869e-02,
        -1.0328e-01, -7.5547e-02,  4.1374e-02, -9.5700e-03,  2.4933e-02,
        -3.8271e-02, -8.7501e-02, -8.9741e-03,  8.0318e-02, -2.1585e-03,
        -2.5093e-02,  1.8831e-02,  2.3582e-02, -1.9622e-02,  5.2842e-02,
         2.0058e-02,  8.5624e-02,  2.0260e-02,  1.3342e-02,  4.2493e-02,
        -7.0454e-02, -7.4770e-02, -3.7405e-02, -1.0736e-01, -2.7680e-02,
         3.5989e-02, -2.1703e-02, -4.4922e-02, -6.7298e-02,  7.6794e-02,
        -3.3373e-02,  3.3288e-02, -3.3204e-02, -2.1412e-02, -5.3503e-02,
        -9.5358e-04,  3.5525e-03,  5.3032e-02,  9.6999e-02,  3.7847e-02,
         7.1543e-02, -3.3479e-02, -4.0478e-02,  1.3741e-02,  5.6822e-02,
         9.8452e-02, -2.0757e-02,  8.2533e-03,  3.1305e-02, -2.8080e-02,
        -3.0891e-02, -7.7380e-02,  1.0900e-33, -1.0696e-02,  2.9650e-02,
         2.6099e-02,  1.5183e-02,  2.2501e-02,  4.4944e-02, -3.8785e-02,
        -3.6471e-03,  6.5647e-03, -1.1172e-02, -2.3198e-02, -5.8073e-02,
        -3.3116e-02,  1.9722e-02,  3.4806e-02,  1.7026e-02, -1.9102e-02,
        -3.3546e-02,  7.3336e-02, -4.8222e-03, -1.0951e-02,  1.7633e-02,
        -1.3343e-02, -7.8079e-03, -6.8672e-02, -1.9709e-02, -2.8406e-02,
        -1.3638e-02, -4.0913e-02,  1.7954e-02,  1.8958e-02,  6.4718e-02,
         1.1829e-02, -2.3986e-02,  2.0241e-02, -6.3014e-02, -1.5632e-02,
         2.1569e-02,  3.2676e-03,  7.4313e-02, -9.7934e-02,  3.9014e-03,
        -5.6490e-02,  2.7936e-02, -1.1695e-02, -1.3202e-02,  2.0590e-02,
        -1.7489e-02, -4.6171e-02,  8.2333e-02,  6.8418e-02,  2.5834e-02,
         1.0783e-01, -1.4897e-01, -1.2954e-01,  1.8258e-02,  1.3798e-03,
         2.1963e-02,  2.0461e-02,  9.2235e-02, -2.7370e-02, -9.3877e-02,
        -1.1655e-02, -2.0525e-02, -1.5468e-02, -3.7003e-02,  1.1373e-02,
        -1.8811e-02, -1.0691e-01,  9.5037e-02, -3.7790e-02, -3.0341e-02,
         2.1578e-02, -6.5752e-03, -5.0579e-02, -2.0100e-02,  9.5746e-03,
         1.7283e-02, -1.7566e-02, -4.8745e-02,  2.9117e-02, -1.8788e-02,
        -1.9844e-02, -2.9333e-02, -1.2318e-01, -6.6005e-02,  4.1325e-02,
         1.4880e-02,  6.8496e-02,  2.6736e-02,  8.2543e-02, -1.1328e-01,
        -3.4710e-03, -4.6272e-02,  1.1792e-02, -3.5604e-33, -5.5244e-02,
        -6.8317e-02, -1.6661e-01, -2.7978e-02, -2.2516e-02,  4.6393e-02,
        -3.1069e-02, -2.6387e-02,  8.9111e-02,  1.2058e-02, -4.6213e-02,
         8.4280e-02,  3.2641e-03,  3.7822e-02, -3.0763e-02,  3.1556e-02,
        -6.3437e-02,  3.5393e-02,  1.3877e-02,  8.3652e-02,  7.7856e-02,
         1.3874e-02, -1.4549e-02, -2.1970e-03, -7.3942e-02,  5.7800e-02,
        -5.4844e-02,  1.0265e-01,  1.1232e-02, -4.4956e-02,  2.7451e-02,
         8.2013e-03, -3.6421e-02,  5.6316e-02, -2.3459e-02,  6.2095e-02,
         5.7994e-02, -1.2464e-01,  1.4453e-02,  6.3449e-02,  5.0504e-02,
        -1.2394e-03, -3.7640e-02, -7.5576e-02,  6.7324e-02, -1.9036e-02,
        -1.7893e-02, -1.2270e-02, -8.1882e-02, -5.9573e-02, -1.3292e-01,
         4.1291e-02,  1.5985e-03,  2.1197e-02, -3.4592e-02, -7.5007e-02,
        -2.9570e-02,  4.6456e-02,  2.5581e-02, -1.3620e-03, -8.8596e-02,
         1.1790e-02,  2.7861e-02,  4.1308e-02, -2.7464e-03, -8.1219e-02,
         6.7149e-02, -4.5455e-02, -1.8610e-02,  1.0830e-02, -1.0787e-02,
         3.2386e-03,  2.1769e-02, -6.3177e-03, -1.9082e-02,  2.8793e-02,
         9.3045e-03, -1.2987e-02, -9.0096e-02, -1.6585e-02, -1.0422e-02,
         1.9809e-02, -1.6225e-02, -2.9585e-02,  3.7836e-02,  7.1717e-02,
         1.1300e-01,  4.0126e-02, -2.4271e-03, -2.0153e-02,  8.4014e-02,
        -4.7740e-02, -3.7304e-02,  3.1870e-03,  9.1850e-03, -6.1050e-08,
        -9.2332e-02,  2.5038e-02, -1.7410e-02,  1.1223e-02,  3.7858e-02,
         2.4532e-02, -4.3248e-02,  1.2760e-02,  1.1234e-02,  1.9126e-02,
         4.7156e-02, -9.3749e-02,  3.3041e-02, -3.9901e-02, -2.0928e-02,
         7.2673e-02, -3.0184e-02, -3.8493e-02,  4.4701e-02,  1.0128e-01,
        -3.3718e-02,  2.0831e-02,  3.1348e-02, -9.1480e-03, -1.6775e-02,
         2.0203e-02, -3.0462e-02, -9.1208e-02,  1.3005e-02,  8.1197e-02,
         3.3557e-02, -1.3298e-02,  5.4221e-02,  1.5722e-02, -9.3890e-03,
        -3.0844e-02,  6.0889e-02,  3.1903e-02,  6.7431e-02,  7.6351e-02,
         1.7070e-02,  2.1158e-02, -2.4904e-02, -6.9892e-03,  7.0142e-02,
         5.9508e-02, -5.5106e-02, -1.0826e-01,  5.3939e-02,  6.8641e-02,
         1.3975e-01, -1.7537e-02, -7.1402e-03, -8.1714e-03, -7.3893e-03,
        -1.6918e-02, -6.1436e-02, -3.0571e-02,  1.0494e-02, -2.5093e-03,
         7.8052e-02,  1.4613e-02, -9.3731e-02,  1.5019e-02], device='mps:0')"
The Shawshank Redemption,Accolades,"The film was nominated for seven Academy Awards in 1995, the most for a Stephen King film adaptation: Best Picture (Marvin), Best Actor (Freeman), Best Adapted Screenplay (Darabont), Best Cinematography (Deakins), Best Film Editing (Richard Francis-Bruce), Best Sound (Robert J. Litt, Elliot Tyson, Michael Herbick, and Willie D. Burton), and Best Original Score (Newman, his first Academy Award nomination). It did not win in any category. It received two Golden Globe Award nominations: Best Performance by an Actor in a Motion Picture for Freeman, and Best Screenplay for Darabont.
Robbins and Freeman were both nominated for Outstanding Performance by a Male Actor in a Leading Role at the inaugural Screen Actors Guild Awards in 1995. Darabont was nominated for a Directors Guild of America award in 1994 for Best Director of a feature film, and a Writers Guild of America Award for Best Adapted Screenplay. Deakins won the American Society of Cinematographers award for Outstanding Achievement in Cinematography, while producer Niki Marvin was nominated for a 1994 Golden Laurel Award by the Producers Guild of America.","tensor([-9.7536e-02, -1.0310e-01, -7.2402e-02, -6.5379e-02, -1.9503e-02,
         1.0236e-01,  3.8197e-02,  4.3779e-02,  4.9263e-02, -5.4530e-02,
        -1.1327e-01,  5.2151e-03,  9.7618e-03,  9.2263e-02, -9.9635e-02,
         3.6144e-02,  6.2169e-02,  3.0755e-02,  1.0289e-02, -7.7466e-02,
         1.1249e-02,  2.5771e-02, -1.4861e-02, -1.4641e-02,  2.1052e-02,
        -7.0005e-02, -1.3201e-02, -5.1483e-02, -8.8668e-02,  4.0009e-03,
        -2.4580e-02, -4.5014e-02, -2.1426e-02,  2.2643e-03, -1.1860e-01,
         2.3578e-02, -3.3346e-02,  4.3995e-03, -3.2119e-02, -1.1817e-01,
         1.1131e-02,  5.8694e-02,  7.7493e-03, -8.0592e-02,  1.0339e-01,
        -8.4005e-02, -5.1913e-02, -7.1124e-02,  1.7478e-02,  1.2850e-02,
        -9.3923e-02,  4.0124e-02,  1.3396e-02,  1.9907e-02, -3.0683e-02,
        -2.9484e-02, -3.9788e-02, -8.7882e-02,  1.7175e-03, -9.4422e-02,
        -7.7319e-02, -3.0483e-02,  4.3144e-02, -1.0805e-02,  8.2433e-02,
         4.4158e-02, -2.4850e-02, -4.4651e-02, -2.7594e-02,  2.0304e-02,
        -3.6199e-02,  1.7445e-02, -1.2287e-02, -7.1426e-02,  6.3838e-02,
        -2.6654e-02,  1.0563e-04,  9.7931e-02, -3.5117e-02, -5.4208e-02,
         8.2338e-02, -2.5351e-03,  5.5616e-03,  7.8097e-02, -6.2704e-03,
         4.0590e-02,  2.1103e-02,  2.8089e-02, -6.0839e-02,  5.0719e-02,
         6.3986e-03, -1.7651e-02,  4.0887e-04, -2.1244e-02,  1.3011e-03,
        -9.5064e-02, -2.5559e-02, -3.3945e-02,  7.5858e-02,  2.7948e-03,
         1.4790e-03, -1.6164e-02, -5.2250e-02, -1.2433e-01,  7.1402e-02,
         8.4541e-03,  9.9698e-02, -2.1659e-02,  1.1143e-02, -1.7917e-02,
        -8.9823e-03,  5.9627e-02,  1.6203e-02,  1.1313e-01, -2.8054e-03,
         5.4686e-02, -1.3688e-03,  9.6139e-05,  3.6445e-02,  4.3342e-02,
         1.1144e-02,  4.7590e-02,  2.1088e-02,  6.5645e-02, -6.0995e-02,
        -3.2282e-02, -2.2809e-02,  1.2333e-34,  3.4259e-02,  1.8077e-02,
         1.0272e-01, -4.3144e-02, -3.1270e-02,  1.5689e-02, -3.0580e-02,
         1.8753e-02, -2.1492e-02, -4.2495e-02, -2.1720e-02, -2.3654e-02,
        -2.8132e-02,  1.2602e-02,  4.2627e-02,  9.4493e-02,  1.0047e-02,
        -1.8044e-02, -1.4826e-03, -3.1995e-02, -3.9463e-02,  4.7571e-02,
        -4.5682e-02, -1.4506e-02, -1.8531e-02, -1.5158e-02, -2.0451e-02,
         2.1184e-02, -1.8331e-02, -4.5232e-03, -8.1295e-03,  1.8263e-02,
         2.6757e-02,  2.5063e-02,  8.9761e-02, -3.8387e-02, -2.5590e-02,
         3.5755e-02,  9.1264e-02,  9.0739e-03,  1.0012e-02,  4.8416e-02,
        -7.2582e-02, -9.0532e-03, -1.2524e-02,  5.4726e-02, -3.4944e-02,
         6.1836e-02,  5.1777e-04,  6.4964e-02,  3.4217e-03,  2.1334e-02,
         9.6467e-02, -1.4888e-02, -3.9280e-02, -1.7706e-03,  5.1777e-02,
        -2.9377e-02, -6.6057e-03, -2.6203e-03, -1.2647e-02,  4.8099e-02,
        -3.3786e-02, -1.2208e-03, -1.2392e-01, -1.3423e-02,  5.9979e-02,
         6.2823e-02, -5.7966e-02,  1.7206e-02, -4.5233e-02,  1.6118e-02,
        -1.7792e-02,  2.2377e-02, -9.2439e-04, -2.9567e-02, -2.4483e-02,
        -9.7302e-03,  2.4511e-02,  5.1237e-02, -5.2675e-02,  7.4865e-02,
        -1.0808e-01, -1.2028e-01, -1.0666e-02, -8.2623e-04, -1.5016e-02,
         7.1735e-03, -3.4604e-03,  8.1092e-02,  2.2318e-02, -2.3911e-02,
         6.9167e-03,  6.7807e-05, -2.3453e-02, -3.1438e-33,  3.8302e-02,
         3.0865e-02, -1.5583e-02,  3.0739e-03, -3.3062e-02, -8.7035e-03,
        -2.3238e-02,  7.4256e-03,  1.4196e-01,  6.1412e-03,  7.9741e-02,
         9.8921e-03,  4.8914e-02, -3.2508e-02, -1.2442e-03,  6.5256e-02,
        -7.9833e-02, -3.8472e-02, -2.3009e-02,  2.4375e-03,  1.0213e-01,
         4.3828e-02,  1.2934e-02, -3.7991e-02, -4.7284e-02,  3.4441e-02,
        -5.9131e-02,  1.5265e-01, -6.2581e-02, -3.1355e-02, -3.8804e-03,
         9.1063e-03, -6.4944e-02, -2.0677e-02, -1.0381e-02,  1.4197e-02,
         7.4650e-02, -9.5315e-02,  3.4148e-02,  7.0633e-02,  3.2393e-02,
        -3.1138e-03,  4.1028e-03,  5.9579e-02,  5.4222e-02,  4.5495e-02,
        -9.2881e-02, -2.3716e-02, -3.9062e-02,  1.7502e-02, -1.1890e-01,
        -2.8381e-02,  2.6758e-02,  7.1174e-02,  2.0582e-02,  3.1056e-02,
         3.2075e-02,  5.0470e-02,  4.9326e-02,  5.4126e-02, -5.9000e-02,
         1.2668e-02, -1.6775e-02, -1.2722e-01, -3.8491e-02, -4.1906e-02,
         1.6744e-02, -6.1179e-03, -1.1948e-02,  1.3794e-03, -8.4387e-03,
        -4.7618e-03,  6.9366e-02, -3.0025e-03, -9.2501e-02,  8.9751e-02,
         3.8136e-02,  9.0047e-04, -1.6159e-03, -7.4815e-02, -2.9533e-02,
         4.2851e-02,  1.0301e-02, -2.3710e-02, -5.2451e-02,  1.4158e-01,
         8.1243e-02, -4.8172e-02, -7.0631e-03,  7.8535e-02,  1.5758e-02,
        -3.4546e-02,  1.5363e-01, -1.9820e-02, -4.7999e-02, -4.7259e-08,
        -6.5954e-03, -8.3795e-04, -8.3691e-02, -3.4255e-02, -6.6622e-02,
        -3.1329e-02, -2.8979e-02,  7.7045e-02, -3.0925e-02,  1.4814e-02,
         1.5590e-02, -4.3751e-02, -4.0332e-02,  2.3921e-03, -3.2184e-02,
        -4.4461e-02,  1.6577e-02,  5.1826e-02,  1.8721e-02, -6.6911e-02,
         5.0786e-02, -1.3154e-02,  3.7209e-02,  4.1608e-02, -4.1969e-02,
        -2.0244e-02, -1.1959e-03, -1.6994e-01, -5.8092e-02,  6.9345e-02,
        -2.3137e-02,  4.5306e-02,  2.5440e-02,  1.7213e-03, -1.1519e-02,
        -6.1292e-02, -3.5186e-02, -4.4293e-02,  9.2222e-02,  9.3344e-03,
         5.1767e-02,  1.3334e-01, -7.5598e-02, -6.1085e-02,  3.9344e-02,
         4.5620e-02,  1.1780e-01, -1.8365e-03, -1.4273e-02,  4.6578e-02,
        -3.0445e-03, -3.3309e-02, -2.2015e-02, -2.0302e-02,  9.0928e-03,
        -5.8847e-03, -2.0669e-02, -4.4810e-02,  3.8842e-02, -1.8150e-02,
        -3.0826e-02, -1.2686e-02, -1.2214e-02,  2.3295e-02], device='mps:0')"
The Shawshank Redemption,Legacy,"Darabont later adapted and directed two other King stories, The Green Mile (1999) and The Mist (2007). In a 2016 interview, King said that The Shawshank Redemption was his favorite adaptation of his work, alongside Stand by Me.
The oak tree, under which Andy leaves a note for Red directing him to Zihuatanejo, became a symbol of hope for its role in the film, and is considered iconic. In 2016, The New York Times reported that the tree attracted thousands of visitors annually. The tree was partially destroyed on July 29, 2011, when it was split by lightning, and news of the damage was reported by U.S. and international publications. The tree was completely felled by strong winds on or around July 22, 2016, and its vestiges were cut down in April 2017. The remains were turned into The Shawshank Redemption memorabilia, including rock hammers and magnets.
The prison site, which was planned to be fully torn down after filming, became a tourist attraction. The Mansfield Reformatory Preservation Society, a group of enthusiasts of the film, purchased the building and site from Ohio for one dollar in 2000 and took up maintaining it as a historical landmark, both as its purpose as a prison and as the filming site. A 2019 report estimated the attraction to be earning $16 million in annual revenue. Many of the rooms and props remain there, including the false pipe through which Andy escapes, and a portion of the oak tree from the finale, after it was damaged in 2011. The surrounding area is also visited by fans, while local businesses market ""Shawshanwiches"" and Bundt cakes in the shape of the prison. According to the Mansfield/Richland County Convention and Visitors Bureau (later renamed Destination Mansfield), tourism in the area had increased every year since The Shawshank Redemption premiered, and in 2013 drew in 18,000 visitors and over $3 million to the local economy. As of 2019, Destination Mansfield operates the Shawshank Trail, a series of 15 marked stops around locations related to the film across Mansfield, Ashland, Upper Sandusky, and St Croix. The trail earned $16.9 million in revenue in 2018.
In late August 2014, a series of events was held in Mansfield to celebrate the film's 20th anniversary including a screening of the film at the Renaissance Theatre, a bus tour of certain filming locations, and a cocktail party at the reformatory. Cast from the film attended some of the events, including Gunton, Scott Mann, Renee Blaine, and James Kisicki. The 25th anniversary was similarly celebrated in August 2019. Guests included Darabont, Blaine, Mann, Gunton, Alfonso Freeman, Bellows, Rolston, Claire Slemmer, and Frank Medrano. Darabont stated that only at this event, the first time he had returned to Mansfield, was he able to realize the lasting impact of the film, stating, ""It is a very surreal feeling to be back all these years later and people are still talking about it.""","tensor([-1.3829e-02,  2.6211e-02, -1.6918e-02,  3.1901e-02,  6.9701e-02,
        -2.1026e-02,  2.7512e-02,  3.0836e-02,  9.6617e-02, -2.5809e-02,
        -7.8167e-02,  6.9377e-02,  3.8247e-02,  6.4324e-02, -2.8158e-02,
         3.8428e-03, -4.2084e-02,  5.8439e-02, -3.6126e-02,  2.9228e-02,
         4.4176e-02,  2.9027e-02,  5.4728e-02, -6.4050e-03, -4.1711e-02,
        -1.3985e-02, -7.3017e-03, -1.5604e-02, -3.4737e-02,  7.0764e-03,
         2.9402e-02, -4.1096e-02, -8.8229e-02,  1.4764e-02, -3.8737e-02,
         8.3749e-02,  7.0314e-02, -7.2386e-02,  1.2100e-02, -1.9143e-02,
        -2.4432e-02,  8.5627e-02,  5.6543e-02, -3.1450e-02, -3.5724e-03,
         6.4966e-03, -1.1804e-02, -6.7244e-02,  1.8590e-02, -6.9817e-02,
        -5.7530e-03,  3.1004e-02, -3.9101e-02,  3.3641e-03,  5.3751e-03,
        -8.0026e-02, -1.0045e-02, -7.3481e-02, -7.0687e-03, -4.7450e-02,
         2.6544e-02,  1.3229e-02, -2.2224e-04,  5.0857e-02,  4.5089e-02,
        -7.1048e-03, -2.8103e-02, -1.6080e-02,  4.4881e-02, -4.7494e-02,
        -3.5022e-02,  3.7881e-02, -2.2362e-02, -2.0633e-02, -3.0502e-02,
        -2.5102e-02,  2.4148e-02,  1.1461e-01, -4.7425e-02, -8.8224e-02,
        -4.3233e-02, -4.7084e-02,  5.0633e-02,  7.4824e-02, -2.7029e-02,
         1.3243e-01, -5.1333e-04,  1.1136e-01, -1.4418e-02,  3.6360e-02,
         1.3171e-01,  7.4732e-02,  8.3046e-04,  2.9921e-02, -2.6306e-02,
         1.9405e-02, -5.2472e-02,  1.9568e-02, -1.0920e-01,  2.8960e-02,
         1.8590e-02, -1.7050e-02, -4.7656e-03, -1.6296e-01,  2.6938e-02,
         6.6522e-03, -6.4161e-02, -2.6235e-02, -2.7591e-02, -4.6798e-03,
        -1.1137e-02,  8.1699e-03,  1.0764e-02,  1.6730e-01,  2.3924e-02,
         7.3944e-02, -7.2579e-03, -5.5422e-02, -4.7662e-02, -5.6687e-03,
         4.2270e-02,  6.6517e-03,  3.3180e-02,  8.1071e-02, -5.6753e-02,
        -1.9097e-02,  3.6999e-02, -1.5593e-33,  1.6871e-03,  4.6125e-03,
         8.5959e-03, -1.3766e-01,  6.7405e-02, -8.8763e-02, -5.6444e-03,
         4.0640e-02, -3.6273e-02,  2.8472e-02, -2.6310e-02, -8.2314e-02,
        -4.1094e-02, -1.4856e-01,  2.7153e-02, -2.6111e-02, -3.1457e-02,
        -2.9980e-02, -1.0794e-03, -5.4979e-02,  1.6788e-02,  9.2605e-03,
         4.2201e-03,  5.3413e-02, -9.5659e-02,  7.2743e-02, -4.3005e-03,
         6.9923e-02, -1.7660e-02, -1.9966e-02, -5.3738e-02,  3.9987e-02,
         5.5898e-02, -5.3417e-02,  1.8139e-02, -6.5746e-02, -2.0269e-02,
        -2.9923e-02,  6.4015e-03,  1.7905e-02, -1.6769e-02, -4.0773e-02,
        -1.9171e-02,  5.7898e-02,  3.0251e-03,  7.1830e-03,  4.4690e-02,
         5.4723e-02, -5.8543e-02,  1.3940e-02, -4.6344e-02,  7.4094e-02,
         5.1097e-02, -5.1350e-02, -1.5122e-01,  3.5963e-02,  1.1647e-02,
        -6.3961e-02,  8.1294e-02,  2.4831e-02,  7.6827e-02, -2.0884e-03,
         4.6629e-02, -1.0449e-02, -6.5593e-02, -7.5589e-03,  4.5053e-02,
         6.2120e-02, -8.3303e-02,  3.5518e-02,  2.8810e-04, -6.0784e-02,
        -1.8627e-02, -1.7497e-02,  7.4218e-03, -6.6198e-02, -3.7132e-02,
         4.1242e-02, -5.2316e-03,  4.4008e-02, -1.3366e-02, -2.1042e-03,
         6.5440e-03,  2.8107e-03, -1.2517e-02, -3.9329e-02,  7.5830e-02,
        -4.6757e-02, -7.4274e-03,  2.5475e-02,  4.8559e-02, -9.4844e-03,
        -3.3830e-02, -6.8462e-02,  3.9483e-02, -2.0139e-33,  2.8961e-02,
        -8.8382e-02, -1.9551e-02, -4.7095e-02, -1.6205e-02,  3.3543e-02,
        -8.4004e-02, -9.1512e-03,  7.9627e-03, -1.3172e-02, -4.6138e-02,
         6.8123e-02,  1.1303e-02,  2.9129e-02, -1.1580e-02,  2.6290e-02,
         1.4892e-03,  4.4863e-02, -5.1832e-02,  3.4120e-02,  3.8618e-02,
         5.4248e-04, -9.0238e-02,  8.8863e-03,  2.3611e-02,  6.8287e-03,
         5.6292e-02,  2.6797e-02, -1.4613e-02, -5.7130e-02,  5.7144e-02,
        -7.0606e-02, -7.4817e-02, -2.7976e-02, -6.5322e-02, -4.2170e-03,
         6.1998e-02, -1.6466e-01, -3.2127e-02,  5.4905e-02,  5.3439e-02,
         3.2505e-02, -5.5175e-02,  5.5975e-02,  1.2075e-02,  3.1047e-03,
        -9.3837e-02,  7.6733e-02, -1.2024e-02, -3.4459e-02, -1.8596e-02,
         8.8674e-02,  8.6061e-02,  1.8761e-02,  3.5911e-02,  5.7576e-02,
        -1.4589e-02,  1.0111e-02, -1.2691e-02, -3.0290e-02, -1.4498e-01,
        -5.3593e-02, -6.6938e-02, -2.0425e-02,  4.9276e-02, -7.3704e-02,
         1.6974e-02, -2.0562e-02, -5.9617e-02, -3.1332e-02,  4.8132e-02,
        -1.2793e-02, -4.0043e-02, -6.9206e-02, -1.1530e-02,  4.9506e-02,
         1.6766e-02, -3.1657e-02, -1.1799e-01, -2.7211e-02,  1.4624e-02,
         8.3021e-02,  3.4152e-03, -6.0276e-02,  2.6597e-02, -2.3508e-02,
         7.3867e-02,  7.2279e-02, -2.2418e-02, -5.8353e-02,  3.8012e-02,
        -2.0741e-02,  2.0542e-02,  9.9875e-02,  2.1858e-02, -5.3159e-08,
        -1.5801e-01,  7.4855e-02, -4.1004e-02, -1.0438e-02,  2.3779e-02,
        -1.7137e-02,  5.3535e-02,  8.8783e-02, -1.2502e-01,  1.3554e-02,
        -1.5329e-02, -4.1672e-02, -4.0605e-03,  5.9529e-02, -5.1854e-02,
         1.7827e-02,  1.1275e-02,  8.5103e-03,  3.2700e-02,  3.9499e-02,
         7.4274e-02, -9.1444e-02,  4.1948e-02,  1.5187e-02,  2.1583e-03,
         3.3119e-02, -2.1602e-02, -3.3552e-02, -1.7689e-02,  3.1735e-02,
         1.3682e-02, -1.5646e-02,  5.1866e-02,  2.1765e-02, -3.8058e-02,
         6.5691e-03, -5.5621e-02,  5.7980e-02,  7.9314e-02, -3.5120e-02,
         3.3738e-02,  1.0455e-02, -2.9343e-03,  2.9019e-02, -8.5846e-03,
         3.5293e-02, -2.6557e-02, -1.5761e-02,  7.4883e-02,  5.0171e-02,
         4.7956e-02, -1.7982e-02,  1.4742e-02, -2.9908e-02,  1.0063e-01,
        -6.4000e-02, -2.7205e-02,  4.2988e-03,  2.0742e-02, -3.0478e-03,
         1.1788e-01, -9.4973e-02, -1.1957e-02,  3.2100e-02], device='mps:0')"
The Shawshank Redemption,Critical reassessment,"Contemporary review aggregation website Rotten Tomatoes gives the film an 89% approval rating from 146 critics, with an average rating of 8.3/10. The consensus reads, ""Steeped in old-fashioned storytelling and given evergreen humanity by Morgan Freeman and Tim Robbins, The Shawshank Redemption chronicles the hardship of incarceration patiently enough to come by its uplift honestly."" The film also has a score of 82 out of 100 on Metacritic based on 22 critics indicating ""universal acclaim"".
In 1999, film critic Roger Ebert listed Shawshank on his list of The Great Movies. The American Film Institute ranked the film number 72 on its 2007 AFI's 100 Years...100 Movies (10th Anniversary Edition) list, outranking Forrest Gump (76) and Pulp Fiction (94) which were released the same year. It was also number 23 on AFI's 100 Years...100 Cheers (2006) list charting inspiring films.
In 2005, the Writers Guild of America listed Darabont's screenplay at number 22 on its list of the 101 greatest screenplays, and in 2006, Film4 listed it number 13 on its list of 50 Films to See Before You Die. In 2014, The Shawshank Redemption was named Hollywood's fourth-favorite film, based on a survey of 2,120 Hollywood-based entertainment industry members; entertainment lawyers skewed the most towards the film. In 2017, The Daily Telegraph named it the 17th-best prison film ever made, and USA Today listed it as one of the 50 best films of all time. In 2019, GamesRadar+ listed its ending as one of the best of all time.
The Shawshank Redemption appeared on several lists of the greatest films of the 1990s, by outlets including: Paste and NME (2012), Complex (2013), CHUD.com (2014), MSN (2015), TheWrap, Maxim, and Rolling Stone (all 2017).","tensor([-8.1545e-02, -1.0718e-01, -8.7601e-02,  3.3248e-02, -5.7398e-03,
         1.1184e-01,  8.3388e-03,  3.2310e-02,  8.9277e-02, -8.6885e-03,
        -5.1702e-02,  9.7731e-02,  5.7769e-02,  1.0049e-01, -4.4390e-02,
         4.0664e-02,  7.1624e-02, -3.7932e-02,  2.2361e-02, -4.8674e-02,
         4.5703e-02,  3.8377e-02,  8.4973e-02, -2.7239e-02,  2.2088e-02,
        -1.0796e-01, -2.6601e-02, -3.6288e-02, -8.0167e-02,  8.9221e-02,
         6.7986e-04,  5.4496e-02, -4.0084e-03, -2.2304e-02, -9.5119e-02,
        -9.5285e-03,  6.0182e-02, -2.0909e-02, -2.4157e-02,  1.5568e-02,
        -3.4300e-03,  2.7570e-02,  5.9871e-02, -2.4192e-02,  1.0041e-01,
        -8.2503e-02, -7.5166e-02, -7.2905e-02,  2.0704e-02, -3.7099e-03,
        -6.3080e-02,  6.3766e-02, -1.3288e-02, -2.2003e-02, -5.7814e-02,
        -1.0623e-01,  6.9026e-04, -2.5852e-02, -2.7606e-02, -6.6768e-02,
        -1.8167e-02, -7.3504e-02,  2.1767e-02, -1.8047e-02,  3.9466e-02,
        -1.6491e-02, -1.5702e-02,  1.9455e-02, -8.2491e-03,  2.9884e-02,
        -8.5274e-02,  4.1748e-02,  4.6134e-02, -2.0701e-02, -5.5715e-02,
        -2.8990e-02, -3.0634e-02,  7.6375e-02, -3.6478e-02, -1.2168e-01,
         1.4701e-02, -6.2761e-02, -9.4156e-03,  6.0519e-02, -2.2396e-02,
         5.2962e-02,  9.6591e-02,  1.1337e-01, -9.9693e-02,  8.8083e-02,
         6.8015e-02,  6.2556e-02,  1.5172e-02,  3.3198e-02, -3.3020e-02,
        -1.8211e-02, -9.7257e-02,  2.5562e-02, -4.0008e-02, -3.4575e-02,
         4.8139e-03,  9.3510e-03, -7.4394e-02, -9.3681e-02,  1.1309e-01,
         5.6046e-04,  5.6792e-02,  1.7916e-02,  3.8497e-02, -2.8371e-02,
        -3.5932e-02,  7.7426e-02,  2.9380e-02,  8.5399e-02,  5.2808e-02,
         7.1231e-03,  3.7943e-02, -1.3274e-02,  6.5905e-02,  8.7572e-02,
         4.5554e-02,  3.2828e-02,  6.2927e-02, -7.0355e-04, -1.2011e-02,
         8.0171e-03,  4.1598e-02, -1.0351e-33,  2.2844e-04,  1.0784e-02,
         6.0294e-02, -6.5071e-02, -6.4595e-02, -3.3864e-02, -2.8413e-02,
        -2.3015e-03, -4.4713e-02,  8.4277e-03, -5.1293e-02, -1.9429e-02,
        -4.4857e-03, -1.2238e-02,  4.3986e-02, -2.4697e-02, -1.3363e-02,
         8.7046e-03,  4.6937e-02, -5.1702e-02, -1.5532e-02, -1.5563e-02,
         1.5959e-02, -3.1856e-02, -8.5645e-02, -9.6028e-03, -5.5498e-02,
         6.7446e-02, -7.0068e-02, -1.0257e-02, -4.4103e-02,  5.5310e-02,
         6.8554e-02, -9.9342e-02,  1.7452e-02, -8.4099e-02, -5.6226e-02,
         2.5762e-02,  5.7774e-02,  4.3265e-02, -5.9523e-02,  8.5670e-04,
        -7.9882e-02,  1.4322e-02,  2.5549e-02,  4.9654e-02,  3.1126e-02,
         3.3254e-02, -4.9621e-02,  7.4959e-02, -4.7912e-02,  5.8123e-02,
         4.7786e-02,  3.5137e-03, -1.2777e-01,  1.3493e-02,  1.6626e-02,
        -4.5049e-02,  2.5464e-02, -1.1080e-02,  2.3709e-02,  1.2364e-02,
        -8.7076e-02, -9.8336e-02, -8.9641e-02,  9.9021e-02,  6.6590e-02,
         7.8416e-02, -6.2009e-02,  8.2342e-02, -2.1466e-02, -2.6330e-02,
        -6.0069e-02,  2.3636e-03,  7.4931e-02, -1.9986e-02,  6.2908e-02,
         4.8777e-03, -3.4438e-04, -2.1833e-02, -1.0122e-02, -2.0856e-03,
        -3.3667e-02, -5.5438e-02, -1.9977e-03,  5.8512e-03,  3.2670e-02,
        -4.7795e-02,  1.4137e-02, -4.8177e-03,  2.1601e-02, -4.3553e-02,
         2.7405e-02,  2.2131e-02,  4.0728e-02, -1.0469e-33,  1.9937e-02,
        -1.7752e-02, -6.3488e-02, -1.2536e-02, -4.5045e-02,  3.7147e-03,
        -1.0073e-01,  4.2128e-02,  6.9481e-02, -5.4738e-03,  2.4516e-02,
        -6.5674e-03,  3.4567e-02,  5.3684e-02,  6.0000e-03,  4.6631e-02,
        -1.0041e-01, -2.3659e-03, -2.7740e-02,  3.6413e-04,  6.7455e-02,
         4.6655e-02, -3.1299e-02,  3.1309e-04,  4.1134e-02,  1.8561e-02,
        -3.6557e-02,  1.9939e-02,  9.0728e-03, -7.1685e-02,  7.4235e-02,
        -2.5505e-02, -3.0138e-02,  5.3953e-02, -4.9957e-02, -8.3831e-02,
         3.9717e-02, -1.3971e-01, -2.0268e-02,  6.3604e-02,  1.7236e-02,
         5.1808e-02, -5.9210e-02, -4.3127e-02, -6.5985e-03,  3.3091e-03,
        -4.7742e-02,  8.4696e-03, -5.0801e-02,  9.6526e-03, -9.7498e-02,
         4.5298e-02,  4.2545e-02,  3.8016e-02, -3.1246e-02, -1.8627e-02,
        -4.6792e-02,  4.7059e-02,  3.1520e-02, -1.7940e-02, -5.9519e-02,
         3.5386e-02,  7.3982e-03,  9.5640e-03,  3.3040e-02, -4.1448e-02,
         6.4098e-02,  4.8134e-03, -5.9324e-02, -4.9818e-02, -2.9755e-02,
        -2.9730e-02, -8.2455e-02, -6.3552e-02, -5.1054e-02,  7.9860e-02,
         1.9904e-02, -4.5088e-02, -1.0236e-01, -1.5244e-02,  2.9358e-02,
         7.6044e-02,  1.8440e-02, -3.0748e-02, -4.2717e-02,  4.6632e-02,
         1.1603e-01,  2.5035e-02,  5.0848e-03,  4.8151e-02,  3.6266e-02,
        -5.3338e-02,  2.7662e-02,  6.2481e-03,  1.6474e-02, -4.5015e-08,
        -9.8327e-02,  4.6078e-02, -1.8423e-02,  2.9129e-02,  1.6902e-02,
         6.8738e-03, -2.4977e-02,  1.4762e-01, -4.2688e-02,  1.9472e-02,
         6.9739e-02, -4.8150e-02, -9.0810e-02,  1.1736e-02, -7.1200e-02,
        -3.4874e-02,  3.6592e-02,  4.8139e-02,  6.9111e-02,  1.9435e-02,
         1.5035e-02, -4.2647e-02,  1.0636e-01, -8.2608e-03, -3.3583e-02,
         1.0016e-03, -7.0834e-03, -7.6758e-02,  3.6157e-03,  2.3362e-02,
         4.1655e-02, -4.5024e-02, -1.2911e-02,  1.6482e-02, -4.2561e-02,
         3.5443e-03, -2.4292e-02,  1.9177e-02,  3.6360e-02,  2.9153e-02,
         3.1657e-02, -1.1662e-02, -3.4733e-02,  9.8370e-03,  4.5255e-02,
         1.9937e-02, -7.2685e-03, -7.9741e-02,  3.2561e-02,  1.9161e-02,
         8.5427e-02, -2.0264e-02, -2.3888e-02, -3.2143e-02,  6.9373e-02,
         1.5540e-02, -8.1655e-02,  1.5847e-02, -3.1405e-02, -1.1847e-02,
         8.3313e-02, -5.0153e-02,  7.3968e-02,  7.8137e-03], device='mps:0')"
The Shawshank Redemption,Cultural influence,"In November 2014, the Academy of Motion Picture Arts and Sciences celebrated the film's 20th anniversary with a special one-night screening at the Samuel Goldwyn Theater in Beverly Hills, California. In 2015, the film was selected by the United States Library of Congress to be preserved in the National Film Registry for being ""culturally, historically, or aesthetically significant"". Darabont responded: ""I can think of no greater honor than for The Shawshank Redemption to be considered part of our country's cinematic legacy."" Variety said that the word ""Shawshank"" could be used to instantly convey images of a prison.
The significant and enduring public appreciation for the film has often been difficult for critics to define. In an interview, Freeman said, ""About everywhere you go, people say, 'The Shawshank Redemption—greatest movie I ever saw'"" and that such praise ""Just comes out of them"". Robbins said, ""I swear to God, all over the world—all over the world—wherever I go, there are people who say, 'That movie changed my life'"". In a separate interview, Stephen King said, ""If that isn't the best [adaptation of my works], it's one of the two or three best, and certainly, in moviegoers' minds, it's probably the best because it generally rates at the top of these surveys they have of movies. ... I never expected anything to happen with it."" In a 2014 Variety article, Robbins claimed that South African politician Nelson Mandela told him about his love for the film, while it has been cited as a source of inspiration by several sportsmen including Jonny Wilkinson (UK), Agustín Pichot (Argentina), Al Charron (Canada), and Dan Lyle (US), as well as Sarah Ferguson. Gunton said he had encountered fans in Morocco, Australia, South America, Germany, France, and Bora Bora. Director Steven Spielberg said that the film was ""a chewing-gum movie—if you step on it, it sticks to your shoe"". Speaking on the film's 25th anniversary, Darabont said that older generations were sharing it with younger generations, contributing to its longevity.
It has been the number-one film on IMDb's user-generated Top 250 since 2008, when it surpassed The Godfather, having remained at or near the top since the late 1990s. In the United Kingdom, readers of Empire voted the film as the best of the 1990s, the greatest film of all time in 2006, and it placed number four on Empire's 2008 list of ""The 500 Greatest Movies of All Time"" and their 2017 list of ""The 100 Greatest Movies"". In March 2011, the film was voted by BBC Radio 1 and BBC Radio 1Xtra listeners as their favorite film of all time. It regularly appears on Empire's top 100 films, was named the greatest film to not win the Academy Award for Best Picture in a 2013 poll by Sky UK (it lost to Forrest Gump), and ranked as Britain's favorite film in a 2015 YouGov poll. When the British Film Institute analyzed the demographic breakdown of the YouGov poll, it noted that The Shawshank Redemption was not the top-ranked film in any group, but was the only film to appear in the top 15 of every age group, suggesting it is able to connect with every polled age group, unlike Pulp Fiction which fared better with younger voters, and Gone with the Wind (1939) with older voters.
A 2017 poll conducted by Gatwick Airport also identified the film as the fourth-best to watch while in flight. When English film critic Mark Kermode interviewed a host of United States moviegoers, they compared it to a ""religious experience"". It was also voted as New Zealand's favorite film in a 2015 poll. Lasting fan appreciation has led to it being considered one of the most beloved films of all time.","tensor([-3.8806e-02, -9.0993e-04, -5.7651e-02, -1.2385e-02,  5.4188e-02,
         7.1228e-02,  4.3931e-02, -1.4740e-02,  1.2295e-01, -8.6341e-02,
        -7.0907e-02,  7.6838e-02,  6.8715e-02,  9.5668e-02, -1.4489e-02,
         2.3424e-02,  7.7927e-02, -2.2645e-02, -3.0812e-02, -1.4327e-02,
         5.1025e-02,  2.3916e-02,  8.6116e-02,  3.8773e-03, -6.2874e-02,
        -7.1133e-02, -3.8544e-03, -2.3876e-02, -9.5360e-02,  8.8120e-02,
         4.7206e-03,  1.6264e-02, -3.6993e-02, -2.4387e-03, -4.2444e-02,
         6.1469e-02,  1.8998e-02, -2.3346e-02, -1.0033e-02, -4.1569e-02,
        -3.5850e-02,  4.2205e-02,  5.2958e-02, -3.5507e-02,  6.4265e-02,
        -7.7299e-02, -1.1917e-02, -1.0234e-01, -2.3667e-02, -3.7582e-02,
        -7.5216e-02,  5.9244e-02, -4.4617e-03, -4.3169e-02, -1.4529e-02,
        -5.1849e-02,  1.9025e-02, -3.7373e-02, -2.5296e-02, -3.4513e-02,
        -4.6955e-02, -7.0993e-02,  2.8369e-02,  4.6286e-02,  4.8175e-02,
        -1.4483e-02,  2.3643e-02,  3.9444e-03, -6.6666e-03, -3.7649e-02,
        -1.0112e-01,  4.3323e-02,  3.9833e-02,  1.1468e-02, -7.9391e-02,
        -7.4307e-02, -2.7871e-02,  8.5527e-02, -6.1333e-03, -6.5912e-02,
         1.8168e-02, -9.8510e-02,  1.1944e-02,  4.6968e-02, -3.4198e-02,
         6.8009e-02,  4.1576e-02,  5.3174e-02, -2.7600e-02,  4.2326e-02,
         3.5929e-02, -2.3329e-03, -8.0782e-03,  2.3231e-02,  5.2192e-03,
        -8.0557e-02, -8.7036e-02, -1.7286e-02, -4.4123e-02,  9.5504e-03,
         2.9187e-02,  1.1976e-02, -2.3301e-02, -1.0460e-01,  6.6873e-02,
        -2.4333e-02,  2.0562e-02, -7.4398e-03, -5.1472e-02, -3.8925e-02,
        -2.1549e-02,  7.2122e-02,  6.9147e-02,  9.2014e-02,  6.6307e-02,
         9.2022e-02,  1.7521e-02, -1.6710e-02,  6.3304e-02,  4.0819e-02,
         1.4894e-02,  2.0086e-02,  2.5351e-02,  2.6442e-02, -8.8694e-02,
        -5.5205e-02,  1.8062e-02, -2.1287e-33, -3.7004e-02,  3.6744e-02,
         5.1693e-02, -3.9074e-02, -9.1865e-03, -6.4115e-02, -3.2571e-02,
        -1.2699e-02, -2.6129e-03, -3.0273e-02,  4.3897e-02, -4.5712e-02,
         1.4729e-02, -2.2090e-02,  3.6660e-03,  5.6388e-02, -1.0277e-01,
        -7.6563e-03,  6.1888e-02, -1.9047e-02, -6.3904e-03,  2.2792e-02,
         6.8405e-03, -2.0882e-02, -1.3555e-01, -3.2954e-02, -7.8653e-03,
         2.9514e-02, -4.4928e-02,  6.1232e-03, -3.3416e-02,  7.3922e-02,
         6.7641e-02, -1.0344e-01,  8.9582e-02, -8.3302e-02, -1.1045e-02,
        -1.5610e-03,  3.8927e-02,  4.3569e-02, -3.9744e-02, -2.7892e-02,
        -8.0632e-02,  4.5336e-02,  9.5960e-03,  8.1236e-02,  6.6205e-02,
         3.5512e-02, -8.9616e-02,  1.0964e-01,  1.8824e-03,  5.7007e-02,
         2.7978e-02, -1.0545e-01, -1.4312e-01,  4.0423e-02,  1.3559e-02,
        -8.0935e-02,  4.8166e-02, -9.7577e-03,  3.4181e-02, -2.0877e-02,
        -1.5021e-02, -1.6009e-03, -3.7427e-02,  3.4396e-02,  6.0215e-02,
         4.6648e-02, -8.1599e-02,  7.8466e-02, -2.8945e-02, -2.1803e-02,
         1.2824e-02,  1.6091e-02,  4.9907e-02, -4.0169e-02, -1.1480e-02,
         4.2329e-02,  3.4575e-02, -7.0990e-03, -4.5253e-02, -1.7399e-02,
        -4.1051e-02, -6.1621e-02, -2.5890e-02,  2.6997e-02,  5.7818e-02,
        -7.8766e-02,  4.6669e-02,  3.1303e-02,  2.3551e-02, -4.1877e-02,
        -1.1029e-02, -1.4937e-02, -6.9240e-03, -9.5342e-34,  4.7826e-02,
        -7.1906e-02, -7.0656e-02,  6.3428e-05, -4.5627e-02,  1.3556e-02,
        -4.7920e-02,  1.8671e-02,  1.1382e-01,  3.6789e-02, -8.2078e-03,
         3.1222e-02,  5.1300e-02,  9.6620e-04,  2.3059e-02, -4.3045e-03,
        -8.3648e-02, -2.0689e-02, -4.8223e-02,  5.3503e-02,  5.3829e-02,
         3.6992e-02, -2.8180e-02, -4.5522e-02,  3.7277e-02,  4.2704e-02,
        -3.8515e-02,  3.8668e-02,  1.9836e-03, -7.3548e-02,  3.7983e-02,
        -1.9734e-02, -8.4857e-02,  2.3289e-02, -4.6796e-02,  7.0636e-03,
         9.6852e-02, -1.5585e-01, -2.1014e-02,  4.8637e-02, -2.9993e-02,
         1.4780e-02, -9.7170e-02,  6.7657e-03, -2.6965e-02,  2.1355e-03,
        -8.3334e-02, -2.1634e-03, -2.7082e-02, -4.4283e-02, -1.3724e-01,
         4.7097e-02,  3.1436e-02, -3.4152e-04,  1.2393e-02,  3.2758e-03,
        -9.4569e-02,  5.1091e-02, -7.5595e-04,  3.2064e-02, -7.7856e-02,
         2.4174e-03, -3.5259e-02,  4.1069e-03,  1.4259e-02, -3.6276e-02,
         2.1281e-02, -2.5854e-03, -3.6590e-02,  2.7220e-02, -1.7329e-02,
        -4.0214e-02, -3.6870e-02, -4.8857e-02, -6.0300e-02,  6.9823e-02,
         6.8190e-02, -1.6134e-02, -1.3627e-01, -2.6814e-02,  3.9054e-02,
         2.6373e-02,  1.0714e-02, -2.4074e-02, -1.2565e-02,  5.8066e-02,
         3.6489e-02,  1.1424e-02, -5.3071e-02,  2.1309e-03,  4.0076e-02,
        -1.4165e-02, -1.4774e-02, -1.1154e-02,  2.8324e-02, -5.6529e-08,
        -1.1679e-01,  4.8977e-02, -6.9166e-02,  1.5644e-02,  1.1105e-02,
        -3.5276e-02, -8.0665e-03,  1.0613e-01, -3.5295e-02,  5.8772e-03,
         1.8535e-02, -7.4809e-02, -1.8403e-02,  3.9241e-02, -1.0716e-01,
         1.9131e-02,  4.1241e-02,  2.4637e-02,  5.1405e-02,  3.0532e-02,
         4.4420e-02, -4.4564e-02,  1.4088e-01, -4.6843e-02, -4.2183e-02,
         5.5119e-02, -1.1301e-02, -7.7292e-02,  2.4221e-04,  1.8292e-02,
         1.4761e-02, -3.0566e-02,  6.4896e-04,  3.2207e-02,  1.0862e-02,
         1.0170e-02, -4.6231e-02, -2.0990e-02,  1.0932e-01,  4.3904e-02,
         2.7292e-02,  9.5675e-03, -7.0602e-03,  5.8827e-02,  5.8713e-02,
         4.5442e-02, -5.4215e-03, -4.0935e-02,  5.6810e-03,  1.0703e-01,
         3.8261e-02, -2.2574e-02, -6.8580e-03,  1.2707e-02,  8.2596e-02,
         2.2714e-02, -2.5409e-02,  6.0538e-03, -3.5279e-02,  2.7906e-02,
         1.7542e-01, -2.4084e-02, -1.2524e-02, -1.2764e-02], device='mps:0')"
The Dark Knight,Introduction,"The Dark Knight is a 2008 superhero film directed by Christopher Nolan, from a screenplay co-written with his brother Jonathan. Based on the DC Comics superhero Batman, it is the sequel to Batman Begins (2005), and the second installment in The Dark Knight trilogy. The plot follows the vigilante Batman, police lieutenant James Gordon, and district attorney Harvey Dent, who form an alliance to dismantle organized crime in Gotham City. Their efforts are derailed by the Joker, an anarchistic mastermind who seeks to test how far Batman will go to save the city from chaos. The ensemble cast includes Christian Bale, Michael Caine, Heath Ledger, Gary Oldman, Aaron Eckhart, Maggie Gyllenhaal, and Morgan Freeman.
Warner Bros. Pictures prioritized a sequel following the successful reinvention of the Batman film series with Batman Begins. Christopher Nolan and Batman Begins co-writer David S. Goyer developed the story elements, making Dent the central protagonist caught up in the battle between Batman and the Joker. In writing the screenplay, the Nolans were influenced by 1980s Batman comics and crime drama films, and sought to continue Batman Begins' heightened sense of realism. From April to November 2007, filming took place with a $185 million budget in Chicago and Hong Kong, and on sets in England. The Dark Knight was the first major motion picture to be filmed with high-resolution IMAX cameras. Nolan avoided using computer-generated imagery unless necessary, insisting on practical stunts such as flipping an 18-wheel truck and blowing up a factory.
The Dark Knight was marketed with an innovative interactive viral campaign that initially focused on countering criticism of Ledger's casting by those who believed he was a poor choice to portray the Joker. Ledger died from an accidental prescription drug overdose in January 2008, leading to widespread interest from the press and public regarding his performance. When it was released in July, The Dark Knight received acclaim for its mature tone and themes, visual style, and performances—particularly that of Ledger, who received many posthumous awards including Academy, BAFTA, and Golden Globe awards for Best Supporting Actor. This made The Dark Knight the first comic-book film to receive major acting awards. It broke several box-office records and became the highest-grossing 2008 film, the fourth-highest-grossing film to that time, and the highest-grossing superhero film of the time.
Since its release, The Dark Knight has been assessed as one of the greatest superhero films ever, one of the best movies of the 2000s, and one of the best films ever made. It is considered the ""blueprint"" for many modern superhero films, particularly for its rejection of a typical comic-book movie style in favor of a crime film that features comic-book characters. Many filmmakers attempted to replicate its success by adopting a similarly gritty, realistic tone, though with uneven results. The Dark Knight has been analyzed for its themes of terrorism and the limitations of morality and ethics. The United States Library of Congress selected it for preservation in the National Film Registry in 2020. A sequel, The Dark Knight Rises, concluded The Dark Knight trilogy in 2012.","tensor([ 1.9402e-02, -4.3353e-02, -7.9125e-02,  2.7542e-02,  1.5605e-02,
         4.4596e-02, -1.0758e-01,  8.0460e-02,  5.2888e-02,  2.0028e-02,
        -1.1621e-02, -7.9584e-02, -9.6068e-03,  1.9641e-02, -1.5174e-02,
        -1.0814e-03,  1.1035e-01,  1.9080e-02,  5.9658e-02, -6.1834e-03,
         1.7642e-02,  1.4636e-02, -4.2133e-03, -8.8533e-02, -6.8252e-02,
         5.5283e-02,  7.7788e-03, -3.8961e-02, -1.1244e-01,  2.7200e-02,
        -3.6835e-03, -6.4397e-02, -4.4260e-02,  5.9127e-02,  2.8142e-02,
        -3.5013e-05, -8.6914e-03,  1.1469e-01,  1.9411e-02, -2.8569e-02,
        -2.6283e-02, -1.1642e-02,  1.6555e-02,  1.2526e-03,  6.4932e-02,
         2.9081e-02,  3.1430e-02, -2.2316e-02, -1.9895e-02, -1.2924e-02,
         7.7480e-03,  4.9772e-02, -1.2202e-02,  2.6124e-02,  9.3110e-03,
         2.3887e-03,  3.2817e-03, -5.7525e-02,  6.4732e-02, -8.8505e-03,
         4.4983e-03, -2.6452e-02, -9.5025e-03, -3.3673e-02,  7.8008e-02,
        -2.0353e-02, -2.1553e-02, -2.2618e-02, -5.0608e-02,  3.2657e-02,
        -2.4848e-02,  8.5001e-03,  5.3812e-02, -8.0014e-02, -6.0621e-02,
         4.5842e-02, -1.0265e-02,  5.9911e-02,  1.0560e-02, -6.1504e-02,
         8.3541e-02,  2.5831e-02,  7.4913e-04,  5.7372e-02, -5.5387e-02,
         5.2049e-02,  2.8017e-02, -1.2907e-03, -2.2802e-02,  1.2148e-02,
        -2.1021e-02,  1.5995e-02, -7.6643e-03,  1.7715e-02, -7.3435e-02,
        -2.9855e-02,  3.6663e-02,  5.2792e-03,  5.5343e-02,  3.2859e-02,
        -4.1714e-02, -1.1680e-01,  4.1575e-02, -3.9321e-02,  1.0929e-01,
         1.0990e-03,  3.9390e-02, -4.1139e-02,  5.1125e-02,  3.2221e-03,
         3.5553e-02,  1.1018e-02, -7.9071e-02, -2.9799e-02,  1.3822e-01,
         2.8528e-02,  9.4683e-02,  3.9227e-02, -1.7087e-02,  1.7513e-01,
         1.1344e-01,  3.5731e-02,  3.7142e-02, -1.0343e-02,  4.8500e-02,
        -9.4259e-02,  4.1808e-02,  2.3352e-33, -5.3617e-02, -1.9526e-02,
         4.2859e-02,  4.8788e-02,  1.3618e-02, -6.4370e-02,  1.4194e-02,
         4.6861e-02, -3.9866e-02,  2.9854e-02,  2.6503e-02, -5.4448e-02,
        -1.8737e-02,  8.3833e-02, -2.8843e-02,  6.7935e-02,  5.2552e-02,
        -5.5510e-02,  2.6232e-03, -1.0453e-01, -5.5669e-02, -4.7746e-02,
         2.6272e-02, -1.1860e-03, -6.5062e-02, -3.8080e-03,  2.1554e-02,
        -6.6216e-02,  4.9128e-02, -3.9947e-02, -7.3731e-02,  1.0012e-01,
         4.7010e-02,  1.4470e-02,  3.8200e-02,  2.2839e-02,  2.9677e-02,
        -2.1634e-02,  5.3329e-02, -6.3921e-02, -3.9318e-02,  3.7467e-02,
        -5.5568e-02, -8.7017e-02, -2.3908e-02, -8.1238e-02, -2.8431e-02,
        -7.2525e-02, -3.8308e-02,  2.6219e-02,  1.0372e-01, -5.1233e-02,
        -5.0242e-02,  5.5836e-03, -6.9993e-02,  3.3777e-02, -4.4114e-02,
        -6.6125e-02,  2.5510e-02,  2.4701e-02, -3.0777e-02, -6.4253e-02,
        -1.1755e-01, -1.7364e-03, -2.8153e-02,  2.1476e-02, -1.5023e-02,
         7.7240e-03, -2.5430e-02, -1.1913e-02, -3.2274e-02, -9.6606e-02,
         7.9865e-02, -1.5314e-03,  1.0698e-02,  5.3337e-02, -1.4901e-02,
         7.3788e-02, -8.1964e-03,  3.9442e-02,  1.1068e-02,  1.4567e-01,
        -4.7913e-02, -7.2057e-02,  6.0150e-03, -5.8431e-02, -9.9111e-02,
        -1.4042e-02,  4.8528e-02, -3.1316e-02,  3.9082e-02, -7.1734e-02,
         2.5735e-02,  2.8309e-02,  1.8301e-02, -3.4670e-33, -3.1544e-02,
        -4.7534e-02, -1.0758e-01, -3.1090e-02,  5.7148e-02,  9.2949e-03,
        -1.5263e-01, -2.6707e-02,  7.8716e-03, -3.2999e-02, -1.4382e-02,
         5.1963e-03, -2.6167e-02,  6.6712e-02,  9.4045e-03, -4.6775e-02,
        -5.8009e-03, -9.5007e-03,  2.9106e-02, -1.8217e-02,  1.1493e-01,
        -8.5635e-02, -1.1066e-02, -6.6872e-02,  3.4141e-02,  3.5964e-02,
        -3.6318e-02,  5.3518e-02,  5.0497e-02,  4.3067e-02, -9.5900e-02,
         2.3854e-02,  8.0128e-02,  6.3133e-02,  2.3151e-02,  1.0429e-01,
        -4.7422e-02, -5.8671e-02, -5.1896e-03,  3.3046e-02, -1.8195e-02,
         2.6387e-03,  2.8733e-02, -9.6408e-02,  1.3028e-03,  1.6634e-02,
         7.1994e-02,  6.4348e-02, -6.1954e-03, -1.5317e-02,  3.6665e-02,
         4.1924e-02, -1.3586e-01, -1.1764e-02, -7.6658e-02,  2.3490e-02,
         5.4521e-02, -8.2815e-03,  6.9266e-02, -2.1355e-02, -1.5887e-02,
         4.3945e-02,  1.5720e-02, -8.9157e-02, -1.3435e-02,  2.0713e-02,
        -9.3546e-02,  4.1150e-02, -1.1768e-02, -4.8860e-02, -5.0102e-02,
        -4.9642e-02,  3.5934e-02, -5.4343e-02,  5.9454e-02, -1.0647e-01,
         8.5529e-02,  9.9505e-03, -7.4974e-03, -3.0018e-03,  1.5933e-02,
        -2.7968e-02,  5.2537e-02,  1.2566e-01, -4.2085e-04,  5.2689e-02,
         2.6453e-02, -2.5130e-02, -2.3577e-02,  4.2306e-02, -5.3999e-03,
         1.9530e-02,  5.7445e-02,  2.5735e-02, -4.2417e-02, -5.8383e-08,
        -8.5166e-02, -2.4515e-02, -2.8497e-02, -9.8999e-03,  4.6579e-02,
         2.2472e-02, -2.4355e-02,  5.4760e-02,  3.4076e-02,  1.4492e-02,
         6.6602e-02, -2.7863e-03, -1.9254e-02, -6.2243e-02, -8.2644e-02,
         1.2069e-01,  2.1489e-02, -5.6447e-02,  2.9064e-02,  3.3548e-02,
        -5.1490e-02, -2.1313e-03,  9.3997e-03, -2.4298e-02,  5.4766e-02,
        -2.9392e-02, -5.8564e-02, -2.1720e-02, -3.0787e-02,  1.2084e-01,
         1.8336e-02,  9.9682e-02, -8.2517e-03,  9.3178e-03,  5.6260e-03,
        -5.4617e-02,  1.6898e-02, -5.9255e-05,  2.8702e-02, -4.0620e-02,
         3.7511e-02,  1.1801e-01, -5.9774e-02,  7.8915e-04, -2.8681e-03,
         2.6393e-03, -1.7662e-02, -3.3326e-02, -1.4187e-02, -8.3188e-02,
        -4.7482e-02, -3.1106e-02, -5.0422e-03, -3.2012e-03, -9.6832e-03,
        -7.2822e-03,  1.8202e-03, -3.9973e-02, -1.5698e-02, -1.6682e-02,
         5.4055e-02, -2.9737e-02,  1.6430e-02,  6.1886e-02], device='mps:0')"
The Dark Knight,Plot,"A gang of masked criminals rob a mafia-owned bank in Gotham City, betraying and killing each other until the sole survivor, the Joker, reveals himself as the mastermind and escapes with the money. The vigilante Batman, district attorney Harvey Dent, and police lieutenant Jim Gordon ally to eliminate Gotham's organized crime. Batman's true identity, the billionaire Bruce Wayne, publicly supports Dent as Gotham's legitimate protector, believing Dent's success will allow him to retire as Batman and romantically pursue his childhood friend Rachel Dawes—despite her being with Dent.
Gotham's mafia bosses gather to discuss protecting their organizations from the Joker, the police, and Batman. The Joker interrupts the meeting and offers to kill Batman for half of the fortune their accountant, Lau, concealed before fleeing to Hong Kong to avoid extradition. With the help of Wayne Enterprises CEO Lucius Fox, Batman finds Lau in Hong Kong and returns him to the custody of the Gotham police. His testimony enables Dent to apprehend the crime families. The bosses accept the Joker's offer, and he kills high-profile targets involved in the trial, including the judge and police commissioner. Although Gordon saves the mayor, the Joker threatens that his attacks will continue until Batman reveals his identity. He targets Dent at a fundraising dinner and throws Rachel out of a window, but Batman rescues her.
Bruce struggles to understand the Joker's motives, to which his butler Alfred Pennyworth says that ""some men just want to watch the world burn."" Dent claims he is Batman to lure the Joker out, who attacks the police convoy transporting Dent. Batman and Gordon apprehend the Joker, and Gordon is promoted to commissioner. At the police station, Batman interrogates the Joker, who says he finds Batman entertaining and has no intention of killing him. Having deduced Batman's feelings for Rachel, the Joker reveals she and Dent are being held separately in buildings rigged to explode. Batman races to rescue Rachel while Gordon and the other officers go after Dent, but they discover the Joker has given their positions in reverse. The explosives detonate, killing Rachel and severely burning Dent's face on one side. The Joker escapes custody, extracts the fortune's location from Lau, and burns it, killing Lau in the process.
Coleman Reese, a consultant for Wayne Enterprises, deduces and tries to expose Batman's identity, but the Joker threatens to blow up a hospital unless Reese is killed. While the police evacuate hospitals and Gordon struggles to keep Reese alive, the Joker meets with a disillusioned Dent, persuading him to take the law into his own hands and avenge Rachel. Dent defers his decision-making to his now half-scarred, two-headed coin, killing the corrupt officers and the mafia involved in Rachel's death. As panic grips the city, the Joker reveals that two evacuation ferries, one carrying civilians and the other prisoners, are rigged to explode at midnight unless one group sacrifices the other. To the Joker's disbelief, the passengers refuse to kill one another. Batman subdues the Joker but refuses to kill him. Before the police arrest the Joker, he says that although Batman proved incorruptible, his plan to corrupt Dent has succeeded.
Dent takes Gordon's family hostage, blaming his negligence for Rachel's death. He flips his coin to decide their fates, but Batman tackles him to save Gordon's son, and Dent falls to his death. Believing Dent is the hero the city needs, and the truth of his corruption will harm Gotham, Batman takes the blame for his death and actions, persuading Gordon to conceal the truth. Alfred burns an undelivered letter from Rachel to Bruce that says she chose Dent, and Fox destroys the invasive surveillance network that helped Batman find the Joker. The city mourns Dent as a hero, and the police launch a manhunt for Batman.","tensor([-5.2271e-02,  1.0597e-02, -4.5444e-02, -2.1215e-02, -1.5113e-03,
         9.4807e-03, -5.0537e-03,  2.3156e-02, -2.6703e-02,  1.6089e-02,
         3.9629e-02, -9.8777e-02, -2.9703e-02,  4.9342e-03,  1.5499e-02,
        -4.9497e-02,  7.7683e-02,  5.4749e-02, -2.2719e-03,  2.5698e-02,
        -3.4092e-02, -1.0255e-01,  1.9610e-02, -8.5523e-02, -7.1171e-02,
         4.4291e-02, -7.1864e-02, -2.8542e-02, -1.7237e-02,  9.4421e-04,
        -2.9582e-02, -9.5116e-02,  7.1613e-02, -2.4851e-02,  5.4329e-02,
        -3.3542e-02,  8.1432e-02,  1.3864e-01,  3.3021e-02, -7.2322e-02,
        -2.9406e-02, -2.2711e-02,  1.8772e-02, -3.1354e-02,  3.5414e-02,
        -4.2742e-02,  5.3170e-03,  4.8977e-02,  3.0234e-02, -6.2090e-02,
        -6.0317e-03,  1.7921e-02,  2.0180e-02,  4.7005e-02, -3.9229e-02,
         3.6868e-02,  6.1945e-02, -2.6738e-02,  7.7491e-02,  5.0460e-02,
        -2.9726e-02, -3.2820e-03, -8.4898e-03,  3.4227e-02,  8.7934e-02,
        -2.8620e-02, -4.6271e-02, -2.2857e-02, -6.6189e-02,  1.0033e-01,
         4.5964e-02, -8.1281e-02, -3.7397e-03, -6.4870e-02, -2.4903e-02,
         3.5231e-02,  4.8984e-02,  5.4223e-03,  4.7942e-02,  9.6778e-03,
         6.8757e-02,  1.7258e-02, -2.0533e-02,  4.0111e-02, -4.8230e-03,
        -3.5341e-02, -1.0390e-02, -5.8268e-02,  2.9143e-02,  9.0328e-03,
        -6.3204e-02,  3.8203e-02, -1.6286e-02, -3.6310e-03,  3.5812e-03,
        -2.0303e-02,  2.4598e-02,  1.1154e-01, -1.6366e-02,  6.3836e-02,
        -3.6486e-02, -3.8431e-02,  2.9913e-02, -7.5410e-02,  1.0726e-01,
         2.8595e-02, -1.2786e-02,  3.3262e-02,  8.7642e-02,  2.7698e-02,
         4.4754e-02,  1.7493e-02, -9.1154e-02,  4.8480e-03,  7.7822e-02,
        -1.4484e-02,  1.3830e-02,  6.3709e-02, -5.6054e-02,  4.2749e-02,
         9.2799e-02,  6.9469e-02,  5.4907e-03, -2.0307e-02, -1.0871e-02,
        -2.1996e-02, -1.1678e-02, -7.0445e-34, -4.8861e-02, -4.6006e-02,
        -6.1433e-02, -5.2484e-02,  8.3484e-02, -3.4401e-03,  1.4512e-03,
         5.7521e-02, -7.1762e-03,  1.0168e-01,  2.2071e-02, -8.0047e-02,
        -1.9427e-02,  6.4830e-02, -1.0670e-01,  5.0693e-02,  6.3955e-02,
        -7.0186e-02, -7.5604e-02, -7.4051e-02,  5.1008e-02,  1.2076e-02,
         2.6656e-02,  5.8888e-02, -2.0260e-02, -5.5202e-02, -3.9521e-02,
        -6.4259e-02,  3.0084e-02,  3.4156e-02, -7.5052e-02,  8.3152e-02,
         7.1421e-02, -2.6724e-02,  1.2895e-02,  4.0110e-02,  6.6842e-02,
        -6.5710e-02, -1.6139e-02, -4.6138e-02, -3.2432e-02, -1.2507e-02,
        -2.2171e-02, -7.0305e-02, -1.1150e-01, -4.2251e-02, -4.9792e-02,
         1.1390e-02, -4.4453e-02,  5.2632e-02,  5.2456e-02, -3.6492e-02,
        -1.2786e-01,  1.2751e-02, -1.0147e-01,  5.5597e-02, -4.0708e-02,
        -6.2295e-02,  3.0237e-02,  1.5586e-02, -1.4030e-02, -2.6495e-02,
        -9.5036e-02,  7.9477e-02, -9.5013e-02, -3.1786e-02,  4.8189e-02,
        -5.7950e-02, -4.0150e-02, -2.5154e-02, -3.4434e-02,  1.9830e-02,
        -1.5514e-02, -5.0045e-02, -9.0975e-02, -9.3700e-03,  2.7075e-02,
         1.1019e-01, -4.3283e-02,  3.4045e-02,  7.9426e-03,  6.4231e-02,
        -1.4261e-03, -2.2337e-02,  7.6645e-04,  3.7441e-02,  1.5605e-02,
        -4.2292e-02,  2.0331e-02, -4.7294e-02,  5.1849e-03, -1.0454e-01,
         7.9578e-02,  1.8586e-02, -5.8911e-02, -2.5764e-33, -2.7320e-02,
        -4.8028e-02,  3.2299e-02, -6.0884e-02,  4.0375e-02,  5.5146e-03,
        -9.8747e-02, -1.7420e-02, -2.3085e-02, -4.1589e-02, -1.2184e-01,
         5.6128e-02, -8.8824e-03,  2.5383e-02,  4.5335e-03, -2.8036e-02,
         6.3490e-02,  3.2201e-03, -6.7608e-02, -1.3665e-02,  3.0437e-02,
        -5.2820e-03, -2.3832e-02,  7.8937e-02, -6.2367e-03,  4.6781e-02,
         2.5288e-02, -2.1904e-03, -9.2039e-03,  7.7378e-02, -1.2587e-01,
         6.9155e-02,  9.0347e-03, -2.5731e-03,  1.1742e-02,  1.0109e-01,
        -1.8428e-02, -9.4526e-02, -7.9320e-02,  3.6175e-02, -3.4539e-02,
         2.3938e-02, -3.0348e-02, -3.3793e-02, -1.4076e-02,  2.1102e-02,
         8.9268e-02,  7.9613e-02, -7.0564e-03,  3.8683e-02,  9.1529e-02,
         3.4956e-02, -4.4745e-02,  8.3681e-02, -1.2068e-01,  5.3703e-02,
         2.1959e-02, -1.9727e-02,  1.8207e-02, -7.1171e-02, -4.5745e-03,
         5.7682e-02, -1.9134e-02,  6.8243e-02,  5.2130e-02,  1.9656e-02,
        -2.8264e-02, -2.3860e-02, -3.0456e-02, -6.0170e-02,  3.5491e-03,
        -3.2543e-02,  3.0360e-02, -2.8327e-02,  2.9922e-02,  1.5774e-02,
        -4.0655e-02, -2.0798e-02, -6.9091e-02,  5.5509e-02,  4.4527e-02,
        -4.3153e-02,  5.9874e-02,  8.7303e-02,  2.0968e-02, -1.5856e-02,
         3.5825e-02, -6.3332e-03, -5.5296e-03,  1.4433e-02, -1.0061e-02,
        -3.2592e-02,  1.3137e-03,  3.4469e-03,  1.9931e-02, -5.6888e-08,
         1.3422e-03, -1.8377e-03, -9.4355e-02, -1.7598e-02,  2.2913e-04,
         3.8290e-02, -9.0712e-02, -4.2857e-02,  5.5168e-02,  3.4875e-02,
         8.6245e-02,  3.0616e-02, -4.2018e-02, -5.1997e-02, -7.2309e-02,
         2.8863e-02, -4.1089e-02, -4.0996e-02, -3.4405e-02,  3.2192e-02,
        -9.9146e-02, -2.2772e-03,  1.7988e-02,  5.2195e-02,  5.8327e-02,
        -4.8265e-02, -1.1246e-01,  6.4393e-02, -3.6164e-02,  1.7400e-01,
        -6.9586e-02,  5.1221e-02, -1.4896e-02,  3.1552e-02,  1.6792e-02,
        -4.5138e-02,  8.2323e-02, -5.0111e-02, -4.5006e-03,  1.3441e-02,
         7.1813e-02, -4.4723e-02,  2.1593e-02,  9.9036e-03, -5.9120e-02,
        -1.5195e-02, -2.5536e-02, -8.6370e-03,  5.2604e-02, -3.7874e-02,
        -3.8964e-02, -1.9482e-02, -3.6340e-02,  5.4495e-02, -5.3631e-03,
        -6.4618e-02,  1.2754e-02,  4.0782e-02, -1.1713e-03, -5.2144e-04,
         7.0474e-02,  2.1373e-02,  8.2453e-02, -1.2957e-02], device='mps:0')"
The Dark Knight,Cast,"Christian Bale as Bruce Wayne / Batman: A wealthy socialite who as a child was traumatized by his parents' murder. Wayne secretly operates as the heroic vigilante Batman.
Michael Caine as Alfred Pennyworth: Wayne's father-figure, trusted butler, and confidant.
Heath Ledger as the Joker: A criminal mastermind and anarchist who is determined to sow chaos and corruption throughout Gotham.
Gary Oldman as James Gordon: One of the few honest officers in the Gotham City Police Department (GCPD) who assists Batman's war on crime.
Aaron Eckhart as Harvey Dent / Two-Face: Gotham's noble district attorney-turned-violent vigilante.
Maggie Gyllenhaal as Rachel Dawes: Gotham's assistant district attorney and Wayne's childhood friend, who is divided between her feelings for him and for Dent.
Morgan Freeman as Lucius Fox: Wayne Enterprises' CEO who supplies technology and equipment for Batman's campaign.
Additionally, Eric Roberts, Michael Jai White, and Ritchie Coster appear as crime bosses Sal Maroni, Gambol, and the Chechen, respectively; while Chin Han portrays Lau, a Chinese criminal banker. The GCPD cast includes Colin McFarlane as commissioner Gillian B. Loeb, Keith Szarabajka and Ron Dean as detectives Stephens and Wuertz, Monique Gabriela Curnen as rookie detective Anna Ramirez and Philip Bulcock as Murphy.
The cast also features Joshua Harto as Coleman Reese, Anthony Michael Hall as news reporter Mike Engel, Néstor Carbonell as mayor Anthony Garcia, William Fichtner as a bank manager, Nydia Rodriguez Terracina as Judge Surrillo, Tom ""Tiny"" Lister Jr. as a prisoner, Beatrice Rosen as Wayne's Russian ballerina date, and David Dastmalchian as the Joker's paranoid schizophrenic henchman Thomas Schiff. Melinda McGraw, Nathan Gamble, and Hannah Gunn portray Gordon's wife Barbara, his son James Jr., and his daughter, respectively. The Dark Knight features several cameo appearances from Cillian Murphy, who reprises his role as Jonathan Crane / Scarecrow from Batman Begins; musical performer Matt Skiba; as well as United States Senator and Batman fan Patrick Leahy, who has appeared in or voiced characters in other Batman media.","tensor([-4.9745e-02, -5.2042e-02, -1.1976e-01, -6.1236e-02,  2.4262e-02,
         6.4022e-03,  2.0922e-02,  1.1046e-02, -4.5956e-02,  3.2378e-02,
         3.8186e-02, -1.0955e-01, -4.2898e-02,  6.7159e-02,  3.6030e-02,
        -2.1850e-02,  7.2581e-02,  6.3639e-02, -9.5037e-03,  7.0828e-02,
        -6.0127e-02, -3.1879e-02,  1.5180e-02, -9.0082e-02, -8.1551e-02,
         1.1714e-02, -1.7432e-02, -3.8862e-02, -7.9076e-02,  8.5266e-03,
        -4.5481e-03, -1.7574e-02, -1.5521e-02,  5.9726e-02,  5.7206e-02,
        -5.1235e-02,  8.7452e-02,  1.5115e-01, -1.5163e-03, -6.3314e-02,
        -1.1504e-02,  3.7322e-03,  6.7973e-04, -3.0471e-02,  4.0523e-02,
        -2.7515e-02,  4.9384e-02, -1.3815e-02, -6.8671e-03, -6.1049e-02,
        -7.6878e-03,  4.3670e-04, -1.0167e-02,  6.6788e-02, -2.9038e-02,
         2.3039e-02,  4.8359e-02, -7.4067e-02,  7.9889e-02,  3.5663e-02,
        -1.0898e-01,  5.2998e-03,  1.7286e-02,  1.6460e-02,  7.6051e-02,
        -2.4961e-02, -2.0389e-02, -4.4618e-02, -8.7233e-02,  5.7667e-03,
         1.2309e-02, -7.9785e-02,  2.6748e-03, -7.0476e-02, -3.1395e-02,
         6.3375e-02,  2.4740e-02,  5.1156e-03,  7.9823e-02, -4.7544e-02,
         7.1013e-02,  6.1881e-02,  9.3517e-03,  7.7710e-02, -1.7177e-04,
        -2.3485e-02,  5.5932e-03, -6.1352e-02,  2.8590e-02,  2.7285e-02,
         8.0166e-03,  1.0440e-01, -1.0136e-02,  1.2511e-02,  8.5602e-03,
        -4.9754e-02,  6.6880e-02,  2.9501e-02, -2.0021e-02,  3.1425e-02,
        -6.7996e-02, -7.7519e-02,  3.0358e-02, -2.7893e-02,  6.3141e-02,
         1.2292e-02,  4.2021e-02, -9.0067e-04,  4.9014e-02,  3.5576e-02,
         8.4625e-03,  3.5068e-02, -1.4822e-01, -4.3975e-02,  8.4795e-02,
        -8.8772e-04,  2.0211e-02,  3.8164e-02, -8.3788e-02,  4.1997e-02,
         6.8551e-02,  8.4389e-02, -2.7998e-02,  3.6737e-02,  6.2595e-02,
        -7.9823e-03,  7.8623e-03,  2.5436e-33, -2.6410e-02,  8.0571e-03,
         1.8746e-02, -3.0396e-02, -1.4216e-03,  1.8945e-02,  1.4527e-02,
         6.6462e-02,  6.7936e-03,  1.3609e-02, -3.9955e-02, -2.2767e-03,
        -6.3798e-02,  3.7980e-02, -1.2135e-01,  7.9442e-02,  1.8572e-02,
        -6.6603e-02, -2.8608e-02, -6.9904e-02, -1.4243e-02,  2.3238e-02,
         8.8413e-03, -7.8190e-03, -5.2897e-03, -1.3785e-02,  1.6153e-02,
        -3.2926e-02,  6.2851e-02,  8.0645e-03, -3.8360e-02,  6.8152e-02,
         2.8191e-02,  3.0233e-02,  3.3981e-02,  1.0555e-02, -2.4275e-02,
        -5.9973e-02,  1.8028e-02,  2.1601e-02, -3.2320e-02,  5.0604e-03,
         3.7093e-02, -6.1603e-02, -5.9406e-02, -3.6391e-02, -3.7311e-02,
        -6.5143e-02, -2.7255e-02,  7.9608e-02,  6.9127e-02, -5.5422e-02,
        -1.0207e-01,  5.6184e-02, -9.5594e-02,  5.2939e-02, -1.9475e-02,
        -2.9027e-02,  3.1692e-02,  5.9183e-03, -3.0528e-02, -1.4237e-02,
        -1.2895e-01,  1.8648e-02, -6.7191e-02, -4.1132e-02, -7.7975e-03,
        -2.3518e-02, -1.0416e-02, -2.7799e-02, -3.7882e-02, -3.7969e-02,
         8.2554e-02,  2.0849e-02, -2.6241e-02, -4.5308e-02,  2.1106e-03,
         1.0767e-01, -5.5067e-02, -2.2311e-02, -2.1083e-02,  1.1889e-01,
         9.2564e-03, -1.8978e-02, -2.0427e-02, -4.5343e-02, -7.4557e-02,
        -1.0156e-02,  1.5384e-02,  1.2292e-04,  6.2117e-02, -1.1973e-01,
         7.9958e-02,  1.6066e-02, -6.1514e-02, -4.3812e-33, -8.0201e-02,
        -9.0836e-02, -3.4786e-02, -4.1276e-02,  1.1552e-02, -1.2535e-03,
        -7.2359e-02, -3.5931e-02,  3.9068e-03, -9.0627e-02, -3.3920e-02,
         2.7963e-02, -5.4618e-02,  6.3916e-02, -7.4638e-03,  3.0174e-02,
        -7.2036e-02, -7.4208e-03, -1.4645e-02,  1.6867e-02,  6.9107e-02,
         5.9317e-03, -2.8219e-02,  5.3636e-02,  1.4825e-02,  1.1454e-02,
         4.8502e-02,  6.4342e-03,  5.6122e-02,  7.4851e-02, -1.7230e-01,
         6.8464e-02, -1.2731e-02,  7.8705e-03,  6.4184e-02,  3.6063e-02,
         1.7453e-02, -3.8066e-02, -4.2936e-02,  5.9252e-02, -5.2304e-02,
         2.5955e-02, -1.5216e-02, -4.2255e-02,  7.4994e-03,  4.6507e-02,
         7.4989e-02,  2.3384e-02, -3.8194e-02,  7.8202e-02,  1.9642e-02,
         4.2032e-02, -1.1021e-01,  2.1627e-02, -8.3190e-02,  6.3326e-02,
         9.4414e-02, -2.5435e-02,  2.6554e-02, -5.0600e-02, -1.1703e-02,
         8.1093e-02,  1.0353e-02, -1.4469e-02,  5.4848e-02,  3.8080e-02,
        -4.0398e-02, -4.1676e-02, -7.4051e-03, -1.6813e-02, -3.8528e-02,
        -9.4094e-02,  2.4256e-02, -8.2084e-02,  1.0457e-02, -1.0796e-02,
         6.3560e-02, -2.3889e-03, -2.5259e-02,  3.6510e-02,  5.5826e-02,
        -2.9613e-02,  6.4173e-02,  1.2012e-01, -3.1470e-02,  1.5807e-02,
         2.4368e-02, -2.2356e-02,  8.2919e-04,  2.2084e-02, -4.3985e-03,
        -4.6043e-02,  6.9539e-02,  1.9627e-02, -2.3179e-02, -5.5688e-08,
        -5.4550e-02, -2.8930e-02, -4.7495e-02, -1.4718e-02,  9.9563e-03,
         2.1529e-02, -9.0401e-02, -3.4275e-02,  8.5648e-02,  3.4929e-02,
         1.1468e-01,  3.6640e-02, -4.2895e-02, -9.4123e-02, -4.8485e-02,
         4.2720e-02, -6.9193e-02, -2.4992e-02,  1.1988e-03,  4.8482e-02,
        -8.1549e-02,  6.6827e-02, -6.9467e-02,  9.0386e-02,  4.0705e-02,
        -3.6638e-02, -7.1546e-02,  7.5755e-02, -5.7283e-02,  1.4129e-01,
        -3.0216e-02,  7.7097e-02, -1.3738e-02, -2.1620e-02,  3.9548e-02,
        -5.6493e-02,  7.5571e-02, -4.3981e-02,  1.5355e-02,  2.8870e-02,
         5.8234e-02,  4.5750e-03, -2.4511e-02, -3.6980e-02,  4.1891e-02,
         1.0638e-03, -1.2174e-02, -4.5775e-02,  8.1820e-02, -1.8017e-02,
        -4.7120e-03,  1.1342e-02, -1.5878e-02,  2.3974e-02, -3.2793e-02,
        -1.6832e-02,  4.1620e-02, -3.3015e-02, -2.4395e-02, -6.9051e-03,
         1.5548e-02, -1.8951e-03,  8.0204e-02,  3.5781e-02], device='mps:0')"
The Dark Knight,Development,"Following the critical and financial success of Batman Begins (2005), the film studio Warner Bros. Pictures prioritized a sequel. Although Batman Begins ends with a scene in which Batman is presented with a joker playing card, teasing the introduction of his archenemy, the Joker, Christopher Nolan did not intend to make a sequel and was unsure Batman Begins would be successful enough to warrant one. Nolan, alongside his wife and longtime producer Emma Thomas, had never worked on a sequel film but he and co-writer David Goyer discussed ideas for a sequel during filming. Goyer developed an outline for two sequels, but Nolan remained unsure how to continue the Batman Begins narrative while keeping it consistent and relevant, though he was interested in using the Joker in Begins's grounded, realistic style. Discussions between Warner Bros. Pictures and Nolan began shortly after Batman Begins's theatrical release, and development began following the production of Nolan's The Prestige (2006).","tensor([ 4.2252e-03, -7.8605e-02, -1.3120e-02, -1.6109e-02,  5.3769e-03,
         7.0976e-02, -1.1245e-01,  7.8812e-02,  2.3179e-02,  2.3431e-02,
         1.4079e-02,  1.9499e-02, -3.8680e-02,  4.3398e-02,  4.2890e-02,
         1.0237e-02,  5.7427e-02, -3.2309e-02,  1.0906e-01,  3.2627e-02,
         2.9967e-02,  2.9607e-02,  9.7870e-03, -6.0173e-02, -4.2810e-02,
         4.3356e-02, -2.6489e-02, -1.5575e-02, -2.6803e-02,  2.8678e-02,
         1.5550e-02, -7.2231e-02, -1.1219e-02, -7.3097e-03,  3.4874e-02,
        -2.8585e-02, -2.4209e-02,  1.1123e-01, -6.0269e-03, -5.8707e-02,
        -2.8659e-02, -6.1572e-03, -3.8220e-03,  2.9250e-02,  6.6147e-02,
         2.0584e-02,  4.1970e-02, -4.5765e-02, -3.0517e-02,  2.4419e-02,
        -5.8836e-03,  2.0693e-02, -2.3066e-02, -2.6920e-02,  7.6661e-02,
         8.1401e-02, -4.6282e-02, -3.3990e-02,  3.9175e-02, -1.8588e-02,
        -1.8037e-02, -4.6546e-02, -4.4453e-02, -3.0182e-02,  1.0496e-01,
        -1.6684e-02,  1.8457e-02, -2.3510e-02, -9.9468e-03,  3.9057e-02,
        -2.1270e-02,  2.0782e-03,  6.5588e-02, -1.7797e-02, -2.7349e-02,
         2.7104e-02, -5.7378e-03,  7.5075e-02,  2.6185e-03, -7.8921e-02,
         3.6080e-02, -3.1081e-02, -2.1096e-02,  3.8126e-02, -1.2128e-01,
         2.6450e-02,  4.8305e-02,  8.7031e-03, -4.7193e-02, -4.2598e-03,
        -5.7746e-02, -4.3709e-02, -5.0978e-02,  5.5727e-02, -1.0248e-01,
        -2.1490e-02,  3.7305e-03,  2.8228e-02,  1.0160e-01, -8.7236e-03,
         9.5629e-03, -1.0237e-01,  4.5014e-02, -9.2938e-02,  1.3575e-01,
        -8.4177e-03,  1.0673e-02, -2.5790e-02,  6.9501e-02,  5.9625e-03,
        -4.7037e-03, -1.7739e-02, -5.1736e-02, -4.1371e-02,  1.2236e-01,
         5.3788e-02,  9.5312e-02,  2.2799e-02,  2.7553e-02,  1.0773e-01,
         1.4036e-01,  1.1274e-02,  3.8633e-02,  9.6052e-03, -2.2989e-02,
        -1.5784e-01,  4.5234e-02,  1.5460e-33, -6.0768e-02, -7.0383e-02,
         5.4161e-02,  1.2171e-01, -6.6211e-03, -3.6163e-03,  1.3713e-02,
         3.8728e-02, -5.1534e-04, -1.9108e-02,  6.3453e-03, -4.0420e-02,
        -6.3854e-02,  3.6745e-02, -2.8782e-02,  2.6886e-02,  1.8565e-02,
         9.8288e-03,  4.3385e-02, -6.5484e-02, -8.0171e-02, -6.9119e-02,
         3.6799e-02,  2.0494e-02,  2.5189e-02,  3.3095e-02,  3.0146e-02,
        -1.1369e-01,  2.6789e-02, -3.0699e-02, -2.5515e-02,  3.0813e-02,
        -1.0030e-02,  6.8530e-04,  2.6624e-02,  1.3632e-02,  2.6754e-02,
        -3.5802e-02,  1.1381e-02, -4.2553e-02, -3.1342e-02,  3.8204e-02,
        -8.8689e-02, -5.7307e-02, -2.4716e-02, -7.8835e-02, -2.9235e-02,
         2.8263e-02, -1.2507e-02,  1.4918e-02,  8.6716e-02, -4.0230e-02,
         2.1369e-02,  2.8026e-02, -5.9498e-02, -4.7081e-03, -5.6488e-02,
        -7.1869e-02,  1.1431e-02, -3.4801e-02, -2.2651e-02, -6.1261e-02,
        -1.2543e-01,  2.9338e-02, -8.8039e-02,  8.3201e-02, -9.1469e-04,
        -9.5566e-03, -3.1402e-02,  8.4943e-03, -3.0878e-02, -8.1011e-02,
        -9.8142e-03, -4.2247e-02,  5.5655e-02,  4.4695e-02, -3.2882e-02,
         1.1355e-02,  8.1579e-03,  5.6207e-02, -1.5889e-02,  9.4946e-02,
        -4.4096e-02, -6.3740e-02, -3.0539e-02, -3.4130e-02, -2.2703e-02,
         2.6167e-02,  4.6114e-02,  2.3767e-02,  5.3600e-02, -1.3729e-02,
         2.8174e-02,  8.0235e-02,  5.4786e-02, -1.9126e-33,  9.8000e-03,
        -3.2755e-02, -8.9133e-02, -4.1042e-02,  2.4293e-02, -4.1787e-02,
        -1.2556e-01,  3.9884e-02,  4.4072e-02, -7.4704e-02,  2.2536e-02,
        -3.7193e-02, -2.1486e-02,  1.1042e-01, -2.6080e-02, -5.6931e-02,
        -1.7522e-02, -5.5624e-03,  7.9542e-02,  2.2651e-02,  1.3525e-01,
        -9.8640e-02, -4.3597e-02, -4.6045e-02,  3.9860e-03,  9.8916e-02,
        -7.8348e-02,  3.0495e-02,  2.4218e-02, -2.4950e-02, -3.0913e-02,
        -5.0636e-03,  1.0183e-01,  3.3439e-02,  4.8126e-02,  5.3538e-02,
        -4.7155e-02, -5.4399e-02, -1.7622e-02,  1.0152e-01, -3.2251e-02,
        -7.0071e-03, -2.4070e-03, -2.6170e-02,  1.2920e-02, -4.3259e-02,
         1.0796e-01, -3.9760e-03, -3.0132e-04, -1.3932e-02,  3.1024e-03,
         1.1251e-02, -1.0328e-01, -5.7953e-02, -8.6629e-02, -1.8856e-02,
        -1.5044e-03,  1.2825e-03,  3.3816e-02, -4.7858e-02,  4.2168e-02,
        -8.9395e-03, -6.8911e-05, -1.3291e-01, -2.7054e-02,  4.3614e-02,
        -4.6323e-02,  2.0487e-02, -4.3734e-02, -7.3154e-03, -1.2024e-01,
        -1.5801e-02, -7.0418e-03, -2.2743e-02,  1.8030e-02, -4.3544e-02,
         7.3212e-02, -2.7204e-02,  4.0486e-02, -3.3296e-02, -3.2828e-02,
         1.6690e-02,  6.5081e-02,  1.1300e-01,  3.4193e-02,  7.0666e-02,
         4.6362e-03, -1.4648e-02, -1.1359e-02,  2.9865e-02, -1.0545e-02,
         5.5221e-02,  8.7018e-02,  7.0185e-02, -4.1942e-02, -4.8395e-08,
        -1.0850e-01, -1.2113e-02, -6.0097e-04, -2.9037e-02,  6.3628e-02,
         5.7939e-02,  2.0185e-03,  7.2918e-02,  3.4272e-02, -1.1108e-02,
        -1.6910e-02,  1.8773e-02, -1.4222e-02, -2.7662e-02, -2.4455e-02,
         8.5416e-02,  3.0144e-02, -5.8812e-02,  1.3804e-02,  8.0987e-03,
        -6.5785e-02,  5.4922e-04, -9.3045e-03, -2.3794e-02, -9.5935e-03,
        -1.7237e-02, -5.3188e-03,  4.4358e-03, -1.0035e-02,  1.0037e-01,
         3.0400e-02,  5.4500e-02,  9.2539e-03, -2.0453e-02, -3.9949e-02,
        -3.8463e-03,  1.1413e-01,  1.8602e-02,  1.6064e-02, -6.3063e-02,
         4.7989e-02,  1.1122e-01, -5.5766e-02,  3.7076e-02,  4.7980e-02,
         3.1318e-04,  1.2630e-03, -3.3584e-02, -5.0796e-02, -1.1167e-01,
        -4.2078e-02, -3.5507e-02, -3.6980e-02, -5.4285e-02,  2.6504e-02,
        -1.7191e-02, -3.2225e-02,  2.5220e-02, -5.5264e-02, -1.1266e-03,
         6.0773e-02,  1.8138e-02,  3.6914e-02,  8.1343e-02], device='mps:0')"
The Dark Knight,Writing,"Goyer and Christopher Nolan collaborated for three months to develop The Dark Knight's core plot points. They wanted to explore the theme of escalation and the idea that Batman's extraordinary efforts to combat common crimes would lead to an opposing escalation by criminals, attracting the Joker, who uses terrorism as a weapon. The joker playing card scene in Batman Begins was intended to convey the fallacy of Batman's belief his war on crime would be temporary. Goyer and Nolan did not intentionally include real-world parallels to terrorism, the war on terror, and laws enacted to combat terrorists by the United States government because they believed making overtly political statements would detract from the story. They wanted it to resonate with and reflect contemporary audiences. Nolan described The Dark Knight as representative of his own ""fear of anarchy"" and Joker represents ""somebody who wants to just tear down the world around him.""
Although he was a fan of Batman (1989), starring Jack Nicholson as the Joker, Goyer did not consider Nicholson's portrayal scary and wanted The Dark Knight's Joker to be an unknowable, already-formed character, similar to the shark in Jaws (1975), without a ""cliché"" origin story. Nolan and Goyer did not give their Joker an origin story or a narrative arc, believing it made the character scarier; Nolan described their film as the ""rise of the Joker"". They felt the threat of cinematic villains such as Hannibal Lecter and Darth Vader had been undermined by subsequent films depicting their origins.
With the help of his brother Christopher, Jonathan Nolan spent six months developing the story into a draft screenplay. After submitting the draft to Warner Bros., Jonathan spent a further two months refining it until Christopher had finished directing The Prestige. The brothers collaborated on the final script over the next six months during pre-production for The Dark Knight. Jonathan found the ""poignant"" ending to be the script's most interesting aspect; it had always depicted Batman fleeing from police but was changed from him leaping across rooftops to escaping on the Batpod, his motorcycle-like vehicle. The dialogue Jonathan considered most important, ""you either die a hero or you live long enough to see yourself become the villain"", came late in development. Influenced by films such as The Godfather (1972) and Heat (1995), and maintaining the tone of Batman Begins, their finished script bore more resemblance to a crime drama than a traditional superhero film.
Comic-book influences included writer Frank Miller's 1980s works, which portray characters in a serious tone, and the limited series Batman: The Long Halloween (1996–1997), which explores the relationship between Batman, Dent, and Gordon. Dent was written as The Dark Knight's central character, serving as the center of the battle between Batman, who believes Dent is the hero the city needs, and the Joker, who wants to prove even the most righteous people can be corrupted. Christopher said the title refers to Dent as much as Batman. He considered Dent as having a duality similar to Batman's, providing interesting dramatic potential.
Focusing on Dent meant Bruce Wayne / Batman was written as a generally static character who did not undergo drastic character development. Christopher found writing the Joker the easiest aspect of the script. The Nolans identified the traits common to his media incarnations and were influenced by the character's comic-book appearances as well as the villain Dr. Mabuse from the films of Fritz Lang. Writer Alan Moore's graphic novel, Batman: The Killing Joke (1988), did not influence the main narrative but Christopher believed his interpretation of the Joker as someone partially driven to prove anyone can become like him when pushed far enough helped the Nolans give purpose to an ""inherently purposeless"" character. The Joker was written as a purely evil psychopath and anarchist who lacks reason, logic, and fear, and could test the moral and ethical limits of Batman, Dent, and Gordon. Christopher and Jonathan later realized they had inadvertently written their version similarly to Joker's first appearance in Batman #1 (1940). The final scene, in which the Joker states he and Batman are destined to battle forever, was not intended to tease a sequel but to convey that the diametrically opposed pair were in an endless conflict because they will not kill each other.","tensor([-3.4314e-03, -4.0864e-02, -1.0205e-01, -1.9538e-02,  7.0130e-02,
         6.4519e-02,  3.9678e-02,  5.4080e-02,  4.2254e-02,  9.6975e-03,
         6.1655e-02, -7.6343e-02, -1.0378e-02,  8.2907e-02,  2.9145e-02,
         7.5475e-03,  9.4819e-02,  1.6673e-02,  7.1713e-02,  1.1311e-01,
         1.8173e-02,  4.8898e-02, -3.1267e-02, -4.5767e-02, -1.0647e-01,
         7.5331e-02,  1.4076e-02, -3.4706e-02, -1.0643e-01,  8.1719e-02,
         1.4302e-02, -8.2089e-02, -4.2686e-02,  2.4140e-02,  1.8210e-02,
        -7.3707e-02, -1.2192e-02,  1.2780e-01,  2.4491e-02, -1.6537e-02,
        -3.8208e-02,  1.0607e-02,  2.6497e-03,  4.5291e-02,  1.5332e-02,
        -2.8460e-03, -2.6343e-02, -2.7823e-03, -5.5453e-02, -1.7060e-02,
        -9.1543e-04,  2.6431e-02, -8.2438e-02, -5.4247e-02,  3.4496e-02,
        -2.3862e-02, -4.3347e-02,  5.6613e-03,  1.0614e-01, -1.9590e-02,
        -5.1493e-03, -2.3890e-02,  7.1910e-02, -5.3321e-03,  4.5345e-02,
        -1.0692e-02,  1.3727e-02, -3.5337e-02, -5.0071e-02,  8.0392e-02,
        -9.4792e-03,  9.6749e-03,  7.9953e-02, -8.9850e-02, -5.8424e-02,
         2.0394e-02,  1.8981e-02,  1.0909e-01,  9.5230e-03,  2.4006e-03,
         7.0982e-02,  6.9766e-02, -1.8049e-02,  7.8119e-02, -1.2922e-02,
        -5.1969e-03, -1.1709e-02,  1.2870e-02,  1.1695e-02, -2.5123e-02,
        -2.3581e-02, -1.2915e-02,  1.9419e-02,  1.1910e-02,  1.6080e-02,
        -8.7509e-02, -3.8863e-02, -3.1582e-02,  1.2546e-02,  1.2188e-02,
        -4.0962e-02, -6.5765e-02,  2.9313e-02, -1.0561e-02,  7.8387e-02,
         3.5946e-02, -1.4603e-02, -1.5234e-04,  1.3629e-02,  2.3367e-02,
        -3.6659e-02,  4.4630e-02, -1.5446e-02, -9.8397e-02,  9.6900e-02,
         1.7571e-02,  5.2325e-02, -5.8777e-03, -4.0444e-02,  1.5332e-01,
         1.1068e-01,  1.2717e-02, -8.2834e-03,  5.5493e-02,  1.0239e-02,
        -9.3032e-02, -5.2321e-03,  5.9233e-34,  1.3849e-02, -4.3100e-02,
         4.0642e-02, -1.7097e-02,  1.6143e-02, -1.4949e-02, -3.2730e-02,
        -4.8884e-03, -1.1793e-02,  6.1530e-02,  6.2445e-03, -1.7232e-03,
        -4.8251e-02,  1.0019e-01, -1.9146e-02,  1.3379e-01, -3.2705e-02,
        -1.9611e-02,  3.4476e-02, -1.2884e-01, -7.1824e-02, -5.5533e-02,
         5.8819e-02, -1.9566e-02, -2.7212e-02,  2.6039e-02,  3.6445e-03,
        -1.0856e-01,  4.4713e-02, -2.4014e-02, -5.6628e-02,  6.9743e-02,
         1.6281e-02, -2.0114e-02,  6.0741e-02,  6.4710e-02, -5.8318e-03,
        -4.3567e-02,  1.3446e-02, -4.2916e-02, -6.5575e-03,  1.9969e-03,
        -6.8805e-02, -5.7702e-02, -6.7822e-04, -4.3884e-02, -2.2358e-02,
        -1.0663e-02, -1.1363e-01,  3.1674e-02,  7.4007e-02, -5.4991e-02,
        -2.9365e-02,  4.3387e-02, -1.2955e-01,  4.7733e-03, -3.4094e-02,
        -1.1249e-02, -2.5483e-03, -4.0189e-02, -2.9233e-02, -1.1769e-01,
        -6.7215e-02, -2.7392e-02, -3.8062e-02, -2.2629e-02, -2.8338e-02,
        -2.4621e-02, -3.6946e-02, -5.6944e-02, -4.7064e-03, -4.8977e-02,
         1.7380e-02, -4.7785e-02, -1.0724e-01,  6.2717e-03,  7.0724e-03,
         7.3121e-02, -3.4630e-03, -2.5265e-03, -5.8926e-03,  5.7637e-02,
        -1.4903e-03, -8.1545e-02, -5.0145e-02,  9.0721e-03, -4.9119e-02,
        -5.7445e-02,  4.2356e-02, -8.4065e-03,  4.7963e-02, -1.1152e-01,
         4.6483e-02,  1.4894e-02, -8.4396e-03, -2.8496e-33, -6.1732e-02,
        -9.0807e-02, -8.2990e-02,  3.0945e-03,  6.6946e-02, -4.3674e-03,
        -8.4196e-02,  2.5346e-02, -1.3823e-02, -4.9486e-02, -5.6456e-02,
        -1.5721e-02, -5.3528e-02,  4.7416e-02,  7.2019e-02, -3.0134e-02,
        -4.3541e-02,  5.5200e-02,  5.1207e-02, -1.4056e-02,  1.2614e-01,
        -8.0334e-02, -2.7775e-02, -3.9344e-02,  1.8021e-02,  9.7189e-02,
        -5.6797e-02, -1.2124e-02,  2.8187e-02,  3.5068e-02, -9.5071e-02,
         9.9512e-02,  3.5279e-02,  2.9961e-02,  8.2757e-03,  1.1251e-01,
        -5.3207e-02, -2.1421e-02,  3.3090e-02,  1.5745e-02, -6.0724e-02,
         1.0374e-02,  9.5499e-03, -8.2275e-02, -3.3306e-02,  3.2851e-02,
         1.0203e-01,  5.3621e-02,  4.5408e-02, -2.0636e-02, -8.3001e-03,
         3.3136e-02, -9.7345e-02, -2.7818e-02, -9.6514e-02,  5.0975e-02,
         2.7585e-03, -6.1686e-02, -8.7555e-03, -2.1451e-02, -4.5216e-02,
         2.5875e-02, -2.3872e-02, -8.7046e-02,  1.0693e-02,  3.2255e-02,
        -6.4306e-02,  2.6619e-02,  2.4312e-02, -6.9770e-02, -1.0237e-01,
        -3.7012e-02,  1.8662e-02,  2.1287e-02,  3.0303e-02, -1.0136e-01,
         3.3634e-02,  1.3052e-03, -2.3997e-02,  5.2647e-02, -9.8987e-03,
        -1.4666e-02,  4.5970e-02,  1.3096e-01, -4.7408e-02,  2.2831e-02,
         2.7822e-02, -1.7542e-02, -5.8638e-02,  1.2560e-02, -2.0636e-02,
         1.8139e-02,  2.4269e-02,  9.0160e-02, -2.2915e-02, -5.0373e-08,
        -6.1574e-02,  1.9527e-02, -2.0069e-02,  9.0536e-03,  1.5674e-02,
         5.7813e-02, -6.9985e-04,  1.2622e-03, -3.4720e-03, -9.4000e-03,
         6.3181e-02, -5.1305e-02, -3.6039e-02,  1.7943e-02, -3.8151e-02,
         1.2811e-01, -3.5384e-03, -8.0094e-02,  1.5005e-03,  2.5675e-03,
        -3.4470e-02,  9.6708e-03,  3.3441e-02, -1.4884e-02,  8.2153e-03,
         9.7059e-03, -6.0256e-02,  5.9443e-02, -2.8253e-02,  1.4937e-01,
        -1.7527e-02,  8.0876e-02, -2.3300e-02, -4.6794e-03, -1.4672e-02,
         1.1885e-02,  5.6507e-02, -1.2591e-02,  1.3682e-02, -3.0199e-02,
         2.5442e-02,  1.3534e-01, -4.9473e-02,  1.3603e-02,  3.5287e-02,
         1.8795e-02, -1.8339e-02, -1.9720e-02, -2.5493e-02, -9.7571e-03,
        -2.1668e-02,  1.2771e-02, -2.6226e-02, -4.8150e-03,  1.2536e-02,
        -2.0708e-03,  1.8931e-02, -2.3615e-02, -3.2668e-02,  9.3590e-03,
         4.7119e-03, -9.3314e-03,  4.8046e-02,  6.0060e-02], device='mps:0')"
The Dark Knight,Casting,"Describing how his character had evolved from Batman Begins, Christian Bale said Wayne had changed from a young, naive, and angry man seeking purpose to a hero who is burdened by the realization his war against crime is seemingly endless. Because the new Batsuit allowed him to be more agile, Bale did not increase his muscle mass as much as he had for Batman Begins. Nolan had deliberately obscured combat in the previous film because it was intended to portray Batman from the criminals' point of view. The improved Batsuit design let him show more of Bale's Keysi-fighting method training.
Nolan was aware that Nicholson's popular portrayal of the Joker would invite comparisons to his version, and wanted an actor who could cope with the associated scrutiny. Ledger's casting in August 2006 was criticized by some industry professionals and members of the public who considered him inappropriate for the role; executive producer Charles Roven said Ledger was the only person seriously considered, and that Batman Begins's positive reception would help alleviate any concerns. Nolan was confident in the casting because discussions between himself and Ledger had demonstrated they shared similar ideas regarding the Joker's portrayal. Ledger said he had some trepidation in succeeding Nicholson in the role but that the challenge excited him. He described his interpretation as a ""psychopathic, mass-murdering, schizophrenic clown with zero empathy"", and avoided humanizing him. He was influenced by Alex from the crime film A Clockwork Orange (1971), and British musicians Johnny Rotten and Sid Vicious.
Ledger spent about a month secluding himself in a hotel room while reading relevant comic books. He developed the character's voice by mixing a high-pitch and low-pitch, which was inspired by ventriloquist performances. His fighting style was designed to appear improvised and erratic. Ledger spent a further four months creating a ""Joker diary"" containing images and elements he believed would resonate with his character, such as finding the disease AIDS humorous. Describing his performance, Ledger said: ""It's the most fun I've had with a character and probably will ever have ... It was an exhausting process. At the end of the day, I couldn't move. I couldn't talk. I was absolutely wrecked."" In a November 2007 interview, Ledger said when committing himself to any role, he had difficulty sleeping because he could not relax his mind, and often slept only two hours a night during filming.
Nolan wanted to cast an actor with an all-American ""heroic presence"" for Harvey Dent, something he likened to Robert Redford but with an undercurrent of anger or darkness. Josh Lucas, Ryan Phillippe, and Mark Ruffalo were considered, as well as Matt Damon, who could not commit due to scheduling conflicts. According to Nolan, Eckhart had the all-American charm and ""aura ... of a good man pushed too far"". Eckhart found portraying conflicted characters to be interesting; he said the difference between Dent and Batman is the distance they are willing to go for their causes, and that after Dent's corruption he remains a crime fighter but he takes this to an extreme because he dislikes the restrictions of the law. Eckhart's performance was influenced by the Kennedy family, particularly Robert F. Kennedy, who fought organized crime with a similarly idealistic view of the law. During discussions on the portrayal of Dent's transformation into Two-Face, Eckhart and Nolan agreed to ignore Tommy Lee Jones's ""colorful"" portrayal in Batman Forever (1995), in which the character has pink hair and wears a split designer suit, in favor of a more realistic, slightly burnt, neutral-toned suit.
Describing his role as GCPD Lieutenant James Gordon, Oldman said Gordon is the ""moral center"" of The Dark Knight, an honest and incorruptible character struggling with the limits of his morality. Maggie Gyllenhaal replaced Katie Holmes as Rachel Dawes, as Holmes chose to star in the crime comedy Mad Money (2008) instead. Gyllenhaal approached Rachel as a new character and did not reference Holmes's previous performance. Nolan described Rachel as the emotional connection between Wayne and Dent, ultimately serving as a further personal loss to fuel Wayne's character. Gyllenhaal collaborated with Nolan on the character's depiction because she wanted Rachel to be important and meaningful in her relatively minor role. Musician Dwight Yoakam turned down a role as the bank manager or a corrupt police officer because he was recording his album Dwight Sings Buck (2007). Hong Kong actor Edison Chen had a role in the film, but this was mostly cut following his involvement in a sex photo scandal.","tensor([-8.5754e-03,  5.4457e-02, -6.0528e-02,  1.7033e-02,  4.3508e-02,
         5.8827e-02,  5.9134e-02,  1.1686e-01, -4.1505e-02,  3.8601e-02,
         1.8394e-02, -7.4095e-02, -6.2415e-03,  4.4249e-02,  5.2545e-02,
        -3.6319e-02,  1.1530e-01,  2.6288e-02,  3.4529e-02,  9.8268e-02,
        -3.5021e-02,  8.9426e-03,  9.9354e-03, -5.0264e-02, -8.1761e-02,
        -6.3878e-02, -1.4788e-02,  1.3270e-02, -5.7193e-02, -5.4322e-03,
         1.9869e-02, -2.2949e-02, -3.8680e-03,  1.2588e-02, -3.3696e-02,
        -3.6038e-02,  3.9796e-02,  1.9409e-01, -4.5354e-02, -6.9969e-02,
        -3.2317e-03, -3.3198e-02, -2.3538e-02, -2.7097e-02,  7.9618e-02,
        -4.8854e-02,  5.6479e-02,  1.2322e-02, -1.2415e-02, -3.9994e-02,
        -2.2676e-02,  8.3945e-04,  1.9386e-02, -4.6541e-02, -1.7110e-02,
         2.3180e-02,  5.2758e-03, -5.1771e-03,  9.9485e-02, -1.0888e-02,
        -6.7429e-02, -3.5617e-02,  3.9009e-02, -9.4469e-03,  3.0959e-02,
        -7.0782e-02,  1.2503e-02, -3.1572e-02,  1.2719e-02,  1.0295e-01,
         2.5768e-02, -4.3319e-02,  9.0204e-03, -6.6838e-02, -5.6087e-03,
         2.6950e-02,  7.5395e-03,  7.8024e-02,  6.1876e-02, -5.5708e-02,
         6.8197e-02,  1.4292e-02, -5.8528e-02,  1.7317e-02, -4.4895e-02,
         1.3847e-02,  5.3992e-02, -6.7331e-02, -9.1874e-03,  1.0365e-02,
         1.2360e-02,  1.8499e-02, -7.7815e-02,  1.7341e-03, -5.4886e-02,
        -4.4001e-02, -1.0399e-02,  9.2949e-03,  1.0794e-02,  5.4250e-02,
         4.6870e-02, -9.8828e-03,  7.9192e-02, -2.1693e-02,  5.5718e-02,
        -2.6788e-02,  3.0948e-02, -4.9407e-02,  6.0683e-03,  2.0550e-02,
         5.6703e-02,  1.7118e-02, -7.4151e-02, -3.8122e-02,  1.0020e-01,
         1.3056e-01, -1.2491e-02,  2.5296e-02, -6.2359e-02,  1.4906e-01,
         1.0326e-01,  2.4695e-02, -3.2385e-04,  1.1965e-02, -3.5166e-03,
        -4.1339e-02,  1.3280e-03,  2.3803e-33, -2.4688e-02, -3.0345e-02,
         3.6388e-02,  3.7789e-02,  2.6080e-02, -5.3101e-02, -2.7951e-02,
         1.7020e-02,  6.4837e-02,  1.7835e-02, -1.6769e-03, -5.7709e-02,
        -1.2842e-02,  1.0484e-01, -5.7447e-02,  9.4719e-02, -6.7360e-02,
        -1.7350e-02,  5.0318e-03, -5.1147e-02, -1.0727e-01, -5.8954e-02,
         1.6178e-02, -4.3064e-02, -4.1105e-02,  4.0129e-02,  5.0889e-02,
        -6.3214e-02,  1.6583e-02, -2.2518e-02, -2.3434e-02,  9.0812e-02,
         1.9319e-02, -2.6605e-02,  5.5926e-02,  1.6173e-02,  1.4847e-02,
        -7.8573e-02,  2.4812e-02, -1.1104e-02,  3.9626e-02,  5.2847e-02,
        -2.4574e-02, -8.3918e-02, -5.4381e-02, -2.7358e-02, -3.7703e-02,
        -3.0305e-02, -6.6654e-02,  8.1561e-02,  5.7156e-02, -1.2806e-03,
         2.6493e-02,  2.4445e-02, -5.2219e-02,  1.6768e-02, -5.5991e-02,
        -4.0645e-02,  7.2587e-03, -2.3719e-02, -1.3298e-02, -5.2834e-02,
        -9.9007e-02,  3.1759e-02, -1.3926e-01, -6.7217e-03, -3.4107e-02,
         5.4818e-04, -8.8397e-02, -4.2665e-02, -2.9538e-02, -8.1971e-02,
        -1.5845e-02,  1.1246e-03, -3.3286e-02,  7.5579e-03,  2.5729e-02,
         1.1564e-01, -6.7153e-04, -1.5510e-02,  3.4938e-02,  1.1181e-01,
        -3.6252e-02, -6.0064e-02, -9.4336e-02, -4.5689e-02, -5.9681e-02,
        -3.8175e-02,  6.3789e-02,  1.7195e-02,  3.9571e-02, -6.6480e-02,
        -2.6606e-03,  2.0187e-02, -1.7323e-02, -5.4381e-33, -8.7409e-02,
        -3.6742e-02, -3.2506e-02, -3.9394e-02,  5.1930e-02,  7.4225e-03,
        -8.1529e-02,  6.2306e-02,  2.9940e-02, -9.2658e-02, -1.6046e-02,
        -2.2766e-02, -8.9825e-02,  2.7805e-02,  4.9830e-02, -4.8960e-02,
        -1.2459e-01,  4.8065e-03,  5.8446e-02,  8.5693e-02,  1.3893e-01,
        -2.2041e-02, -2.7634e-02,  1.4646e-02, -6.9123e-05,  5.4262e-02,
        -4.9771e-02,  4.1343e-02,  4.1755e-02, -1.8912e-02, -6.5739e-02,
         5.4114e-02,  6.1342e-02,  5.7183e-02,  2.5525e-02,  4.3367e-02,
        -2.2868e-02,  1.7529e-02, -2.2832e-02,  1.1178e-01, -3.0477e-02,
        -2.0392e-02, -1.3356e-02, -5.4244e-02, -7.9476e-03, -6.4194e-02,
         7.6114e-02, -3.2322e-02,  1.1075e-02,  1.7504e-02, -6.8276e-03,
        -7.6142e-03, -6.7029e-02, -5.6603e-02, -8.8647e-02,  8.2939e-03,
         1.2290e-02, -2.9023e-02,  2.8075e-02, -3.0034e-02, -4.4914e-02,
         8.8386e-03, -6.8274e-03, -1.1996e-01,  2.4175e-04,  6.5731e-02,
        -5.8848e-02, -4.3850e-02, -6.2473e-02, -4.7955e-02, -6.3081e-02,
        -8.1647e-02,  4.0115e-02, -5.5878e-03,  8.7187e-03, -3.6305e-02,
         3.5662e-02, -3.3527e-02, -4.3323e-02, -6.2493e-02, -7.5856e-02,
        -3.3202e-02,  2.7843e-02,  3.4539e-02, -1.2117e-02,  1.3315e-01,
        -7.1038e-02, -4.8947e-02, -4.3043e-02,  2.0797e-02,  4.0900e-02,
        -4.4129e-03,  1.7870e-02,  7.4584e-02, -7.0405e-02, -5.8250e-08,
        -6.7906e-02, -3.4013e-02, -1.0663e-02,  2.7036e-02, -1.4940e-02,
         5.1991e-02, -8.7234e-03, -1.8026e-02,  1.9808e-02,  3.4733e-02,
         4.1918e-02,  6.9215e-02,  5.1045e-02, -3.1951e-02,  3.4175e-03,
         9.9459e-02, -9.7007e-02, -5.4803e-02, -4.4551e-02,  4.3170e-02,
        -2.1525e-02,  5.0351e-02, -1.8786e-02,  1.8271e-02,  6.1951e-02,
        -3.8933e-02, -5.4001e-02,  9.1839e-02, -7.5186e-02,  6.9731e-02,
         3.6902e-02,  9.9456e-02,  1.4707e-04, -6.5416e-04,  1.3487e-02,
        -1.0256e-02,  4.5163e-02, -6.0541e-02, -1.8514e-02, -8.4470e-03,
         1.0640e-02,  9.0933e-02, -4.3041e-02, -7.4778e-03,  3.4467e-02,
        -8.9449e-03, -2.5513e-02,  4.9886e-02, -5.1146e-02, -5.1854e-02,
        -6.3066e-02,  1.8621e-02, -9.3716e-03, -4.1450e-02,  1.0745e-03,
        -2.4689e-03, -1.9912e-02, -1.4226e-02, -8.4771e-04, -7.2480e-03,
         2.5606e-02, -6.5576e-02,  2.1049e-02,  7.4488e-02], device='mps:0')"
The Dark Knight,Pre-production,"In October 2006, location scouting for Gotham City took place in the United Kingdom in Liverpool, Glasgow, London, and parts of Yorkshire, and in several cities in the United States. Nolan chose Chicago because he liked the area and believed it offered interesting architectural features without being as recognizable as locations in better-known cities such as New York City. Chicagoan authorities had been supportive during filming of Batman Begins, allowing the production to shut stretches of roads, freeways, and bridges. Nolan wanted to exchange the more natural, scenic settings of Batman Begins such as the Himalayas and caverns for a modern, structured environment the Joker could disassemble. Production designer Nathan Crowley said the clean, neat lines of Chicagoan architecture enhanced the urban-crime drama they wanted to make, and that Batman had helped improve the city. The destruction of Wayne Manor in Batman Begins provided an opportunity to move Wayne to a modern, sparse penthouse, reflecting his loneliness. Sets were still used for some interiors such as the Bat Bunker, the replacement for the Batcave, on the outskirts of the city. The production team considered placing it in the penthouse basement but believed it was too unrealistic a solution.
Much of The Dark Knight was filmed using Panavision's Panaflex Millennium XL and Platinum cameras but Nolan wanted to film about 40 minutes with IMAX cameras, a high-resolution technology using 70 mm film rather than the more-commonly used format 35 mm; the finished film includes 15–20% IMAX footage, running for about 28 minutes. This made it the first major motion picture to use IMAX technology, which was generally employed for documentaries. Warner Bros. was reluctant to endorse the use of the technology because the cameras were large and unwieldy, and purchasing and processing the film stock cost up to four times as much as typical 35 mm film. Nolan said cameras that could be used on Mount Everest could be used for The Dark Knight, and had cinematographer Wally Pfister and his crew begin training to use the equipment in January 2007 to test its feasibility. Nolan particularly wanted to film the bank heist prologue in IMAX to immediately convey the difference in scope between The Dark Knight and Batman Begins.","tensor([ 7.7606e-02, -3.8436e-03, -5.9055e-02, -7.4976e-03,  6.5216e-02,
         2.1321e-02, -5.4636e-02,  1.5382e-02, -4.1454e-02,  5.0704e-02,
         6.1338e-03, -4.7134e-02, -2.9372e-02,  4.6672e-02,  1.5884e-02,
         2.9531e-02,  1.0414e-01, -2.7505e-03,  5.6623e-02,  4.1792e-02,
        -5.7500e-02, -4.9106e-02,  5.7303e-02, -8.3099e-02, -4.2655e-02,
         1.4826e-02, -2.2514e-02,  5.9348e-02, -8.7060e-03,  1.4320e-02,
         2.1999e-02,  2.6395e-02,  1.2865e-02,  3.6099e-02,  1.1645e-01,
         1.3308e-02,  7.1543e-03,  1.5224e-01,  9.5853e-03, -6.3521e-02,
         2.4778e-02,  3.7814e-02, -1.4715e-02, -2.7971e-04,  1.3618e-02,
         4.9939e-02,  4.5821e-02,  4.4927e-03,  3.4740e-02, -6.0811e-02,
         5.5176e-02,  6.2972e-02, -3.6400e-02,  1.3532e-03, -1.4052e-02,
         5.3695e-02, -1.2995e-02, -6.1490e-03,  5.8986e-02, -2.0405e-02,
        -1.0798e-02, -1.2226e-02, -5.4452e-02,  2.8288e-03,  1.0217e-01,
        -9.6385e-02, -4.5302e-02, -2.8677e-02,  1.7066e-02,  1.2971e-03,
         3.7547e-02,  6.8708e-04,  3.7229e-02, -7.9460e-02, -5.6190e-02,
         5.8138e-02,  9.6711e-03,  4.2603e-02,  2.2697e-02, -3.4538e-02,
         8.1760e-02,  4.9741e-02,  3.3472e-02,  5.8137e-02, -8.6186e-02,
         2.3081e-02, -1.4337e-02, -2.4256e-02,  3.2225e-02,  9.9980e-03,
         8.5178e-03,  1.7947e-03, -1.5835e-01,  1.7466e-02, -1.8946e-02,
        -9.0683e-02,  1.4384e-02,  6.1912e-04,  4.6925e-02,  2.3273e-02,
        -3.3576e-03, -3.3914e-02,  6.4115e-02, -6.5152e-02,  4.5769e-02,
        -3.7511e-02,  1.3462e-02,  5.2299e-02, -1.9124e-02,  6.2579e-02,
         1.6857e-02, -4.6416e-03, -3.2820e-02, -3.1447e-02,  7.4760e-02,
        -3.9339e-02,  3.5235e-02,  2.7997e-02, -3.5148e-02,  6.3064e-02,
         7.3176e-02,  1.5989e-02, -3.1061e-04,  2.0738e-02, -4.6689e-02,
        -7.2360e-02,  5.7955e-02,  6.7848e-35, -3.0305e-02, -4.7721e-02,
        -1.4346e-02,  6.4827e-02,  6.2044e-02, -4.9133e-02,  2.4589e-02,
         6.0414e-02,  1.2080e-02,  2.0309e-02,  7.2589e-02, -1.1903e-01,
        -3.0198e-02,  7.0427e-03,  1.0503e-02,  6.8640e-02,  5.7283e-02,
        -4.3860e-02, -4.7295e-02, -5.9818e-02, -4.9809e-02, -1.3519e-02,
         1.4537e-02, -4.4315e-02, -2.1818e-02,  1.7992e-02,  4.5255e-03,
        -2.7101e-02, -3.1427e-02, -2.3615e-02, -6.9759e-02,  1.4678e-01,
         2.1795e-02,  2.6931e-02,  6.0621e-02,  1.0498e-01,  4.8943e-02,
        -7.2143e-02, -1.1826e-02, -3.7836e-02, -4.2190e-02,  1.6819e-02,
        -5.2495e-02, -4.6855e-02,  1.8333e-02,  2.2502e-02, -6.5947e-02,
        -2.5790e-02, -3.3627e-02,  4.4893e-02,  5.3463e-02, -1.7219e-03,
        -4.7187e-02, -1.4059e-02, -4.9905e-02,  6.9654e-02, -7.0320e-03,
        -1.2727e-01,  7.6588e-02,  3.4883e-02, -3.3766e-02, -1.8869e-02,
        -1.0857e-01,  2.5632e-02, -2.7045e-02, -8.9551e-02, -3.7007e-02,
        -2.2077e-02, -3.1198e-02,  4.9582e-02, -6.2984e-02, -3.9589e-02,
         9.0914e-02, -7.7663e-03, -5.1694e-03,  1.9610e-02, -7.9988e-02,
         9.8425e-02,  2.3204e-02, -6.2589e-03,  1.4830e-02,  1.0551e-01,
        -7.7507e-02, -2.0002e-02,  6.4345e-02, -3.5940e-02, -2.7714e-02,
        -1.7131e-02, -1.2480e-02, -5.5044e-02, -6.7207e-03, -7.0509e-02,
        -1.1303e-03, -4.1617e-02, -2.4669e-02, -2.1974e-33, -2.9984e-02,
        -1.0117e-01, -7.5914e-02, -4.7961e-02,  5.6842e-03,  2.4120e-02,
        -1.1734e-01, -5.3095e-02,  1.8775e-02, -2.2285e-02, -9.0381e-02,
         7.8097e-03, -2.2510e-02,  4.5650e-02, -1.6299e-02, -3.0378e-02,
        -7.9261e-04, -1.4572e-03, -5.7566e-02,  7.2257e-02,  9.5191e-02,
        -1.7276e-02, -1.0217e-01, -3.8919e-02,  1.0003e-03,  3.7471e-02,
        -3.9844e-02,  3.1866e-02,  2.5929e-02,  3.2479e-02, -1.5268e-01,
         4.4027e-02,  2.0978e-02,  4.6785e-02,  5.2790e-02,  1.2423e-01,
         6.2429e-03, -5.2235e-02, -5.1523e-02,  5.4706e-02, -2.0906e-02,
         1.5639e-02, -3.9334e-02, -3.5019e-02,  5.7950e-04,  2.3853e-02,
        -3.0829e-03,  5.4672e-02, -4.0748e-03,  3.1343e-02,  1.0560e-02,
         3.3320e-02, -1.3493e-01,  2.3044e-03, -4.7736e-02,  1.7574e-02,
        -1.0353e-02, -2.4721e-02,  1.3040e-02, -4.8255e-02, -2.4031e-02,
         3.8175e-02, -7.3309e-02, -4.8139e-02, -1.2282e-02, -1.3886e-02,
        -2.9002e-02,  2.3016e-02, -1.7967e-02, -5.3048e-02, -7.4772e-02,
        -1.5316e-02,  6.6456e-02, -5.7718e-03,  4.3526e-03, -9.2173e-02,
         1.7698e-01,  1.6569e-02,  3.4605e-02,  1.0930e-04,  1.0287e-02,
         3.8913e-04,  2.7841e-02,  1.2226e-01,  8.6049e-02,  1.2123e-01,
        -4.3228e-02,  1.1715e-02, -6.9864e-02,  6.1165e-03,  2.6660e-02,
         5.6082e-02, -5.2994e-03,  9.7917e-03, -5.6037e-02, -5.4908e-08,
        -1.1761e-01,  3.4739e-02, -3.7286e-02, -7.3870e-03, -1.6421e-02,
        -5.1443e-02,  5.2203e-02,  7.9482e-02,  5.0852e-02,  2.6701e-02,
         6.6264e-03,  6.3385e-02, -1.1744e-02, -7.0506e-03, -1.0091e-01,
         7.4558e-02, -2.2008e-02, -5.0591e-02, -4.1563e-02,  4.4718e-02,
        -4.1990e-02,  3.8713e-02,  1.8109e-03,  2.9325e-02,  5.5642e-02,
        -4.9796e-02, -1.2617e-01, -2.0103e-02, -4.2930e-02,  8.2453e-02,
         1.6143e-05,  5.8288e-02,  4.7786e-02,  2.0630e-02,  3.0662e-02,
        -1.8227e-02,  6.9469e-02, -1.2636e-02, -1.2427e-02, -8.7991e-02,
        -1.2437e-02,  1.4849e-02,  5.0174e-03,  1.0417e-03,  1.6686e-02,
         8.2666e-03,  1.8276e-02,  1.8132e-02, -5.6315e-02, -4.5276e-02,
        -1.1680e-01,  4.5888e-02, -2.4180e-02, -1.4342e-02,  5.7679e-02,
        -3.7664e-02, -3.2770e-02, -5.1189e-02,  1.1302e-02,  1.0641e-02,
         1.2469e-02,  4.4241e-02, -5.9929e-02,  3.1784e-02], device='mps:0')"
The Dark Knight,Filming in Chicago,"Principal photography began on April 18, 2007, in Chicago on a $185 million budget. For The Dark Knight, Pfister chose to combine the ""rust-style"" visuals of Batman Begins with the ""dusk""-like color scheme of The Prestige (cobalt blues, greens, blacks, and whites), in part to address over-dark scenes in Batman Begins. To avoid attention, filming in Chicago took place under the ruse title Rory's First Kiss but the production's true nature was quickly uncovered by media publications. The Joker's homemade videos were filmed and mainly directed by Ledger. Caine said he forgot his lines during a scene involving one video because of Ledger's ""stunning"" performance.
The first scene filmed was the bank heist, which was shot in the Old Chicago Main Post Office over five days. It was scheduled early to test the IMAX procedure, allowing it to be refilmed with traditional cameras if needed, and it was intended to be publicly released as part of the marketing campaign. Pfister described it as a week of patience and learning because of the four-day wait for the IMAX footage to be processed. Filming moved to England throughout May, returning to Chicago in June.
Filming took place in the lobby of One Illinois Center, which served as Wayne's penthouse apartment; bookcases were built to hide the elevators. A floor of Two Illinois Center was decorated for Wayne's fundraiser. The crew was described as excited as this scene depicted the first meeting between Batman and the Joker. The windows in both settings were covered in green screen material, allowing Gotham City visuals to be added later. In July, three weeks were spent filming the truck chase scene, mainly on Wacker Drive, a multi-level street that had to be closed overnight. During filming, Nolan added a set-piece of a SWAT van crashing through a concrete barricade. The sequence continued on LaSalle Street, which was also used for the GCPD funeral procession, for a practical truck-flip stunt and helicopter sequence. Additional segments were filmed on Monroe Street and Randolph Street, and at Randolph Street Station.
Navy Pier, along the shore of Lake Michigan, served as Gotham Harbor in a climactic ferry scene. Scouts spent over a month searching for suitable vessels but were unsuccessful, so construction coordinator Joe Ondrejko and his team built ferry facades atop barges. The entire sequence was filmed in one day and involved 800 extras, who were moved through makeup and clothing departments in shifts. Exterior footage of the Gotham Prewitt Building, the site of Batman's and the Joker's final confrontation, was filmed at the in-construction Trump International Hotel and Tower. The owners refused permission to film a stunt in which Batman suspends a SWAT team from the building, so this was filmed from the fortieth floor of a separate building site. A former Brach's candy factory on Cicero Avenue scheduled for demolition was used to film the Gotham General Hospital explosion in August 2007. Filming in Chicago concluded on September 1, ending with scenes of Wayne driving and crashing his car, before the production returned to England.
The Dark Knight includes Chicago locations such as Lake Michigan, which doubled as the Caribbean Sea where Wayne boards a seaplane; Richard J. Daley Center (Wayne Enterprises exteriors and a courtroom); The Berghoff restaurant (GCPD arresting mobsters); Twin Anchors restaurant; the Sound Bar; McCormick Place (Wayne Enterprises interiors); and Chicago Theatre. 330 North Wabash served as offices used by Dent, mayor Garcia, and commissioner Loeb; and its thirteenth floor appears as Wayne Enterprises' boardroom; Pfister enhanced its large, panoramic windows and natural light with an 80-foot (24 m) glass table and reflective bulbs. A Randolph Street parking garage is where Batman captures Scarecrow and Batman impersonators. Nolan wanted several Rottweiler dogs in the scene but locating a dog-handler willing to simultaneously manage several dogs was difficult. A scene of Batman surveying the city from a rooftop edge was filmed atop Willis Tower, Chicago's tallest building. Stuntman Buster Reeves was due to double as Batman, but Bale persuaded the filmmakers to let him perform the scene himself. The thirteen weeks of filming in Chicago was estimated to have generated $45 million for the city's economy and thousands of local jobs.","tensor([ 6.7906e-03, -4.3759e-02, -4.9929e-02, -3.0073e-02,  5.4469e-02,
         3.1709e-02, -2.2388e-02,  5.2351e-02,  2.5702e-02,  2.6083e-02,
         4.8559e-02, -1.7802e-02, -5.7174e-02,  2.1826e-02, -1.5433e-02,
        -3.3112e-03,  1.5228e-01, -7.5285e-02,  2.3511e-02,  4.5819e-02,
        -2.0809e-02, -8.6700e-02,  6.9549e-02, -8.6411e-02, -1.7506e-02,
         1.0625e-02,  2.6009e-02, -8.9728e-03, -1.3492e-02, -3.6541e-02,
        -4.4098e-02, -6.5206e-02,  3.3100e-02,  2.5859e-02,  1.0385e-01,
        -3.4177e-02,  3.2639e-02,  9.2500e-02, -2.4068e-02, -1.3648e-02,
         4.0119e-02,  3.6613e-02, -3.0450e-02, -1.2978e-02,  3.1622e-02,
         6.2600e-02,  1.2447e-01,  3.3125e-02,  1.3431e-02, -5.3731e-02,
         2.1498e-02,  5.1453e-02, -1.3537e-02, -1.7704e-02, -2.8201e-02,
         3.1290e-02, -4.9798e-02, -6.1582e-02,  7.4239e-02, -1.6122e-02,
        -2.5219e-02,  2.0766e-02, -3.7103e-03, -1.6961e-02,  1.0004e-01,
         1.0813e-02,  2.3965e-02, -7.0709e-02,  2.2287e-02, -9.1275e-03,
        -4.1233e-02,  3.0207e-02, -1.8071e-02, -8.7448e-02, -1.1025e-01,
         1.7826e-02,  5.1868e-02,  3.5798e-02,  3.6417e-03, -8.5609e-02,
         1.0812e-01, -4.9008e-02,  2.1046e-02,  7.1175e-02, -1.0646e-02,
         2.3873e-02, -2.8505e-03,  2.4137e-02, -4.0728e-02, -1.6468e-02,
        -4.3333e-02, -2.4784e-02, -1.1841e-01, -3.4349e-03, -5.8319e-02,
        -6.0562e-02, -1.3035e-02,  2.4089e-02,  7.9408e-02,  3.1962e-02,
         4.3131e-02, -2.0041e-02,  6.1864e-02, -3.3730e-02,  7.9687e-02,
         4.0221e-02, -6.9787e-03,  6.3474e-02,  6.6500e-02,  4.8239e-03,
        -5.0187e-03,  1.7034e-02,  2.4928e-02, -2.4202e-02,  1.1860e-01,
         3.3848e-02, -1.1388e-02,  4.7902e-02, -2.3072e-02,  7.7544e-02,
         1.2101e-01,  2.8162e-02,  2.1727e-02,  1.6820e-02, -4.0202e-02,
        -8.4590e-02,  8.3062e-02, -1.1616e-33,  1.8010e-02, -1.1490e-02,
         2.5208e-02, -1.2832e-02,  3.4066e-02, -1.3990e-02,  1.3365e-02,
         5.5501e-02, -3.3883e-02,  5.7857e-02,  1.0943e-01, -1.3412e-01,
        -5.3340e-02,  4.1684e-02, -6.4601e-02,  4.4750e-02,  5.9098e-02,
         5.0709e-03,  6.1250e-02, -2.6062e-02, -1.1214e-01, -3.8446e-02,
         2.1850e-02, -1.3901e-02, -9.2439e-03,  2.8821e-02,  2.9415e-02,
         1.4182e-02,  4.6728e-02, -5.4713e-02, -4.2494e-02,  8.0314e-02,
         7.1005e-02,  1.2564e-02,  6.9286e-02,  8.6153e-03,  7.8188e-02,
        -9.4147e-02,  3.8005e-02, -3.4120e-02,  6.8712e-03,  6.2037e-02,
        -6.9791e-02, -7.4859e-02, -5.6479e-02,  4.4304e-02, -9.3426e-02,
         1.8456e-02, -1.3935e-02,  3.6772e-02,  8.5108e-02, -9.9535e-03,
        -3.3525e-02, -4.7526e-02, -9.2832e-02,  4.8261e-02, -4.0813e-03,
        -1.1856e-01,  3.8432e-02,  1.6818e-02,  5.9517e-03, -1.2891e-03,
        -1.1610e-01,  2.3517e-02, -1.1066e-01, -2.4545e-02, -2.3782e-02,
         4.4508e-02, -2.5490e-02, -1.2302e-02, -6.8242e-02, -5.8510e-02,
         4.3467e-02, -1.1797e-01,  7.8599e-02,  3.4619e-02, -7.0146e-02,
         9.0696e-02,  1.6441e-02,  6.6303e-02, -1.7995e-02,  9.3214e-02,
        -6.0032e-02, -4.4313e-02, -4.2730e-02, -2.8057e-02, -3.5004e-02,
         1.6949e-02,  1.6216e-02, -4.8897e-02, -4.0932e-03,  3.8840e-02,
         5.9624e-03,  1.3789e-02, -4.5704e-03, -1.2839e-33, -2.2717e-02,
        -3.1464e-02, -1.0069e-01,  9.7708e-03,  5.9518e-02, -5.5271e-04,
        -5.7838e-02,  2.2393e-02,  4.4141e-02, -4.4610e-02, -2.1145e-02,
        -3.9257e-02, -1.1467e-01,  1.7544e-02, -3.8525e-02, -2.3038e-02,
         6.4614e-03,  4.6846e-02, -2.3747e-02, -5.5539e-03,  9.4944e-02,
        -7.0712e-02,  2.2631e-02,  4.8083e-02, -3.8486e-02,  7.1481e-02,
        -1.1219e-02,  7.0199e-02,  4.1081e-02,  2.6429e-02, -6.4711e-02,
         7.8387e-02,  5.3616e-02,  5.3747e-02, -6.0199e-02,  1.1080e-01,
        -4.1585e-02, -5.9110e-02, -5.8192e-02,  9.8992e-02,  2.0402e-02,
        -5.3897e-04, -4.5945e-02, -8.2093e-02, -1.9240e-02,  2.2512e-02,
         2.0004e-02,  2.5159e-02,  4.1582e-02,  2.5974e-02, -2.2180e-02,
         5.1499e-02, -1.0480e-01,  5.1427e-03, -4.7815e-02,  2.6991e-02,
         9.1776e-03, -3.8340e-02,  4.4685e-02,  3.9338e-02,  1.4776e-02,
         4.4081e-02, -8.9844e-02, -9.1959e-02, -3.3427e-02, -1.3288e-02,
         1.3949e-02, -8.6514e-03, -1.1856e-02, -3.5100e-02, -6.3177e-03,
        -9.8154e-03,  3.9297e-02, -1.0839e-02,  4.9682e-03, -3.1328e-02,
         7.7419e-02, -2.9152e-02,  2.2938e-02, -4.8038e-04, -4.6012e-02,
        -7.2345e-02,  6.3477e-02,  7.7197e-02,  1.8086e-02,  8.1457e-02,
         1.4496e-02, -6.3261e-02, -4.1084e-02,  3.4138e-02, -2.7335e-03,
         1.4703e-02,  3.5895e-02, -1.5829e-03, -8.5652e-02, -5.5523e-08,
        -8.1397e-02, -2.5120e-03,  2.2911e-03, -3.3481e-02,  3.8922e-02,
        -3.8590e-02,  3.1791e-02,  2.1912e-02,  6.4732e-02, -2.6553e-02,
        -2.6432e-02, -8.7111e-03, -6.9055e-03, -4.3132e-02, -4.5790e-02,
         7.3498e-02, -1.7770e-02, -6.8474e-02,  1.7524e-02, -3.0043e-02,
        -7.6851e-02, -3.8214e-03,  5.2394e-02, -6.9432e-02,  1.9401e-02,
        -5.0162e-02, -2.7707e-02,  6.1675e-02,  2.2244e-02,  1.4397e-01,
        -4.2202e-02,  5.2061e-02,  6.6114e-02, -6.9784e-02,  1.3035e-02,
        -9.5880e-02,  3.8279e-03,  1.1891e-03,  1.8773e-02, -1.1780e-02,
        -5.8293e-02,  4.3728e-02, -4.4314e-02, -2.6298e-02,  4.0365e-02,
         4.6627e-02, -1.0844e-02, -1.0534e-02, -6.1086e-02, -5.5303e-02,
        -6.5811e-02, -1.5583e-02, -4.2238e-02, -1.2693e-02,  6.5101e-02,
        -3.3380e-02,  1.8670e-02, -3.6870e-02, -2.3480e-02, -1.5021e-02,
         2.2591e-02, -4.6773e-02, -7.3303e-02,  2.9209e-02], device='mps:0')"
The Dark Knight,Filming in England and Hong Kong,"Many interior locations for The Dark Knight were filmed on sets at Pinewood Studios, Buckinghamshire, and Cardington Airfield, Bedfordshire; these locations include the Bat Bunker, which took six weeks to build in a Cardington hangar. The Bat Bunker was based on 1960s Chicago building designs, and was integrated into existing concrete floor, and used the 200-foot (61 m) long, 8 ft (2.4 m) tall ceiling to create a broad perspective. The 160-foot (49 m) tall hangar was unsuitable for suspending the bunker roof, and an encompassing gantry was built to hold it and the lighting. After moving from Chicago in May, scenes filmed in the UK also include Criterion Restaurant, where Rachel, Dent, and Wayne share dinner, and a Gotham News scene that was filmed at the University of Westminster. The GCPD headquarters was rebuilt in the Farmiloe Building. During the interrogation scene, Ledger asked Bale to physically hit him and, although he declined, Ledger cracked and dented the walls by throwing himself around.
After returning to England in the middle of September, scenes were filmed for the ferry, hospital, and Gotham Prewitt building interiors. By mid-October, interior and exterior scenes of Rachel being held hostage surrounded by barrels of gasoline were filmed at Battersea Power Station. To avoid damaging the power station, a listed building, a false wall was built in front of it and lined with explosives. Nearby residents contacted emergency services believing the explosion was a terrorist attack. Filming in England concluded at the end of October with a variety of green-screen shots for the truck-chase sequence, and shots of Rachel being thrown from a window were filmed on a set at Cardington.
The final nine days of production took place in Hong Kong and included aerial footage from atop the International Finance Centre, as well as filming at Central to Mid-Levels escalator, The Center, Central, The Peninsula Hong Kong, and Queen's Road; and a stunt involving Batman catching an in-flight C-130 aircraft. Despite extensive rehearsals of Reeves jumping from the McClurg Building in Chicago, a planned stunt to depict Batman leaping from one Hong Kong skyscraper to another was canceled because local authorities refused permission for helicopter use; Pfister described the officials as a ""nightmare"". Nolan disputed a report that said a scene of Batman leaping into Victoria Harbour was canceled because of pollution concerns, saying it was a script decision. The 127-day shoot concluded on November 15, on time and under budget.","tensor([ 7.5989e-02,  1.7641e-02, -2.7835e-02, -7.6226e-03,  8.7898e-02,
        -5.9186e-04, -1.0617e-01,  3.1922e-02, -1.3158e-02,  2.0348e-02,
         3.4427e-02, -2.8876e-02,  2.5920e-02,  1.5935e-02,  3.3792e-02,
        -4.6153e-02,  1.4994e-01, -9.4288e-03, -1.3549e-02,  5.2397e-02,
        -5.7186e-02, -6.3598e-02,  7.0749e-02, -7.0026e-02, -1.9170e-03,
        -4.7052e-02,  6.4684e-03,  3.4079e-02, -1.7156e-02, -1.6468e-02,
         4.1528e-03, -1.8851e-02,  3.9728e-03,  9.3197e-02,  1.0955e-01,
         1.8605e-02,  8.6570e-02,  7.4404e-02,  1.1887e-02, -3.2483e-02,
        -1.4513e-02,  2.7525e-02,  2.8864e-02,  1.7622e-02,  1.8679e-02,
         1.0758e-01,  1.9965e-02, -5.5972e-02, -3.2582e-03, -1.0766e-01,
        -1.6927e-02,  7.2629e-02, -2.5267e-02,  2.6097e-02, -5.4531e-02,
        -3.9040e-03,  2.2068e-02, -2.8696e-02,  5.3525e-02,  1.8489e-03,
        -3.4643e-03, -8.4600e-03, -2.6492e-02, -7.0195e-03,  4.8635e-02,
         1.4413e-04, -7.9550e-02, -6.6854e-03,  3.2359e-02, -1.1003e-02,
         3.8914e-02,  2.1223e-02, -2.1798e-02, -1.6077e-01, -5.2570e-02,
         6.6304e-02,  2.4299e-02, -2.6239e-02,  1.5552e-02, -3.5907e-02,
         9.5407e-02, -6.8665e-03,  4.4298e-02,  9.7600e-02, -5.3105e-02,
         9.3272e-03,  5.5940e-02,  2.2151e-02, -1.0193e-02,  1.8841e-02,
        -2.6436e-02, -3.4254e-02, -1.4318e-01,  6.8365e-02, -1.2321e-02,
        -1.1603e-01,  4.3695e-03,  1.1352e-02,  2.0230e-02,  9.0558e-03,
         2.9077e-02, -5.3451e-02,  6.8571e-02, -6.4112e-03,  3.2212e-02,
         3.8486e-02,  2.0635e-02,  5.2440e-02,  2.2486e-02, -4.2240e-02,
         1.5593e-02,  4.2720e-02,  5.2312e-03, -3.5593e-02,  5.6831e-02,
        -2.7862e-02,  4.9583e-02,  2.2939e-03, -3.8301e-02,  5.3752e-02,
         8.2540e-02,  7.5411e-02,  6.0862e-02, -2.4685e-02, -3.0370e-02,
        -2.5396e-02,  9.8789e-02,  2.4436e-34, -2.5580e-02,  3.7438e-03,
        -5.0634e-02,  3.2994e-02,  8.5564e-02,  1.2312e-02, -2.0174e-02,
         8.0528e-02,  5.2580e-03,  6.4498e-02,  6.9658e-02, -1.2332e-01,
        -3.0527e-02, -1.9360e-02,  1.7005e-02,  6.7732e-02,  4.3125e-02,
         3.5504e-02, -8.2477e-02,  7.8655e-04, -5.8399e-02, -9.3602e-02,
        -2.3712e-02,  7.3828e-03, -6.8835e-03,  2.0992e-03,  4.8401e-02,
         3.4944e-02, -1.9089e-02, -3.4505e-02, -6.4891e-02,  9.0163e-02,
         8.6000e-02,  9.3033e-02,  2.7052e-02,  5.3816e-02,  3.1107e-02,
        -7.2582e-02,  2.9450e-02, -7.6027e-02, -9.2972e-03,  3.7066e-02,
        -1.2047e-02, -4.8628e-02, -4.7270e-02, -1.5458e-02, -4.6639e-02,
        -9.6672e-02, -9.6483e-03,  4.0132e-02,  1.0136e-01,  1.4300e-02,
        -7.9433e-02, -3.9706e-02, -6.8209e-02,  5.1729e-02, -1.4585e-02,
        -1.0907e-01,  1.3216e-01,  3.8284e-02,  3.3260e-03,  3.8289e-02,
        -7.2915e-02, -5.4322e-03, -6.2774e-02, -3.5335e-02, -7.6343e-02,
        -2.0997e-02, -2.3637e-02,  2.1869e-02, -6.4751e-02, -8.6801e-02,
         9.7636e-02, -6.0576e-02,  7.1222e-03,  2.3427e-02, -1.0944e-01,
         5.8081e-02,  2.4930e-03,  2.5145e-02,  1.5600e-02,  9.0497e-02,
        -5.5957e-02, -1.1864e-02,  6.8958e-03, -5.7066e-02, -5.1096e-02,
        -7.7429e-03, -1.3780e-03, -2.2506e-02, -3.0429e-02, -6.2142e-02,
        -1.3040e-02, -4.0030e-02,  3.3519e-02, -1.5477e-33,  7.1757e-03,
        -7.7089e-02, -1.1533e-01, -6.8457e-02,  2.6758e-02,  7.7929e-03,
        -7.7613e-02, -3.9717e-02,  1.5318e-02, -4.3967e-02, -8.6432e-02,
         1.3182e-02, -2.9118e-02,  3.3453e-02, -6.2891e-02, -9.3001e-03,
         2.7370e-02,  3.0284e-03, -4.6788e-02,  2.1485e-02,  1.2379e-01,
        -6.6031e-02, -2.8540e-02,  6.6132e-02,  1.2421e-02,  7.9752e-02,
         3.6325e-02,  2.7209e-02,  5.4637e-02, -2.1637e-02, -1.2203e-01,
         3.2450e-02,  2.0769e-02,  9.7150e-02,  2.3495e-02,  7.3418e-02,
         3.1179e-02, -1.5712e-02, -6.7101e-02, -4.1269e-02, -2.2940e-03,
         3.1709e-02, -6.3378e-02,  1.2780e-02,  7.5439e-03,  2.4826e-02,
         3.2764e-02,  9.1405e-03,  5.4096e-02,  3.2816e-02, -3.6887e-02,
         4.3577e-02, -9.8344e-02,  6.0863e-02, -3.4129e-02, -1.4688e-02,
        -1.7923e-02, -3.1977e-02,  5.0468e-02, -1.8945e-02, -3.3221e-03,
         5.5275e-02, -5.8459e-02, -8.3556e-02, -1.8622e-02, -5.4668e-03,
        -7.6178e-02,  1.8342e-02, -3.6575e-02, -1.8697e-03, -5.1440e-02,
         2.5586e-02,  8.5959e-02,  8.4588e-03,  1.1022e-02, -5.9484e-02,
         1.0603e-01,  6.6756e-03,  1.5623e-02, -8.2683e-04,  2.0115e-02,
        -4.8752e-02,  8.7976e-03,  8.9370e-02,  6.4517e-02,  7.3118e-02,
         2.6694e-03,  2.7016e-02, -6.5479e-02, -7.0079e-02, -7.7854e-03,
         3.7572e-02,  7.0198e-03, -1.6852e-02, -7.3110e-03, -5.6702e-08,
        -1.0499e-01,  3.4898e-02, -2.9961e-02, -4.1034e-02, -4.7713e-02,
        -7.3517e-02,  4.7420e-02,  2.8463e-02,  8.8786e-02,  4.7552e-03,
        -2.4507e-02,  2.9936e-02, -1.6129e-02, -4.6204e-02, -1.2089e-01,
         6.1488e-02, -6.3936e-02, -9.3265e-02, -4.2273e-03,  5.4155e-02,
         1.7539e-03, -4.0987e-03,  2.8171e-02,  4.7865e-02,  7.5741e-03,
        -1.9873e-02, -6.1761e-02, -1.3108e-02, -1.6212e-02,  8.0435e-02,
        -1.2260e-02,  5.1632e-02,  3.3574e-02, -4.0230e-02,  3.8970e-02,
        -1.2008e-02,  6.5025e-02,  1.6135e-02,  3.1122e-02, -2.6394e-02,
        -4.2014e-02, -4.3382e-02, -1.5967e-02, -3.9989e-02,  2.9729e-02,
         4.0257e-02, -2.4234e-02, -1.1702e-02, -6.9230e-02,  1.5794e-02,
        -3.2640e-02,  1.5793e-03, -3.6881e-02,  4.6505e-02,  4.6276e-02,
        -2.1628e-03,  2.1481e-02, -9.3702e-02,  4.3796e-02,  2.1270e-03,
         2.7915e-04, -3.2036e-02, -6.4876e-02,  5.0609e-02], device='mps:0')"
The Dark Knight,Post-production,"Editing was underway in January 2008 when Ledger, aged 28, died from an accidental overdose of a prescription drug. A rumor his commitment to his performance as the Joker had affected his mental state circulated, but this was later refuted. Nolan said editing the film became ""tremendously emotional, right when he passed, having to go back in and look at him every day [during editing] ... but the truth is, I feel very lucky to have something productive to do, to have a performance that he was very, very proud of, and that he had entrusted to me to finish"". Because Nolan preferred to capture sound while filming rather than re-recording dialogue in post-production, Ledger's work had been completed before his death, and Nolan did not modify the Joker's narrative in response. Nolan added a dedication to Ledger and stuntman Conway Wickliffe, who died during rehearsals for a Tumbler (Batmobile) stunt.
Alongside lead editor Lee Smith, Christopher Nolan took an ""aggressive editorial approach"" to editing The Dark Knight to achieve its 152-minute running time. He said no scenes were deleted because he believed every scene was essential, and that unnecessary material had been cut before filming. The Nolans had difficulties refining the script to reduce the running time. After removing so much material that they believed the story had become incomprehensible, they added more scenes.","tensor([ 1.9985e-02, -3.2239e-03, -5.9544e-02, -1.2168e-02,  7.4073e-02,
         3.0458e-02, -1.7684e-02,  8.2645e-02,  5.5492e-02,  2.7701e-02,
         2.1804e-02,  7.1954e-03,  1.1944e-02,  1.8959e-03, -3.0273e-03,
        -5.0004e-02,  5.2592e-02,  3.2732e-02, -5.3892e-02,  6.3187e-02,
        -9.9564e-03,  4.8820e-02,  4.6797e-02, -4.8171e-02, -5.5283e-02,
         9.8082e-04, -5.3065e-02, -3.0125e-02, -6.9175e-02,  2.6227e-03,
        -2.8847e-02, -3.4474e-02, -1.4239e-02,  1.4573e-02,  5.4586e-03,
         4.2243e-02, -4.1570e-02,  9.9993e-02,  1.8301e-02, -9.3976e-02,
        -3.1816e-02, -4.1571e-02, -1.9705e-02,  2.6124e-02,  4.5686e-02,
         2.2579e-02,  1.1373e-02, -8.6421e-02,  4.4396e-03,  4.3241e-02,
        -5.5077e-02,  3.6000e-02, -1.5511e-03, -5.4721e-03, -1.6869e-02,
         1.1171e-02,  1.8035e-02,  1.1777e-02,  7.4380e-02, -7.1442e-03,
        -3.6722e-02, -1.6196e-02,  5.6617e-02, -2.0652e-02,  5.6867e-02,
        -1.9687e-02,  2.5477e-02, -6.0425e-02,  4.2235e-03,  1.1540e-01,
         2.2677e-02, -2.0974e-02, -7.3240e-03, -5.9888e-02, -1.1696e-01,
         8.8286e-03,  5.8032e-03,  3.2713e-02, -1.3498e-02, -2.0672e-02,
         1.1781e-01, -1.5973e-02, -1.5261e-03,  5.8568e-02,  7.9355e-03,
        -1.9815e-03,  1.6210e-02, -7.7698e-03,  1.6987e-02,  2.5217e-02,
         1.7799e-02,  5.1392e-04, -9.3611e-03, -4.3591e-02, -1.3818e-02,
        -1.1501e-01, -1.4563e-02,  4.8247e-02, -2.1727e-02,  4.7083e-02,
        -2.0508e-02, -6.2144e-02,  5.2484e-03, -1.0481e-02,  7.4098e-02,
         1.7525e-02,  4.0743e-02,  3.5331e-02, -6.2852e-03, -3.0831e-03,
         2.5920e-03,  3.5515e-02,  3.0801e-02, -1.4376e-02,  1.4966e-01,
         4.9982e-02, -5.4905e-02,  4.2188e-02, -4.3230e-02,  1.5363e-01,
         8.8694e-02,  4.2839e-02,  3.0121e-02, -7.5314e-03, -9.3845e-03,
        -2.1973e-02,  1.1889e-01,  1.9735e-33,  4.6044e-02,  2.7948e-03,
         2.2157e-02,  2.1023e-02,  1.0232e-01,  2.0058e-02, -3.3435e-02,
        -8.4734e-04,  3.1290e-02, -6.0726e-03,  1.0324e-01, -7.2208e-02,
        -1.1740e-02,  7.1626e-03, -4.2166e-02,  1.1713e-01, -2.1181e-02,
         1.6632e-02, -1.0401e-02, -7.3291e-02, -3.5597e-02, -5.5375e-02,
        -2.2224e-02, -2.1737e-02, -6.8041e-02,  5.1024e-02,  3.3603e-02,
        -3.9243e-02,  8.4358e-02, -2.5533e-02, -7.8592e-02,  4.5714e-02,
         5.2956e-02, -3.9989e-02,  4.8540e-02, -2.0392e-04,  1.0306e-02,
        -6.6154e-02,  5.5692e-02, -3.2608e-02, -3.8792e-02,  3.3606e-02,
        -3.4606e-02, -7.1991e-02, -1.1286e-01, -6.2819e-03,  5.6042e-02,
         7.6385e-02, -4.0696e-02,  2.9812e-02,  1.0563e-01, -4.8142e-03,
         9.3416e-03, -7.7811e-02, -1.0044e-01,  7.6364e-02,  4.0250e-02,
        -1.2378e-01,  1.4931e-02,  6.8319e-02,  3.0598e-02, -4.4288e-02,
        -8.1587e-02, -1.8336e-03, -8.4646e-02,  1.0195e-02, -5.6003e-02,
        -6.5758e-03, -2.0922e-03, -9.3647e-02, -6.8744e-02, -1.2504e-01,
        -2.3782e-02, -5.3948e-02, -4.8787e-02,  3.2478e-03, -3.7990e-02,
         4.1155e-02, -4.6665e-02,  4.8896e-03,  5.9341e-02,  5.1569e-02,
        -9.8356e-02, -6.2623e-02,  1.0589e-02, -6.9638e-02, -7.7648e-02,
        -5.8544e-02,  1.7051e-02, -8.8632e-03,  8.8712e-03, -1.1526e-01,
         4.4332e-03, -1.6428e-02, -6.6228e-02, -2.7079e-33, -6.7847e-02,
        -4.5252e-02, -6.6817e-02,  5.2467e-02,  5.9137e-02, -4.7766e-02,
        -1.0571e-01,  1.2037e-02,  4.9470e-02, -9.7608e-02, -6.6921e-03,
        -1.2718e-02, -7.2022e-02,  6.9305e-02, -7.0699e-02, -3.3317e-02,
        -1.6872e-02, -5.0178e-03, -3.3192e-02, -1.0633e-02,  1.4808e-01,
        -5.4852e-02,  5.2225e-02,  4.6950e-02, -2.3103e-02,  9.1544e-02,
        -2.9584e-02,  7.6468e-02,  6.5824e-02,  3.0782e-03, -6.4621e-02,
         1.5127e-02,  5.0667e-02,  4.1571e-02,  3.6272e-02,  4.0156e-02,
        -6.8798e-03, -7.5624e-03, -6.1477e-02,  8.2825e-03,  5.8879e-02,
        -1.4880e-03, -1.4855e-02, -3.4717e-02,  1.8543e-02,  5.7299e-03,
         3.0318e-02,  3.0688e-02,  1.7968e-02,  3.5359e-02, -1.5820e-02,
         2.6133e-03, -1.1543e-01,  3.1306e-02, -4.6188e-02,  4.3392e-02,
         3.2296e-02, -8.6376e-02,  9.2848e-02, -8.3130e-02, -6.4030e-02,
         9.1932e-02,  1.2239e-02, -9.4370e-02,  3.5287e-02,  4.1932e-02,
         2.6518e-02, -1.4913e-02, -3.2963e-02, -3.6335e-02, -1.1824e-02,
        -9.2624e-03,  6.0557e-02, -1.7875e-02,  4.4085e-02, -2.4978e-02,
        -2.8749e-02,  1.0735e-02, -6.6091e-02, -6.9596e-02, -2.1652e-02,
        -4.8771e-02,  7.7873e-02,  2.7433e-02, -9.1941e-02,  9.4422e-02,
         3.9439e-02, -3.1639e-02, -3.2563e-02,  8.7884e-03, -2.3333e-02,
         3.6167e-02,  9.0853e-02,  1.2750e-01, -6.5296e-02, -5.4951e-08,
        -6.5978e-02,  6.4153e-02, -4.9552e-02, -4.6791e-02,  5.5300e-02,
        -5.1314e-02,  5.4171e-02,  8.9045e-02,  3.2236e-02,  4.7342e-02,
         7.0016e-02,  9.5045e-03, -3.2110e-02, -1.9228e-02, -2.3560e-02,
         2.9483e-02, -3.0271e-02, -3.3939e-02, -1.2089e-02, -2.3851e-03,
         1.0829e-02,  2.7718e-02,  7.6550e-02, -2.0213e-02,  6.2417e-02,
         1.4223e-03, -1.4988e-02,  5.3511e-03, -6.3462e-02,  6.6833e-02,
        -2.1736e-02,  6.2405e-02,  1.5281e-02,  5.1764e-02, -5.9187e-02,
        -8.7394e-02,  3.3380e-02, -4.7702e-03, -1.1343e-02,  3.8402e-02,
        -9.5052e-03,  1.3783e-01, -4.3080e-02,  3.1084e-02,  3.7808e-02,
        -7.4550e-02, -1.8113e-03, -1.2099e-02, -1.6965e-02, -3.1142e-02,
        -2.4258e-02, -1.7062e-03, -3.2789e-02,  3.0143e-02,  1.0838e-02,
        -1.8133e-02, -1.8685e-02, -2.3026e-04, -6.6297e-02, -3.2253e-02,
         3.9271e-02, -3.7242e-02,  8.1261e-03,  4.4273e-03], device='mps:0')"
The Dark Knight,Special effects and design,"Unlike the design process of Batman Begins, which was restrained by a need to represent Batman iconography, audience acceptance of its realistic setting gave The Dark Knight more design freedom. Chris Corbould, the film's special effects supervisor, oversaw the 700 effect shots Double Negative and Framestore produced; there were relatively few effects compared to equivalent films because Nolan only used computer-generated imaging where practical effects would not suffice. Production designer Nathan Crowley designed the Batpod (Batcycle) because Nolan did not want to extensively re-use the Tumbler. Corbould's team built the Batpod, which is based on a prototype Crowley and Nolan built by combining different commercial model components. The unwieldy, wide-tired vehicle could only be ridden by stuntman Jean Pierre Goy after months of training. The Gotham General Hospital explosion was not in the script but added during filming because Corbould believed it could be done.
Hemming, Crowley, Nolan, and Jamie Rama re-designed the Batsuit to make it more comfortable and flexible, developing a costume made from a stretchy material covered in over 100 urethane armor pieces. Sculptor Julian Murray developed Dent's burnt-facial design, which is based on Nolan's request for a skeletal appearance. Murray went through designs that were ""too real and more horrifying"" before settling on a more ""fanciful"" and detailed but less-repulsive version. Hemming designed Joker's overall appearance, which he based on fashion-and-music celebrities to create a modern and trendy look. Influence also came from the 1953 painting Study after Velázquez's Portrait of Pope Innocent X by Francis Bacon—suggested by Nolan—and the character's comic-book appearances. The outfit consists of a purple coat, a green vest, an antique shirt, and a thin, 1960s-style tie that Ledger suggested. Prosthetics supervisor Conor O'Sullivan created Joker's scars, which he partly based on a scarred delivery man he met, and used his own technique to create and apply the supple, skin-like prosthesis. John Caglione Jr designed Joker's ""organic"" makeup to look as though it had been worn for days; this idea was partly based on more of Bacon's works. Caglione Jr used a theatrical makeup technique for the application; he instructed Ledger to scrunch up his face so different cracks and textures were created once the makeup was applied and Ledger relaxed. Ledger always applied the lipstick himself, believing it was essential to his characterization.","tensor([-8.3820e-04,  1.1512e-01, -7.6079e-02, -3.2965e-02,  1.9475e-03,
         6.1650e-04, -1.4325e-02,  6.8787e-02, -1.8434e-02,  7.8794e-02,
         3.0855e-03, -6.0496e-02, -8.6912e-03,  5.5003e-02,  3.7300e-03,
        -4.9174e-02,  1.2310e-01,  4.3205e-02,  2.3579e-02,  7.1524e-02,
         6.5909e-02,  5.7256e-02,  1.7384e-02, -3.7354e-02, -4.9045e-02,
         1.4284e-02, -1.9186e-02, -1.1085e-02, -2.4239e-02, -4.7149e-02,
         3.8934e-05, -2.5875e-02, -4.2904e-02, -2.7924e-02,  5.4481e-02,
        -2.9761e-03,  4.9585e-02,  1.5314e-01, -3.5668e-03, -2.3272e-02,
        -5.4767e-02,  6.0682e-02,  1.5126e-02,  5.0729e-02,  6.2659e-02,
         1.0138e-01,  4.1964e-02, -2.4155e-02, -1.5652e-02,  1.8787e-02,
         1.9208e-02, -1.2650e-02,  5.3189e-02, -2.0494e-02,  4.5771e-02,
        -9.4621e-03, -4.1144e-02, -8.3257e-03,  4.9835e-02, -5.8283e-02,
        -9.7399e-03, -1.7404e-02,  3.5136e-02,  2.1172e-03,  6.4432e-02,
        -7.1611e-02, -4.0302e-02, -1.0311e-01, -6.4209e-03,  3.1515e-02,
         4.4652e-02, -2.7762e-02,  4.0248e-02, -1.3680e-01, -1.0145e-01,
         2.3963e-02,  5.2255e-02,  5.8553e-02,  1.2602e-02,  4.6264e-02,
         4.2301e-02,  2.8421e-02,  3.3160e-02,  1.0204e-03, -2.7941e-02,
         8.8131e-02,  4.3955e-02,  3.3489e-05, -7.7008e-02,  6.4807e-02,
         1.4257e-02,  7.5241e-03, -4.2844e-02, -3.6400e-02, -2.3587e-02,
        -8.4829e-02, -1.0563e-02,  3.3144e-02,  3.8830e-02,  1.5124e-02,
        -2.7092e-02, -7.0289e-02,  1.3002e-01, -3.1207e-02,  6.0524e-02,
        -3.5044e-02,  1.9253e-02, -2.3535e-02,  8.4943e-02,  2.0585e-02,
         1.4686e-02,  4.2173e-02, -4.4702e-02, -4.3226e-02,  7.4390e-02,
        -1.1038e-02, -3.1360e-02,  5.9661e-02, -1.5702e-02,  7.9926e-02,
         9.2373e-02, -8.3812e-03,  2.1913e-02, -1.5748e-02,  1.3635e-02,
        -2.7374e-02,  9.8503e-03,  3.1967e-33, -1.3679e-02,  1.0489e-02,
         2.9106e-02,  3.3143e-02,  4.0385e-02, -4.0931e-02,  2.6411e-02,
         7.2327e-02,  1.0871e-02,  5.9431e-04,  4.6206e-02, -3.1163e-02,
         1.7505e-02,  7.7689e-02, -2.5125e-02,  1.7958e-02, -5.0838e-02,
        -4.9260e-02, -1.8343e-02, -6.8416e-02, -7.5291e-02, -1.8317e-02,
         1.4878e-02,  2.9659e-02, -2.4068e-02,  7.5349e-02,  4.6769e-02,
        -6.3561e-02,  1.5966e-02,  5.5293e-03, -6.8333e-02,  7.7420e-02,
         6.3180e-03, -6.5462e-03,  2.6099e-03, -2.0931e-02, -2.3032e-02,
        -1.1144e-01,  9.5892e-03, -6.9269e-02, -6.4064e-02,  1.0124e-02,
        -5.4461e-02, -2.7456e-02, -5.6292e-02, -1.1733e-02, -1.4109e-02,
        -2.9008e-03, -3.7876e-02,  3.4058e-02,  4.1895e-02, -3.1693e-02,
         3.6251e-02, -4.4883e-02, -3.5596e-02,  2.5311e-02, -1.8345e-02,
        -6.4808e-02,  3.9556e-02,  2.0553e-02, -4.1900e-02, -1.7218e-02,
        -2.8510e-02, -7.2692e-04, -3.1350e-02,  5.1661e-02, -4.9696e-02,
        -5.6769e-02,  3.3916e-02, -2.7528e-02, -4.9904e-02, -2.8673e-02,
         3.4979e-04, -9.3022e-02, -6.5797e-02,  3.3780e-02,  9.5063e-03,
         6.1928e-02, -4.1431e-02,  1.9122e-02, -3.3995e-02,  1.0703e-01,
        -5.6822e-02, -5.3993e-02, -1.0932e-02, -7.6376e-02, -1.0859e-01,
        -3.0572e-03,  3.9523e-02, -2.3354e-02,  5.1943e-03, -1.1488e-01,
        -1.2156e-02, -2.8755e-02, -4.1405e-03, -3.0106e-33, -7.2166e-03,
        -6.6513e-02, -5.9582e-02,  5.4393e-03,  7.6456e-02,  3.6922e-02,
        -7.2977e-02, -2.9849e-02, -5.4102e-02, -8.5667e-02,  1.5299e-02,
        -3.1717e-03, -1.1015e-01,  7.0805e-02,  1.2153e-02,  2.4820e-02,
        -2.5700e-02, -1.3691e-02,  7.6378e-03,  2.9826e-02,  1.5533e-01,
         2.6746e-02, -2.3186e-02, -8.8340e-05, -1.2403e-02,  8.9301e-02,
        -9.1923e-02, -8.9305e-03,  9.7218e-02,  6.8882e-03, -8.8900e-02,
         1.4395e-02,  4.0082e-02,  1.0867e-01,  8.4161e-03,  6.3804e-02,
        -6.2428e-02,  6.1005e-02,  3.9487e-02, -6.9028e-02,  2.4521e-02,
         3.0259e-02, -2.3468e-02,  9.2901e-03,  2.9266e-02, -5.2067e-02,
         3.6658e-02, -1.1814e-02,  3.6382e-02,  6.7174e-02, -3.4686e-02,
        -4.0465e-02, -8.2166e-02, -9.4169e-03, -5.8842e-02, -5.0617e-02,
         4.9219e-02, -1.1317e-01,  5.8107e-02,  2.8102e-03, -8.2901e-03,
         2.4340e-02, -1.8823e-02, -8.5454e-02, -4.3564e-02,  1.0579e-02,
        -5.7845e-02,  5.9412e-03, -9.5111e-03, -4.5323e-02, -1.9329e-02,
        -3.6488e-03,  9.9993e-02, -2.9316e-03, -1.3707e-02, -5.7893e-02,
         1.2455e-01,  9.2064e-03, -2.2815e-02,  1.7442e-03, -1.4648e-02,
         1.1379e-02,  7.6574e-02,  1.2959e-01,  4.2163e-02,  6.5111e-02,
        -3.2228e-02,  1.2034e-02, -7.6223e-02,  7.1853e-02, -1.3600e-03,
         1.2970e-01,  7.0699e-02,  1.5363e-01,  2.6030e-02, -5.2672e-08,
        -9.9604e-02,  5.0487e-02,  6.2019e-02, -5.5797e-02, -2.1636e-02,
         8.2500e-03,  5.3795e-02,  1.2507e-02, -9.0736e-03, -3.9220e-02,
         4.6411e-02,  2.5450e-03,  5.8975e-02,  1.0114e-02, -4.1567e-02,
         8.4386e-02, -9.5278e-02, -6.8948e-03, -9.7096e-03,  1.9041e-03,
        -5.3425e-02, -4.9714e-02,  4.9971e-02,  2.8889e-02, -3.8578e-02,
         1.7165e-02, -1.0690e-01, -3.4699e-02, -5.1308e-02,  3.3821e-02,
        -9.1948e-03,  1.0834e-01,  1.1631e-03, -7.9460e-03, -2.6440e-02,
        -6.7206e-02,  1.2229e-02, -2.8220e-02, -7.4868e-03,  7.7310e-03,
        -2.6113e-02,  6.6983e-02, -3.0194e-02,  2.0047e-02,  3.1327e-02,
        -5.1176e-02, -5.9207e-04, -1.2100e-01, -9.5502e-02,  5.7082e-02,
        -2.8849e-02,  2.5731e-02, -3.5270e-02,  3.3311e-02,  1.9956e-02,
         1.5229e-02, -1.4075e-02, -3.9470e-02,  2.3478e-02,  9.4849e-03,
         8.8333e-03, -6.9424e-02,  4.2588e-02,  7.5773e-02], device='mps:0')"
The Dark Knight,Music,"Composers James Newton Howard and Hans Zimmer, who had also worked on Batman Begins, scored The Dark Knight because Nolan believed it was important to bridge the musical-narrative gap between the films. The score was recorded at Air Studios, London. Howard and Zimmer composed the score without seeing the film because Nolan wanted them to be influenced by the characters and story rather than fitting specific on-screen elements. Howard and Zimmer separated their duties by character; Howard focused on Dent and Zimmer focused on Batman and the Joker. Zimmer did not consider Batman to be strictly noble and wrote the theme to not seem ""super"". Howard wrote about ten minutes of music for Dent, wanting to portray him as an American who represents hope, but undergoes an emotional extreme and moral corruption. He used brass instruments for both moral ends but warped the sound as Dent is corrupted.
Zimmer wanted to use a single note for the Joker's theme; he said, ""imagine one note that starts off slightly agitated and then goes to serious aggravation and finally rips your head off at the end"". He could not make it work, however, and used two notes with alternating tempos and a ""punk"" influence. The theme was influenced by electronic music innovators Kraftwerk and Zimmer's work with rock band The Damned. He wanted to convey elements of the Joker's corrosion, recklessness, and ""otherworldliness"" by combining electronic and orchestral music, and modifying almost every note after recording to emulate sounds including thunder and razors. He attempted to develop original sounds with synthesizers, trying to create an ""offputting"" result by instructing musicians to start with a single note and gradually shift to the second over a three-minute period; the musicians found this difficult because it was the opposite of their training. It took several months to achieve Zimmer's desired result. Following Ledger's death, Zimmer considered discarding the theme for a more traditional one but he and Howard believed they should honor Ledger's performance.","tensor([-1.8041e-02,  1.9829e-02, -4.6123e-02, -3.1179e-02, -6.9246e-02,
         5.3536e-02, -2.2206e-02,  9.4155e-02,  1.0792e-02,  3.4358e-03,
        -6.2367e-02, -3.8029e-02,  4.1643e-02, -1.5679e-02, -3.1347e-03,
         1.6027e-02,  1.1220e-01, -9.9731e-03,  1.3199e-02,  1.6396e-02,
         6.7007e-02,  1.0422e-01, -7.6660e-03, -7.6687e-02, -5.9508e-02,
         6.6744e-02, -4.0140e-02, -8.7811e-03,  1.6605e-02,  7.0957e-02,
        -1.7194e-02,  1.0593e-02,  1.1296e-01, -5.3905e-02, -1.2731e-02,
        -2.6520e-02, -4.6458e-02,  1.4507e-01,  2.2488e-02, -4.6892e-02,
        -8.5311e-03,  5.3753e-02,  1.1965e-02, -6.0123e-02,  3.3470e-02,
         1.2951e-02, -2.9302e-02, -8.2690e-02, -5.1421e-02,  4.3331e-02,
        -7.3436e-03,  5.8658e-02, -2.0968e-02, -3.5475e-02, -1.8676e-02,
         8.6603e-02,  3.2859e-02,  5.1858e-02,  2.1508e-02,  4.4360e-02,
        -7.4380e-02, -2.9621e-02, -1.2168e-02, -3.1971e-02,  1.0520e-01,
        -1.9617e-02, -5.6599e-04, -8.9827e-03, -1.0203e-01,  8.2637e-02,
        -5.5338e-03, -1.1111e-02,  9.1762e-02, -7.4168e-02, -9.0257e-03,
        -5.7364e-02,  2.5515e-02,  1.1124e-02, -1.0164e-01, -2.3924e-02,
         4.1867e-03, -2.9734e-02, -4.0761e-02, -2.1197e-02, -3.2922e-02,
         2.9409e-02,  5.0733e-02,  6.2884e-03, -2.5566e-02,  4.0458e-02,
         1.0868e-03, -4.3636e-02, -4.2534e-02,  3.2193e-02,  1.4076e-02,
        -2.3641e-02, -1.4608e-02, -2.8038e-03,  3.0243e-02,  5.8543e-02,
        -2.6582e-04, -1.2310e-02,  5.1290e-02, -2.0239e-02,  6.6903e-02,
         8.4236e-04,  1.1486e-02,  8.5822e-02,  3.0227e-02, -6.5409e-03,
         7.6966e-03,  3.0587e-04,  7.7059e-04, -2.8281e-02,  8.3124e-02,
        -4.0751e-02,  7.3464e-02,  9.9827e-03, -1.0124e-02,  1.1448e-01,
         1.1136e-01, -7.4800e-02, -7.7850e-02,  3.0159e-02, -1.8518e-03,
        -3.0413e-02,  5.9131e-02,  2.4727e-33, -5.8375e-03, -2.7562e-02,
         5.2661e-02, -2.0118e-02,  1.0378e-01, -1.5859e-02, -6.4305e-03,
         5.6670e-02,  2.9583e-02,  6.4104e-02,  9.9146e-02, -4.1140e-02,
         4.4999e-02,  6.1884e-02, -7.3667e-02,  4.1404e-02, -4.7403e-02,
        -4.1958e-02, -4.7863e-02, -2.7485e-02, -2.0233e-02,  8.5270e-03,
         3.2547e-02, -1.1189e-02, -5.5070e-02,  4.5974e-02,  3.1106e-02,
        -1.0580e-01,  2.2004e-02, -3.1868e-02, -7.5505e-02,  4.8912e-02,
        -2.8184e-04, -1.1551e-02,  1.9583e-03,  6.1610e-02,  1.2052e-02,
        -3.3614e-02,  3.4777e-02, -1.1033e-01, -2.4155e-02,  3.8373e-02,
        -3.1472e-03, -1.0589e-01, -5.6340e-02,  2.8877e-03, -4.1623e-02,
         5.9731e-02,  2.1570e-02,  4.3608e-02,  5.9346e-02,  6.3384e-02,
        -1.9354e-02,  6.6547e-02, -7.9512e-02,  2.7354e-02,  2.8232e-03,
        -2.0193e-02,  6.2863e-03, -6.1294e-02, -5.3942e-02, -5.7017e-02,
        -1.0623e-02, -7.2731e-03, -6.2804e-02,  1.1054e-01, -7.7503e-02,
        -8.6118e-02,  1.0466e-03, -5.0986e-02, -8.3261e-02, -1.6920e-03,
        -3.2237e-02,  3.6933e-04, -9.1867e-02, -8.1507e-04,  6.3851e-03,
         4.6234e-02,  5.9604e-02, -1.2812e-05,  9.1299e-03,  9.2374e-02,
        -5.3437e-02, -1.7709e-02, -6.8565e-03, -2.4850e-02, -3.5979e-02,
        -5.5468e-02,  1.6295e-02, -1.7214e-02, -3.6434e-02, -1.2577e-01,
         1.5675e-02, -5.2356e-02, -5.3572e-02, -3.9045e-33, -5.3993e-02,
        -2.8803e-02, -5.9149e-02,  3.5872e-02,  8.1318e-02,  1.3791e-02,
        -1.1246e-01,  6.0694e-03, -3.5173e-02, -5.5643e-02,  7.1225e-02,
         7.6516e-02, -4.7581e-02, -9.8282e-03, -4.9678e-02, -8.1143e-02,
         1.5745e-02,  4.0317e-02,  7.5423e-02, -1.7431e-02,  9.1606e-02,
        -3.2144e-02,  1.3332e-02, -3.5975e-02, -1.7684e-02,  5.9973e-02,
        -3.6601e-02, -5.5600e-03,  3.7287e-02,  3.0016e-02, -3.0803e-02,
         5.0680e-02, -9.2555e-03, -8.6622e-02,  2.0296e-02,  8.7436e-02,
        -6.5701e-02, -1.3999e-02, -1.2434e-01,  7.9494e-03, -4.2579e-02,
         2.7223e-02,  5.3489e-02, -3.4071e-02,  4.2056e-03,  2.8478e-02,
         9.6715e-03,  3.0833e-02, -1.6220e-02,  7.6653e-02,  5.9063e-02,
         1.8473e-02, -4.6948e-02, -2.4906e-02, -7.8797e-02,  2.4440e-02,
         1.4415e-02, -8.2295e-02, -2.0079e-03,  6.5188e-03,  2.0351e-02,
         8.9268e-02, -4.8086e-02, -1.3508e-01,  2.4477e-02, -1.8850e-02,
         7.5885e-02,  2.2102e-02, -1.1440e-02,  1.5848e-02, -2.3152e-02,
         9.3548e-03,  8.0645e-02, -2.3293e-02,  3.0261e-02, -6.5446e-03,
        -2.5403e-02, -1.5864e-02, -1.3184e-01, -2.3180e-02,  2.3098e-02,
        -1.8797e-02,  3.7876e-02,  9.2373e-02, -3.0891e-02,  2.8225e-02,
         7.6963e-03, -5.6181e-03, -1.4053e-02,  7.2349e-02,  9.9260e-03,
         1.2158e-01,  9.6811e-02,  2.0921e-02, -4.5000e-02, -5.1395e-08,
        -1.1015e-01,  1.2004e-02, -7.3541e-02,  7.4603e-03, -4.7881e-02,
         1.6891e-02,  1.4712e-02, -1.0697e-01, -3.5832e-02, -6.6527e-03,
         1.0572e-01, -1.9162e-02, -6.7762e-02, -1.1994e-02, -9.3015e-02,
         3.5747e-02, -2.2170e-02, -3.1942e-02, -3.8951e-02, -2.6809e-02,
        -5.6692e-02,  3.4117e-02,  1.0621e-02, -1.2485e-01, -1.6640e-02,
         2.3722e-02,  1.6279e-02,  3.5981e-02, -5.0929e-02,  4.5491e-02,
        -3.4514e-02,  1.0263e-01,  7.7695e-02, -1.9424e-02, -4.5084e-04,
        -7.0466e-02,  7.8449e-02, -1.8044e-02,  8.7076e-03, -9.7492e-03,
         2.9896e-02,  1.1946e-01,  9.5618e-03,  4.5750e-02,  1.0373e-02,
        -7.1402e-02,  4.5776e-03,  2.0072e-02,  9.1793e-03, -9.8103e-03,
        -5.9253e-02,  7.1735e-02, -7.3522e-02, -1.9263e-02,  3.3998e-02,
         1.4313e-02,  1.6184e-03,  6.4462e-02, -6.7944e-03, -1.7582e-02,
        -2.5327e-03,  1.4541e-02,  1.2831e-02,  4.2226e-02], device='mps:0')"
The Dark Knight,Marketing and anti-piracy,"The Dark Knight's marketing campaign was developed by alternate reality game (ARG) development company 42 Entertainment. Nolan wanted the team to focus on countering the negative reaction to Ledger's casting and controlling the revelation of the Joker's appearance. Influenced by the script and the comic books The Killing Joke, The Long Halloween, and Arkham Asylum: A Serious House on Serious Earth (1989), 42 Entertainment paced the ARG over annual events, although Warner Bros. rejected their ideas to use Jokerized Santas at Christmas, coffins filled with chattering teeth on Mother's Day (mocking Wayne's late mother), and Batman actors on rooftops due to safety concerns.
The ARG began in May 2007 with campaign posters for Dent and Joker playing cards bearing the phrase ""I believe in Harvey Dent"" were hidden inside comic books at stores around the U.S. This led people to a website where they could submit their e-mail addresses to reveal a pixel of a concealed Joker image; about 97,000 e-mail addresses and 20 hours were required to reveal the image in full, which was well received. At San Diego Comic-Con, 42 Entertainment modified 11,000 one-dollar bills with the Joker's image and the phrase ""Why So Serious?"" that led finders to a location. 42 Entertainment's initial plan to throw the bills from a balcony was canceled due to safety concerns, so the bills were covertly distributed to attendees. Although the event was expected to attract a few thousand people, 650,000 arrived and participated in activities that included calling a number taken from a plane flying overhead and wearing Joker makeup to commit disruptive acts with actors. Globally, fans photographed letters on signs to form a ransom note. A U.S.-centric effort involved people recovering cellphones made by Nokia—a brand partner to the film—from a cake, which led to an early screening of the film's bank-heist prologue before its public release in December. Ledger's appearance in the prologue was well-received and positively changed the discourse around his casting.
Following Ledger's death, the campaign continued unchanged with a focus on Dent's election, which was influenced by the ongoing 2008 United States presidential election. Warner Bros. was concerned public knowledge of Dent's character was poor; the campaign included signs, stickers, and ""Dentmobiles"" visiting U.S. cities to raise his profile. The campaign concluded in July with displays of the Bat-Signal in Chicago and New York City that were eventually defaced by the Joker. Industry professionals considered the campaign innovative and successful.
Warner Bros. dedicated six months to anti-piracy methods; the film industry lost an estimated $6.1 billion to piracy in 2005. Delivery methods of film reels were randomized and copies had a chain of custody to track who had access. Some theater staff were given night-vision goggles to identify people recording The Dark Knight, and one person was caught in Kansas City. Warner Bros. considered its strategy a success, delaying the appearance of the first ""poorly-lit"" camcorder version until 38–48 hours after its earliest global release in Australia.","tensor([ 1.0352e-02,  9.6540e-03, -8.5532e-02, -2.6134e-02,  6.3024e-02,
        -1.3774e-02,  7.8045e-03,  6.6709e-02, -7.2530e-03,  1.7263e-02,
         6.0415e-03, -3.5516e-02,  3.3164e-02, -2.2711e-02,  6.2171e-02,
        -4.9046e-02,  6.2984e-02, -3.4600e-02,  3.8836e-02,  6.0230e-02,
         3.6649e-02,  1.9854e-02, -1.0325e-02, -7.6777e-02, -5.3454e-02,
         8.8494e-04, -2.8988e-02, -6.5927e-03, -9.3862e-02,  1.2572e-03,
         2.1064e-02,  1.4869e-02,  7.9231e-03, -3.7330e-02,  7.9315e-02,
         1.9641e-02, -5.3949e-04,  9.0372e-02,  6.0762e-02, -3.1734e-02,
        -2.4874e-02, -1.8136e-02,  8.9223e-03, -2.4307e-02,  3.3411e-02,
         3.5806e-02,  3.6613e-02,  3.1424e-02,  2.0407e-03,  2.3123e-02,
         1.8558e-02,  7.5126e-02, -1.4193e-02, -2.2759e-02, -7.6277e-03,
        -2.8096e-02, -2.1037e-02, -4.9550e-02,  7.6622e-02,  4.2471e-02,
         5.5687e-04, -2.4765e-02,  3.3832e-02,  2.3566e-02, -2.6265e-04,
        -2.6480e-02,  3.2679e-02, -3.2532e-02, -3.3826e-02, -1.9047e-02,
        -2.9440e-02, -5.7873e-03,  2.9851e-02, -3.9322e-02, -3.8088e-02,
         8.3863e-02,  2.7661e-03,  9.4654e-04,  1.7913e-02, -3.4116e-02,
         8.2540e-02,  9.7861e-03,  5.9380e-02,  4.0205e-02, -2.9889e-02,
         3.3622e-02, -2.5624e-05, -3.7392e-03,  9.8598e-03,  2.4799e-02,
        -2.0729e-02, -6.8633e-02,  1.5185e-02,  1.9153e-02, -1.2191e-02,
        -1.2737e-01, -4.5339e-02, -4.4270e-02, -1.3566e-02,  1.0262e-01,
        -4.8443e-02,  1.2637e-02,  6.5951e-02, -2.8354e-02,  1.2608e-01,
         3.7219e-02, -3.4464e-02,  1.0391e-01,  2.6825e-02, -1.0463e-02,
        -5.6039e-02, -8.8317e-04, -1.7844e-02, -7.2982e-02,  1.2106e-01,
        -1.3051e-02,  6.3476e-02, -4.1382e-02,  4.4599e-02,  3.3373e-02,
         1.2744e-01,  4.7526e-02,  7.0410e-02, -2.7090e-02,  3.0209e-02,
        -1.5332e-02,  5.3548e-02,  7.1462e-34, -5.4564e-02,  2.3514e-02,
         5.6167e-02, -1.5336e-02,  9.4629e-02,  1.0704e-02,  3.9494e-04,
         7.3329e-02,  2.0931e-02,  4.8030e-02,  1.1748e-01,  3.2337e-03,
        -2.7163e-02,  6.9479e-02, -9.6591e-03,  1.1508e-01, -8.9476e-02,
        -1.4355e-02,  5.9822e-03, -7.1639e-02, -5.4751e-02, -4.5024e-02,
         5.8816e-02, -1.4997e-02, -3.5762e-02,  2.6634e-02,  4.0183e-02,
        -2.7791e-02,  4.5330e-02, -1.7196e-02, -7.7116e-02,  4.5278e-02,
         6.0116e-02, -9.8977e-03,  2.9933e-02,  3.5202e-03,  2.0027e-02,
        -1.3291e-01,  2.2134e-02,  3.5949e-02,  6.3469e-03,  3.5113e-02,
        -3.3540e-03, -5.3161e-02, -9.8223e-02,  6.8077e-02, -5.4178e-03,
        -5.9140e-02, -6.6819e-02,  1.1417e-01,  7.9897e-02,  5.0279e-03,
        -7.6818e-02, -6.4276e-02, -9.6826e-02, -2.9845e-02, -3.2965e-02,
        -9.6660e-02,  6.2011e-02, -2.6700e-02,  2.5584e-02, -7.4364e-02,
        -1.0637e-02, -8.5853e-03, -1.4113e-01,  1.2280e-02, -2.1671e-03,
        -5.9736e-02, -4.2931e-02, -3.7089e-02,  5.4296e-02, -4.0312e-02,
         5.5105e-02, -1.7965e-01, -8.7381e-02, -1.9125e-03, -2.7297e-02,
         8.8479e-02,  1.1649e-05,  4.3721e-02,  5.5478e-02,  8.4195e-02,
         1.0317e-02, -4.3772e-02, -3.0254e-03, -7.2249e-02, -2.7515e-02,
        -2.3884e-02, -3.1376e-02, -3.6174e-02, -4.7627e-02, -3.3530e-02,
        -3.1828e-02, -7.6943e-03, -6.6885e-03, -1.1570e-33, -6.9483e-02,
        -3.3044e-02, -1.2499e-01,  2.0282e-02,  7.9971e-02, -2.0948e-02,
        -4.6771e-02,  3.2104e-02,  4.1378e-02, -6.0218e-02, -2.2328e-02,
         6.6788e-02, -7.2062e-02,  2.2144e-02,  2.3627e-02, -1.1604e-01,
         5.8017e-02, -1.0604e-02,  3.1236e-03,  3.9756e-02,  7.9001e-02,
         2.7477e-03, -4.1143e-02,  1.2380e-02,  6.4819e-02,  8.9579e-02,
         4.6836e-02,  1.5328e-03,  5.3706e-02,  2.3759e-02, -9.2608e-02,
         9.3585e-02,  3.7394e-02,  9.3609e-02,  7.3903e-03,  7.3664e-02,
        -9.5776e-03, -6.1006e-03, -8.2508e-02, -6.6299e-02,  1.3338e-03,
         4.8447e-04, -6.8090e-02,  1.1786e-02, -4.2230e-02,  4.9030e-02,
         5.7182e-02,  2.0489e-02,  8.9674e-02,  3.9591e-02, -1.3749e-02,
        -1.1650e-02, -1.1582e-01, -4.4650e-04, -1.6212e-01, -8.0362e-03,
        -6.9305e-02, -1.6272e-02,  2.5181e-02, -7.5170e-03, -9.7414e-03,
         7.9762e-02, -5.9100e-02, -1.1220e-01, -1.2756e-02,  3.9057e-03,
        -2.2153e-02, -2.8353e-02, -4.6946e-02, -1.9411e-02,  9.6759e-03,
        -2.0573e-02,  1.1467e-02, -2.0590e-02,  9.5993e-03, -1.4155e-02,
         9.1192e-02,  4.5017e-02, -1.5065e-02, -2.9304e-03, -4.6964e-02,
        -1.9055e-02,  7.3023e-03,  1.0957e-01, -2.1918e-02, -1.7015e-02,
        -7.4730e-02,  1.5571e-03, -1.1734e-01,  7.1049e-02, -1.1054e-03,
         4.8436e-02,  2.2343e-02,  4.5336e-02, -1.5604e-02, -5.4867e-08,
         3.8173e-02,  7.1566e-03, -1.1343e-02, -5.7646e-02,  4.6657e-02,
        -3.4136e-02,  4.4555e-02,  2.8163e-02,  3.8819e-02,  1.8368e-02,
         6.8418e-02,  7.1300e-03,  1.3593e-02, -7.6059e-03, -4.8574e-02,
         2.7978e-02, -5.1231e-02, -6.4353e-02, -5.1364e-02,  1.2505e-02,
        -3.6194e-02,  3.5067e-02,  7.4860e-02, -8.9144e-02, -9.2945e-03,
         2.1387e-02, -3.3300e-02, -2.2941e-02, -1.6673e-02,  1.0127e-01,
        -1.6054e-02,  4.0338e-02, -4.0734e-02, -2.4029e-02,  5.0965e-02,
        -6.1068e-02,  1.6464e-02, -1.0607e-02,  2.5370e-03, -3.7058e-02,
        -3.0747e-02,  4.7198e-03,  1.2182e-03, -1.8242e-02,  1.9755e-02,
         7.9336e-02, -7.3271e-02, -2.8613e-02,  1.0864e-02, -4.1617e-02,
        -6.2656e-02,  8.3326e-03, -4.3040e-02,  1.2111e-03, -1.4731e-02,
        -6.5187e-02,  7.1924e-02, -3.1330e-02,  4.5076e-02,  6.4526e-02,
         5.2603e-02, -5.0743e-02, -2.1410e-02,  7.2447e-02], device='mps:0')"
The Dark Knight,Context,"Compared to 2007's $9.7 billion box-office take, in 2008, lower revenues were expected due to the large number of comedies competing against each other and the release of films with dark tones, such as The Dark Knight, during a period of rising living costs and election fatigue in the U.S. Fewer sequels, which generally performed well, were scheduled and only four—The Dark Knight, The Chronicles of Narnia: Prince Caspian, The Mummy: Tomb of the Dragon Emperor, and Indiana Jones and the Kingdom of the Crystal Skull—were predicted to be blockbusters. Kingdom of the Crystal Skull was the only film expected to easily earn over $300 million.
The Dark Knight was expected to sell well based on high audience anticipation, positive pre-release reviews, and a record $3.5 million in IMAX pre-sales. Predictions placed its opening-weekend take above that of Iron Man's $102.1 million but below that of Spider-Man 3's (2007) record $151.1 million. Analysts said its success would be influenced by the lengthy running time that limited the number of screenings per day, and counter-programming from the romantic comedy Mamma Mia!—which surveyed well with women—and the family comedy Space Chimps. There was also a perceived limit on financial success for Batman films; the 1989 installment remained the franchise's highest-grossing release. The Dark Knight's premiere took place on July 14, in IMAX in New York City. A block in Broadway was closed for the event, which included a live performance of the film score by Howard and Zimmer. The Hollywood Reporter said Ledger received several ovations, and that during the after-party, Warner Bros. executives struggled to maintain a balance between celebrating the successful response and commemorating Ledger.","tensor([ 1.2687e-02, -6.9590e-02, -6.4618e-02,  1.0251e-02, -4.6192e-02,
         5.6612e-02, -5.4209e-02,  4.6439e-02,  4.7819e-02,  2.0975e-02,
        -9.4818e-02,  2.7767e-02,  7.0656e-02, -9.6660e-03,  2.3039e-02,
        -2.2924e-02,  1.5455e-01, -5.0125e-02,  4.2542e-02, -8.1720e-02,
         1.2134e-02, -2.9867e-02,  7.1220e-02, -5.6131e-02,  2.0365e-02,
        -6.3356e-02, -1.0038e-02, -2.9263e-02, -8.0348e-02, -1.8690e-02,
        -4.6945e-02,  6.8337e-03, -4.5549e-02, -2.5223e-02,  1.6703e-02,
         9.6320e-03, -5.5571e-02,  3.3748e-02, -7.6586e-02,  1.0165e-02,
        -2.1525e-02,  4.3938e-02, -9.8515e-04,  1.8919e-02,  3.3371e-05,
        -4.3991e-02, -1.1151e-02, -3.0810e-02,  5.0944e-03,  3.0533e-02,
        -4.6599e-02,  6.6247e-02, -1.6910e-02, -2.2454e-02, -5.1242e-03,
        -3.4421e-02, -4.3385e-02, -9.5849e-02,  1.5176e-02, -3.0668e-02,
        -5.0376e-02, -5.5228e-02,  4.8883e-02, -1.6909e-02,  5.6543e-02,
         1.3585e-02, -2.9966e-02, -3.1019e-02, -5.6886e-02,  1.1315e-02,
        -5.3053e-02,  4.0659e-02,  9.0496e-02, -4.5026e-02, -8.6538e-02,
         9.4504e-03,  1.6223e-02, -4.6422e-02, -3.5738e-02, -3.8139e-04,
         3.2707e-02, -4.1526e-02, -2.8421e-02, -7.6195e-03,  1.3718e-02,
         8.3591e-02,  1.5143e-02,  5.4245e-02, -8.6158e-02,  6.3077e-02,
         4.9695e-02, -3.6796e-03,  3.8485e-02,  6.7563e-02, -3.9516e-02,
         1.2606e-04, -9.3732e-03,  6.3989e-03,  2.9204e-02,  5.8355e-02,
         2.2296e-02, -7.3174e-02,  3.1527e-02, -4.9709e-02,  5.8459e-02,
        -4.4251e-02,  7.1222e-02,  1.6717e-02, -3.7105e-02,  4.5260e-02,
        -5.6539e-02,  1.5587e-02, -8.0975e-03,  9.6138e-03,  5.1362e-02,
         8.3234e-02,  6.0545e-02,  8.2663e-03,  6.8487e-02,  1.4249e-01,
         9.9256e-02,  2.8548e-02,  6.0228e-02, -4.9635e-02,  1.8238e-02,
        -4.3792e-02, -2.6256e-02,  2.1370e-34, -6.4115e-02,  3.5899e-02,
         6.2561e-02, -5.1088e-02, -8.6667e-02,  9.7226e-04, -5.0603e-03,
         3.1773e-02, -3.2490e-02,  6.0172e-02, -3.9530e-02,  1.1400e-02,
        -7.4800e-02, -1.4898e-02,  4.3630e-02,  4.8403e-02, -5.0125e-03,
         2.7442e-02,  2.4829e-03, -3.4675e-04, -2.2977e-02, -2.0321e-02,
        -3.5594e-02,  2.8464e-02, -9.8364e-02,  5.1836e-02, -8.6649e-02,
        -6.2869e-03,  5.9227e-02, -1.4642e-02, -3.1746e-02,  1.2703e-02,
         4.7418e-02, -1.2242e-02,  2.9336e-02, -6.3627e-02, -1.8429e-02,
        -5.8961e-02,  4.7465e-02,  2.9579e-02, -8.7930e-02,  5.1134e-02,
        -7.8103e-02, -5.6622e-02, -7.5631e-02,  3.9183e-02,  1.4990e-03,
        -6.9789e-02, -6.6103e-02,  8.7777e-03,  1.8774e-02,  4.3566e-03,
        -1.5257e-02,  6.6592e-03, -3.1956e-02, -1.9408e-02, -9.0902e-03,
        -1.0067e-01,  8.2771e-02,  4.0117e-02, -2.5286e-03, -4.0033e-02,
        -1.9677e-02, -1.9538e-02, -7.6748e-02,  9.4189e-02,  4.7450e-02,
         2.7343e-02, -6.0658e-02,  1.6910e-02,  1.1643e-02, -5.0254e-02,
         4.1170e-02, -5.0335e-02,  1.1983e-01,  4.0392e-02, -8.5162e-03,
        -3.5285e-02,  2.3178e-02,  1.8889e-02,  4.4268e-02,  7.8236e-02,
        -2.0348e-02, -4.4091e-02,  4.6363e-02,  3.2268e-02, -5.0115e-02,
        -1.0593e-02,  1.0285e-01, -4.2448e-02,  1.9776e-02, -5.6322e-02,
        -3.7226e-02,  2.3533e-02,  9.3674e-03, -5.3608e-34, -2.4767e-03,
        -2.7214e-02, -4.4313e-02,  1.0313e-02,  6.1914e-02,  4.4015e-02,
        -9.4296e-02,  1.1799e-02,  9.3540e-03,  2.8277e-03, -2.9080e-03,
         1.5487e-02,  4.2928e-02,  5.9907e-02,  1.9325e-02, -6.3224e-02,
         5.8031e-02, -7.0196e-02,  1.2373e-01,  1.8107e-02,  7.8440e-02,
        -3.0848e-03, -4.7116e-02, -3.6509e-02,  1.2836e-02,  4.3179e-02,
        -1.0729e-01,  7.2141e-03,  1.7509e-03,  5.4629e-02, -2.2427e-02,
         1.6278e-02,  1.7723e-02,  6.8361e-02,  8.3787e-03,  1.6716e-02,
         1.2440e-02, -9.1940e-02, -2.3345e-02,  4.1115e-02,  1.3240e-02,
        -9.5816e-03,  1.5571e-02,  8.9944e-03,  1.9982e-02,  3.5336e-02,
        -4.3942e-03,  5.8530e-02,  1.2212e-01,  3.5472e-03, -7.0926e-02,
         2.0144e-02, -4.3759e-02, -7.7051e-02, -8.5484e-02,  4.3622e-02,
        -3.0026e-02, -2.0504e-02,  3.2698e-02,  9.6330e-02, -9.0933e-02,
         1.5392e-02, -3.2408e-02, -6.3058e-02, -6.4579e-02,  5.5428e-02,
         4.5508e-02,  7.3861e-02,  4.6998e-03, -5.4578e-02, -2.8619e-02,
        -3.8663e-02,  1.5065e-02, -2.9953e-02,  2.2122e-03,  3.4965e-02,
         3.4007e-02,  5.4902e-02,  6.8146e-02,  4.8033e-03, -1.9327e-02,
         3.3207e-02,  4.5554e-02, -6.3369e-03, -1.5636e-02,  6.8177e-02,
         2.0140e-02, -3.7356e-02, -1.1084e-01, -7.4287e-03, -3.2742e-02,
        -6.0888e-03, -7.2059e-03,  1.6593e-02, -1.7149e-02, -5.0271e-08,
        -1.2026e-02, -2.8508e-02,  4.6037e-02, -5.9199e-02,  5.1508e-02,
        -7.0406e-02,  2.0886e-02,  1.3607e-01,  7.2191e-02,  7.1003e-02,
         2.2978e-02, -2.0125e-02, -4.6656e-02,  2.1261e-02, -1.0140e-01,
         1.1736e-01,  4.8106e-02,  2.1757e-02,  4.7943e-02, -2.4948e-02,
         4.2959e-02,  5.4044e-03,  1.2356e-01, -8.9037e-02, -2.5748e-02,
         2.2384e-02, -5.8602e-02, -4.3049e-02, -2.8670e-04,  1.0615e-01,
         3.1032e-02,  8.5615e-03,  1.8486e-04, -9.9979e-03,  4.5219e-03,
        -1.3658e-01, -7.0210e-02,  4.5663e-02,  5.0100e-02, -9.7562e-04,
         6.3063e-02,  6.3177e-02, -3.2042e-02,  1.0135e-02,  6.5470e-02,
         6.3561e-02, -6.0624e-02, -8.9979e-02, -1.1299e-02, -1.0524e-01,
         4.0721e-02,  1.0918e-02, -1.6693e-02, -1.0500e-02,  6.6823e-02,
        -1.0874e-02,  2.6580e-02,  2.3940e-02, -6.7647e-02,  5.6546e-03,
         5.0017e-02, -2.1846e-01, -8.0232e-04,  5.8091e-02], device='mps:0')"
The Dark Knight,Box office,"On July 18, 2008, The Dark Knight was widely released in the U.S. and Canada in a record 4,366 theaters on an estimated 9,200 screens. It earned $158.4 million during the weekend, a per-theater average of $36,282, breaking Spider-Man 3's record and making it the number-one film ahead of Mamma Mia! ($27.8 million) and Hancock ($14 million) in its third weekend. It set further records for the highest-grossing single-day ($67.2 million on the Friday), Sunday ($43.6 million), midnight opening ($18.5 million, from 3,000 midnight screenings), and IMAX opening ($6.3 million from about 94 locations), as well as the second-highest-grossing Saturday ($47.7 million) behind Spider-Man 3, and contributed to the highest-grossing weekend on record ($253.6 million). The film benefited from repeat viewings by younger audiences and had broad appeal, with 52% of the audience being male and an equal number of those under 25 years old, and those of 25 or older.
The Dark Knight broke more records, including for the highest-grossing opening week ($238.6 million), and for three-, four-, five-, six-, seven-, eight-, nine-, and ten-day cumulative grosses, including the highest-grossing non-holiday Monday ($24.5 million) and non-opening Tuesday ($20.9 million, as well as the second-highest-grossing non-opening Wednesday ($18.4 million), behind Transformers ($29.1 million). It retained the number-one position in its second weekend with a total gross of $75.2 million, ahead of the debuting Step Brothers ($31 million), giving it the highest-grossing second weekend. It retained the number-one position in its third ($42.7 million) and fourth ($26.1 million) weekends, before falling to second place in its fifth, with a gross of $16.4 million, behind the debuting Tropic Thunder ($25.8 million). The Dark Knight remained in the top-ten highest-grossing films for ten weeks, and became the film to surpass $400 million soonest (18 days) and $500 million (45 days). The film was playing in fewer than 100 theaters when it received a 300-theater relaunch in late January 2009 to raise its profile during nominations for the 81st Academy Awards. This raised its total box office to $533.3 million before it left theaters on March 5 after 33 weeks, making it the highest-grossing comic-book, superhero, and Batman film; the highest-grossing film of 2008; and the second-highest-grossing film ever (unadjusted for inflation), behind the 1997 romantic drama Titanic ($600.8 million).
The Dark Knight was released in Australia and Taiwan on Wednesday, July 16, 2008, and opened in twenty markets by the weekend. It earned about $40 million combined, making it second to Hancock ($44.8 million), which was playing in nearly four times as many countries. The Dark Knight was available in sixty-two countries by the end of August, although Warner Bros. decided not to release it in China, blaming ""a number of pre-release conditions ... as well as cultural sensitivities to some elements of the film"". The Dark Knight earned about $469.7 million outside the U.S. and Canada, its highest grosses coming from the United Kingdom ($89.1 million), Australia ($39.9 million), Germany ($29.7 million), France ($27.5 million), Mexico ($25 million), South Korea ($24.7 million), and Brazil ($20.2 million). This made it the second-highest-grossing film of the year behind Indiana Jones and the Kingdom of the Crystal Skull.
The film had grossed $997 million worldwide by January 2009. Its reissue in the run-up to the Oscars enabled the film to exceed $1 billion in February, and it ultimately earned $1.003 billion. It was the first superhero film to gross over $1 billion, the highest-grossing film of 2008 worldwide, the fourth film to earn more than $1 billion, and the fourth-highest-grossing film of its time behind Pirates of the Caribbean: Dead Man's Chest ($1.066 billion), The Lord of the Rings: The Return of the King ($1.119 billion), and Titanic ($1.842 billion). As of June 2025, rereleases have further raised its box-office take to $1.009 billion.","tensor([ 6.5089e-02, -1.1134e-01, -6.1993e-02,  1.7608e-03, -1.6915e-02,
         6.3702e-02, -1.9138e-02,  6.5947e-02,  5.7022e-02,  2.8378e-03,
        -5.7320e-02,  3.0835e-03,  5.7287e-02,  3.6092e-02,  2.4806e-02,
        -8.1375e-04,  1.6349e-01, -2.2353e-02,  5.5727e-02, -4.0031e-02,
         2.3895e-02, -4.5686e-02,  9.5374e-02, -5.1761e-02,  2.4932e-02,
        -5.0129e-02, -1.5534e-02, -2.8890e-02, -4.4896e-02, -9.5122e-03,
        -5.5005e-02,  2.5350e-02, -1.6574e-02, -1.8430e-02,  3.3162e-03,
        -4.4279e-02, -7.4855e-02,  1.3187e-02, -6.2600e-02,  2.6824e-02,
         2.8430e-03,  5.4920e-02,  5.0386e-02, -1.9352e-02, -5.7725e-03,
        -4.5764e-02, -4.7498e-03,  3.3679e-02,  1.4264e-02,  5.7158e-02,
        -3.1864e-02,  1.0017e-01, -4.5824e-02, -2.0877e-02,  8.4225e-03,
        -6.6692e-02, -2.4747e-02, -6.7183e-02,  5.6125e-02, -2.2251e-02,
         4.7655e-03,  2.0163e-02,  5.4984e-02, -4.5884e-02,  4.1196e-02,
        -2.8875e-02, -8.1036e-02, -7.8899e-03, -3.9550e-02,  4.9599e-02,
        -4.1788e-02,  4.3887e-02,  5.0100e-02, -7.5549e-02, -1.0551e-01,
         2.5438e-02,  1.0325e-02, -1.1885e-02, -8.8135e-03,  6.9175e-02,
         8.5255e-02, -8.3589e-02,  6.6773e-03,  1.9823e-02,  3.4015e-02,
         3.0290e-02,  1.8473e-02,  7.4903e-02, -5.2351e-02,  5.7024e-02,
        -3.4411e-02,  1.1121e-03, -3.2712e-02,  6.3220e-02, -2.6610e-02,
        -4.5208e-02, -4.5556e-02,  1.1012e-02,  2.2877e-02,  6.5535e-02,
         2.4721e-02, -1.8237e-02,  1.9063e-02,  2.5397e-02,  4.3196e-02,
        -7.8187e-03,  8.9758e-02,  4.6798e-02, -1.8364e-02,  1.0941e-02,
        -4.7637e-02,  5.1768e-02, -6.2976e-03, -5.9456e-02,  3.5673e-02,
         4.2458e-02,  6.5772e-02,  5.9550e-02,  9.8696e-02,  1.3609e-01,
         6.8871e-02,  6.4277e-02,  9.2106e-02, -3.6395e-02,  3.1394e-02,
        -4.0287e-02, -7.0388e-04, -1.6948e-33, -5.7074e-02, -1.4862e-02,
         7.9692e-02, -4.9890e-02, -3.2553e-02,  1.2725e-02,  1.6095e-02,
         9.6633e-03, -2.5756e-02,  1.3908e-02,  3.3464e-02, -4.3792e-02,
        -6.2419e-02,  1.5917e-02,  7.4173e-02,  3.2876e-02,  4.4878e-02,
         1.6702e-02, -2.4152e-03, -5.4774e-02, -1.0024e-03, -3.1330e-02,
        -2.4737e-02,  1.4243e-02, -7.5758e-02,  3.4102e-02, -3.2705e-02,
         2.9076e-02,  2.0642e-02, -3.4692e-02, -3.3639e-02,  2.7491e-02,
         6.2245e-02,  4.0628e-02,  4.8605e-02, -8.5793e-02, -5.5553e-03,
        -3.7855e-02,  5.7265e-02,  9.1649e-03, -8.4995e-02,  2.8604e-02,
        -7.6119e-02, -9.8191e-02, -1.1558e-01,  3.9926e-02, -2.6612e-02,
        -7.6915e-02, -4.2398e-02,  4.8512e-03,  7.6980e-03,  1.9111e-02,
        -3.1868e-02, -5.2139e-02, -6.4313e-02, -3.8800e-02,  4.0199e-03,
        -1.0605e-01,  3.2051e-02,  1.8414e-02, -3.0788e-02, -3.4327e-02,
         1.6568e-02, -1.8765e-02, -9.4242e-02,  5.6896e-02,  3.9962e-02,
        -1.9225e-02,  2.3090e-02,  6.6031e-02, -2.5825e-04, -5.2687e-02,
         6.5541e-02, -1.2220e-01,  9.0741e-02,  5.1089e-02, -2.3561e-03,
        -1.8698e-02,  9.2607e-02,  4.0822e-02,  6.1866e-02,  6.0888e-02,
         3.2934e-02, -4.9714e-02,  1.9911e-02,  1.5954e-03, -1.1374e-01,
         5.0504e-03,  1.1022e-01, -3.3714e-02,  2.6490e-02, -9.4892e-02,
        -2.4779e-02,  9.6870e-03, -2.5644e-03,  5.3062e-34, -1.6889e-02,
         3.4230e-02, -5.0731e-02, -5.3738e-02,  1.9571e-02,  7.9262e-04,
        -1.1845e-01,  7.2306e-02,  3.8816e-02,  2.8606e-02, -4.0982e-02,
         3.1570e-02, -6.9679e-03,  2.8023e-02,  1.0481e-02, -4.6581e-02,
         9.1544e-02, -6.6595e-02,  7.1558e-02,  1.6420e-02,  7.3405e-02,
        -1.7851e-02,  2.5766e-02, -2.1647e-02,  2.9792e-02,  5.2922e-02,
        -2.5647e-02,  2.7039e-03,  1.6332e-02, -1.7344e-02, -2.0465e-02,
        -4.9788e-03,  4.2999e-02,  6.1388e-02, -2.7373e-02,  2.3791e-02,
        -2.5769e-03, -7.2078e-02,  1.6106e-03,  3.6912e-03,  4.2441e-02,
         2.6560e-02,  6.7680e-03,  1.5029e-02,  8.5356e-03,  6.9972e-02,
        -3.3144e-02,  4.9721e-02,  1.0605e-01, -3.0054e-02, -9.6781e-02,
         4.2773e-03, -8.1965e-02, -2.3393e-02, -4.9033e-02, -4.2428e-03,
         6.0153e-04, -1.9474e-03, -9.3030e-03,  8.7569e-02, -5.0323e-02,
         4.6250e-02, -1.2065e-01, -7.3781e-02, -5.8109e-02,  4.4492e-02,
        -5.2277e-02, -8.7960e-03, -2.1016e-02, -5.1296e-02, -5.2233e-02,
        -1.4935e-02,  6.6542e-03, -2.8959e-02, -3.3908e-02,  3.4121e-02,
         5.5497e-02,  6.1207e-02,  7.4119e-02,  2.9137e-02, -4.0923e-02,
        -1.1185e-03,  7.6377e-03, -1.5687e-02, -5.4539e-02,  2.2230e-02,
         1.1300e-02, -1.0365e-02, -5.6858e-02,  7.6018e-02, -3.8111e-02,
         9.4403e-03, -1.2536e-02, -1.3369e-02, -4.1756e-02, -4.8132e-08,
        -4.6421e-02, -2.6283e-02, -1.4591e-02, -5.7324e-02,  5.2336e-02,
        -3.8072e-02, -1.0929e-02,  1.2105e-01,  1.1247e-01,  8.0343e-02,
         3.3085e-02, -4.6393e-02, -2.2906e-02,  3.0161e-03, -6.9538e-02,
         4.9078e-02,  3.4430e-02, -5.9562e-03,  6.9146e-02, -1.0505e-02,
         1.0023e-02,  1.7536e-02,  1.0022e-01, -6.7682e-02,  5.8773e-03,
         3.8807e-02, -7.8000e-02, -1.4294e-02, -1.2421e-02,  1.2958e-01,
         3.8022e-02, -1.4265e-02, -3.2010e-02, -2.0328e-02, -3.3394e-02,
        -1.2459e-01, -5.1414e-02, -1.0478e-03,  3.8480e-02, -3.7693e-03,
         5.8784e-02,  2.2971e-02, -1.0438e-02,  6.9461e-03,  2.5782e-02,
         8.8065e-02, -9.2564e-02, -1.0463e-01, -3.1351e-02, -8.7607e-02,
        -1.1133e-03, -3.4340e-02, -3.2153e-02, -3.7403e-02,  5.8830e-02,
        -1.1005e-03,  5.3816e-02, -6.1489e-03, -4.2747e-03, -2.1103e-02,
         3.8514e-02, -1.9570e-01, -3.7891e-02,  6.7320e-02], device='mps:0')"
The Dark Knight,Critical response,"The Dark Knight received critical acclaim. On Rotten Tomatoes, the film holds a 94% approval rating from the aggregated reviews of 341 critics. The consensus reads: ""Dark, complex and unforgettable, The Dark Knight succeeds not just as an entertaining comic book film, but as a richly thrilling crime saga."" On Metacritic the film has a weighted average score of 85 out of 100 based on 41 critics, indicating ""universal acclaim"". Audiences polled by CinemaScore gave the film an average grade of ""A"" on an A+ to F scale.
Several publications called The Dark Knight the best comic-book hero adaptation ever made. Roger Ebert said that it, alongside Iron Man, had redefined the potential of superhero films by combining comic-book tropes with real world events. Some appreciated its complex moral tale about the effects of vigilantism and terrorism on contemporary society. Emanuel Levy and Manohla Dargis praised the depiction of the characters as possessing both positive and negative aspects, such as Batman's efforts to end crime provoking unintended consequences and a greater response from criminals; Dargis believed that The Dark Knight's exploration of chaos, fear, and death, following the September 11 attacks in 2001 represented ""that American movies have entered a new era of ambivalence when it comes to their heroes or maybe just superness"". Others criticized the dark, grim, intense, and self-serious tone as lacking any elements of fun or fantasy. David Denby said that The Dark Knight was a product of a ""time of terror"", but focused on embracing and unleashing it while cynically setting up a sequel. Stephanie Zacharek and David Edelstein criticized a perceived lack of visual storytelling in favor of exposition, and aspects of the plot being difficult to follow amid the fast pace and loud score. Nolan's action direction was criticized, especially during fight scenes where it could be difficult to see things clearly, although the prologue bank heist was praised as among the film's best.
Ledger's performance received near-unanimous praise with the caveat that his death made the role both highly anticipated and difficult to watch. Dargis, among others, described Ledger as realizing the Joker so convincingly, intensely, and viscerally it made the audience forget about the actor behind the makeup. The Village Voice wrote that the performance would have made Ledger a legend even if he had lived. Other reviews said Ledger outshone Nicholson's performance with macabre humor and malevolence. Reviews generally agreed the Joker was the best-written character, and that Ledger commanded scenes from the entire cast to create one of the most mesmerizing cinematic villains.
Bale's reception was mixed; his performance was considered to be alternately ""captivating"" or serviceable, but ultimately uninteresting and undermined by portraying an immovable and generally unchanged character who delivers Batman's dialogue in a hoarse, unvarying tone. Eckhart's performance was generally well received; reviewers praised his portrayal of Dent as charismatic, and the character's subsequent transformation into a sad, bitter ""monster"", although Variety considered his subplot the film's weakest. Stephen Hunter said that the Dent character was underwritten and that Eckhart was incapable of portraying the role as intended. Several reviewers regarded Gyllenhaal as an improvement over Holmes, although others said that they found difficulty in caring about the character and that Gyllenhaal, while more talented than her predecessor, was miscast. Peter Travers praised Oldman's skill in making a virtuous character interesting and he, among others, described Caine's and Freeman's performances as ""effortless"". Ebert surmised that the entire cast provided ""powerful"" performances that engage the audience, such that ""we're surprised how deeply the drama affects us"".","tensor([ 3.2581e-02, -3.5074e-02, -1.7807e-01,  4.0107e-02,  3.7295e-02,
         8.4222e-02, -4.4915e-03,  7.4880e-02,  3.7618e-02,  1.1753e-02,
        -1.8196e-02,  1.0151e-04,  9.1625e-02, -1.6624e-02, -1.9216e-02,
         1.6625e-02,  1.9801e-01, -1.8700e-02, -1.0184e-02, -3.9834e-02,
         1.5735e-02,  2.1429e-02,  1.0907e-01, -9.1443e-02, -5.6113e-02,
        -8.1716e-02, -2.6110e-04, -1.6150e-02, -1.3647e-01,  1.3909e-02,
        -6.4468e-02,  3.5686e-02, -4.1396e-02, -3.1437e-02, -2.3582e-02,
         1.2983e-03,  1.2657e-02,  7.1469e-02, -7.9275e-03, -4.9847e-03,
         1.0235e-02,  2.7303e-02,  6.2035e-02, -8.1764e-03,  4.7228e-02,
        -3.5957e-02, -5.9250e-02, -4.9315e-02, -2.6467e-02,  6.5336e-02,
        -5.3560e-03,  1.1750e-01, -2.2581e-02, -3.6317e-02, -4.1537e-02,
        -5.0087e-02, -2.2354e-02, -6.1974e-02,  4.9584e-02, -5.8848e-02,
         5.4182e-03, -3.5077e-02,  8.2955e-02, -3.4068e-02,  1.1456e-01,
        -7.2005e-02, -6.1513e-02, -3.2319e-02, -7.5968e-02,  5.9107e-02,
        -3.5200e-02,  1.2157e-02,  8.2582e-02, -8.1987e-02, -5.2646e-02,
         5.4519e-02, -3.5644e-02,  1.0692e-02, -1.2907e-02,  5.1748e-02,
         8.0316e-02,  4.5898e-02,  3.0107e-02,  4.7063e-02,  2.4175e-02,
        -3.3318e-04,  9.4583e-02, -1.2546e-02, -9.0209e-02,  7.8403e-02,
         1.2580e-02, -1.3043e-02,  5.3121e-02,  2.3758e-02,  4.3864e-02,
        -7.0332e-02, -1.3188e-02, -7.6715e-02, -3.6606e-02,  2.7553e-02,
        -3.8734e-02, -4.0807e-02, -1.9363e-02,  9.7510e-03,  7.4992e-02,
         6.0653e-03,  2.6086e-02,  3.0977e-02, -1.7739e-02, -8.1770e-03,
        -2.0974e-02,  1.2244e-02, -3.4032e-02, -6.5569e-02,  1.2396e-01,
         1.1731e-02,  1.0450e-01,  2.2173e-02,  1.6561e-02,  1.1360e-01,
         8.2722e-02,  5.3384e-02,  3.4664e-02, -9.7791e-03,  6.6725e-02,
         2.7339e-04,  3.0175e-02,  1.4842e-33, -2.5834e-02,  3.3157e-02,
         3.2694e-02,  2.5562e-03, -4.8627e-02, -4.5926e-02, -2.9556e-02,
        -3.3327e-02, -1.2099e-02,  4.9417e-02,  3.7174e-02,  2.9283e-02,
        -9.9539e-03,  9.5220e-02, -1.2424e-02,  5.8396e-02,  4.0993e-02,
        -3.8495e-02,  2.2418e-02, -7.0043e-02, -1.7949e-03, -5.1076e-02,
         5.8685e-02, -9.8259e-02, -6.2890e-02, -1.0102e-02, -4.2034e-02,
        -1.4212e-02, -5.3146e-03, -2.3009e-02, -3.1768e-02,  8.9268e-02,
         6.2851e-02, -3.0825e-02,  2.4903e-02, -1.8500e-02, -2.5146e-02,
         1.6168e-02,  1.0666e-01, -5.4383e-02, -5.4663e-02,  1.3699e-02,
        -9.9735e-02, -1.8825e-02,  4.2050e-02,  3.5995e-02,  2.9503e-02,
        -1.0464e-01, -1.1424e-01,  7.5499e-03,  4.8239e-03, -5.1787e-02,
        -1.4652e-03,  1.9979e-02, -7.6081e-02,  5.3304e-03,  6.6962e-03,
        -4.8918e-02, -2.2629e-03, -1.2209e-02, -1.3584e-02,  1.0187e-02,
        -6.6529e-02, -8.3277e-02, -1.5571e-02,  2.6781e-02, -3.4185e-02,
         3.3557e-02, -6.1466e-02, -1.2285e-02,  1.8152e-02, -2.4917e-02,
         3.3565e-02, -6.7066e-02, -2.9123e-03,  3.1800e-02, -2.4704e-02,
        -2.4481e-02,  2.0481e-02, -1.9488e-02,  2.7430e-02,  6.0316e-02,
        -2.5465e-02, -1.1549e-01, -1.7456e-02, -3.3738e-03, -6.9975e-02,
        -6.5265e-02,  9.5871e-02, -5.6329e-02,  3.2842e-02, -4.8106e-02,
         4.2111e-02,  1.4999e-03,  9.8935e-03, -3.0607e-33, -6.8289e-02,
        -3.1296e-02, -1.1376e-01,  5.9316e-02,  5.9664e-03, -6.8811e-03,
        -1.6958e-01, -3.4977e-02, -1.4677e-02,  3.4615e-02,  6.8865e-03,
        -1.6833e-02, -8.3314e-02, -1.1805e-02,  9.8702e-02, -5.2996e-02,
        -2.8458e-04, -2.5717e-03,  3.2777e-02,  1.3482e-02,  1.2196e-01,
        -4.1387e-03,  2.6159e-02, -7.2362e-02,  4.8273e-02,  1.6473e-02,
        -4.2256e-02, -6.3846e-02,  5.9882e-02,  3.8075e-03, -1.3555e-02,
         6.0421e-02,  2.7989e-02,  9.7134e-02,  3.5537e-02,  1.8872e-02,
        -3.1447e-02, -7.8321e-02,  4.9247e-03,  5.7188e-02, -3.8392e-02,
        -1.0699e-02, -9.7887e-03, -8.0197e-02,  1.1176e-02,  2.1855e-02,
         4.7685e-02,  5.8613e-02,  3.4485e-02, -2.5273e-03, -1.9776e-02,
         1.3221e-02, -5.2533e-02,  9.0361e-02, -5.7463e-02,  3.1463e-02,
         2.3636e-02, -2.9403e-02,  3.5370e-02,  6.8193e-02, -4.3248e-02,
         8.9103e-02, -4.4802e-02, -4.8054e-02, -2.0795e-02, -2.5843e-02,
         1.1273e-03,  2.9213e-03, -6.0236e-03, -4.6540e-02, -3.4476e-02,
         1.0432e-02,  2.6537e-02, -2.1165e-02,  3.7234e-02, -4.5889e-02,
         6.4174e-02,  5.9229e-02, -3.7386e-02,  3.3862e-02, -1.3876e-02,
         6.6355e-03,  1.2561e-02,  6.1457e-03, -1.7771e-02,  2.7281e-02,
         3.7338e-02, -2.6531e-02, -7.1464e-02,  5.6719e-02,  8.4422e-03,
        -2.8917e-02, -5.4433e-03, -8.2317e-03, -8.0383e-03, -4.7976e-08,
        -6.4542e-02,  2.0097e-02, -5.4349e-02, -7.9392e-03,  9.9841e-03,
         2.6264e-03, -1.6449e-02,  2.9196e-02,  2.7414e-02,  7.7210e-02,
         3.6106e-02, -6.5383e-03, -5.5673e-02, -1.3494e-03, -6.8014e-02,
         4.5101e-02,  1.0370e-01,  2.5407e-03,  8.1125e-02,  3.2999e-02,
         5.2231e-03, -6.7682e-03,  6.2476e-02, -1.0226e-01, -3.8803e-02,
         2.5944e-02, -5.0663e-02, -1.1915e-01, -3.6906e-02,  9.6077e-02,
         2.0970e-02,  5.2970e-02, -3.8679e-02, -3.6797e-02, -1.3569e-02,
        -1.4704e-02,  2.4726e-02,  1.9797e-02,  4.4634e-02,  2.4538e-02,
         1.2035e-02,  1.3849e-01, -1.1550e-02,  1.3401e-03,  9.9139e-03,
         1.8012e-02, -6.4026e-02, -7.9836e-02, -6.8658e-02, -2.1729e-04,
         2.8593e-02, -4.0637e-02,  4.6009e-03,  3.7476e-03,  9.8781e-03,
         1.2470e-02, -3.4028e-03, -3.3829e-02, -7.4714e-02,  1.2149e-02,
         5.1650e-02, -8.7892e-02, -3.1200e-02,  2.8370e-02], device='mps:0')"
The Dark Knight,Accolades,"The Dark Knight appeared on several lists recognizing the best films of 2008, including those compiled by Ebert, The Hollywood Reporter, and the American Film Institute. At the 13th Satellite Awards, The Dark Knight received one award for Sound Editing or Mixing (Richard King, Lora Hirschberg, Gary Rizzo). A further four wins came at the 35th People's Choice Awards: Favorite Movie, Favorite Cast, Favorite Action Movie, and Favorite On-Screen Match-Up (Bale and Ledger), as well as Best Action Movie and Best Supporting Actor (Ledger) at the 14th Critics' Choice Awards. Howard and Zimmer were recognized for Best Motion Picture Score at the 51st Annual Grammy Awards. Ledger won the film's only awards at the 15th Screen Actors Guild Awards, 62nd British Academy Film Awards, and 66th Golden Globe Awards, for Best Supporting Actor. At the 14th Empire Awards, The Dark Knight received awards for Best Film, Best Director (Christopher Nolan), and Best Actor (Bale). Ledger received the award for Best Villain at the 2009 MTV Movie Awards, and at the 35th Saturn Awards, The Dark Knight won awards for Best Action or Adventure Film, Best Supporting Actor (Ledger), Best Writing (Christopher and Jonathan Nolan), Best Music (Howard and Zimmer), and Best Special Effects (Corbould, Nick Davis, Paul J. Franklin, Timothy Webber).
Before The Dark Knight's release, film industry discourse focused on Ledger potentially earning an Academy Award nomination at the 81st Academy Awards in 2009, making him only the seventh person to be nominated posthumously, and if the decision would be influenced by his death or performance. Genre films such as those based on comic books were also generally ignored by Academy voters. Even so, Ledger was considered a favorite to earn the award based on praise from critic groups and his posthumous Golden Globe award. Ledger won the Academy Award for Best Supporting Actor, making him only the second performer to win an award posthumously (after Peter Finch in 1977), and The Dark Knight the first comic book adaptation to win an academy acting award. The Dark Knight also won an award for Best Sound Editing (King), and received six nominations for Best Art Direction (Crowley and Peter Lando), Best Cinematography (Pfister), Best Film Editing (Smith), Best Makeup (Caglione Jr. and O'Sullivan), Best Sound Mixing (Hirschberg, Rizzo, and Ed Novick), and Best Visual Effects (Davis, Corbould, Webber, and Franklin).
Despite the success of The Dark Knight, the lack of a Best Picture nomination was criticized and described as a ""snub"" by some publications. The response was seen as the culmination of several years of criticism toward the academy ignoring high-performing, broadly popular films. The backlash was such that, for the 82nd Academy Awards in 2010, the academy increased the limit for Best Picture nominees from five to ten, a change known as ""The Dark Knight Rule"". It allowed for more broadly popular but ""respected"" films to be nominated, including District 9, The Blind Side, Avatar, and Up, the first animated film to be nominated in two decades. This change is seen as responsible for the first Best Picture nomination of a comic book adaptation, Black Panther (2018). Even so, The Hollywood Reporter argued the academy mistook the appeals to recognize important, ""generation-defining"" genre films with just nominating more films.","tensor([-2.9180e-02, -7.5634e-02, -8.7508e-02, -3.0862e-02, -1.6252e-02,
         1.0272e-01,  3.7773e-02,  8.5496e-02,  4.6855e-02, -7.0779e-02,
        -6.3610e-02, -2.0541e-02,  4.8119e-02,  1.0010e-01, -4.0384e-02,
         3.3847e-02,  1.1576e-01,  2.8804e-02,  4.7323e-02, -9.8687e-02,
         4.9072e-02,  2.6083e-02,  3.1703e-02, -7.7803e-02, -4.4388e-02,
        -5.9205e-02, -1.9527e-02, -7.4889e-02, -1.1613e-01,  3.3654e-02,
        -4.8443e-02, -2.6693e-02, -8.3758e-02,  4.0741e-02, -1.1780e-01,
         5.8030e-02, -7.8108e-02,  5.4995e-02, -5.6226e-02, -6.2198e-02,
        -4.3986e-03, -1.4505e-02,  5.5610e-02, -4.8715e-02,  9.1537e-02,
        -1.8617e-02,  1.1171e-02, -9.4610e-02, -5.5558e-02,  7.6559e-02,
        -4.4844e-02,  8.7975e-02,  1.5188e-02,  4.3408e-02, -4.1922e-02,
        -4.7030e-02, -1.9083e-02, -6.6258e-02,  4.9606e-02, -5.8960e-02,
        -3.5192e-02,  5.1711e-03,  2.5845e-02, -4.6759e-02,  2.5400e-02,
        -2.4021e-02, -2.2048e-02,  1.8087e-02, -8.6700e-02,  4.4832e-02,
        -3.4750e-02,  3.1199e-02,  5.3737e-02, -8.4777e-02, -4.5584e-02,
         3.7468e-02, -4.2674e-02,  2.2706e-02, -2.0937e-02,  7.2557e-03,
         1.1448e-01,  4.1266e-02, -8.9988e-03,  7.8094e-03,  3.8251e-02,
         5.0411e-02, -5.1931e-03,  1.6540e-02, -8.3979e-02,  2.0087e-02,
         3.1687e-02,  2.8745e-03,  2.8578e-02, -2.9144e-02,  2.5291e-02,
        -1.0876e-01,  3.9306e-02, -5.0438e-02,  3.6595e-02,  2.3328e-02,
        -6.5350e-04, -2.8338e-02, -5.5620e-02,  5.8329e-02,  7.9674e-02,
         4.1607e-02,  1.0747e-01,  5.2688e-03,  1.0266e-02, -1.8624e-02,
        -3.2222e-02,  7.2486e-02,  1.3845e-02, -2.3410e-02,  3.5570e-02,
         6.5642e-02,  3.4097e-02,  5.9155e-02,  3.8530e-02,  8.6847e-02,
        -7.8766e-03,  4.5762e-02,  1.0012e-01, -4.4423e-02,  2.4463e-02,
         1.6194e-02,  6.9059e-02,  2.0868e-33, -5.0626e-03,  5.2976e-02,
         1.1247e-01, -3.7182e-02, -8.2498e-02, -4.5672e-02, -6.1276e-02,
        -9.7830e-03, -4.0579e-02,  1.0938e-02, -6.0448e-03, -1.5402e-02,
        -6.0943e-03,  3.4941e-02,  2.8255e-02,  1.4249e-01, -4.6303e-04,
        -1.9596e-02, -3.6175e-04, -5.5727e-02, -3.5676e-02, -7.6301e-03,
         3.7801e-02, -2.8487e-02, -2.8028e-02, -3.7369e-02, -4.2949e-03,
        -2.0238e-02, -6.0730e-03, -4.1515e-02,  8.1215e-03,  1.2447e-02,
         5.0948e-02,  4.9998e-02,  5.4180e-02, -4.7608e-02, -4.7734e-02,
         1.2223e-02,  1.2801e-01, -5.5778e-02, -3.7309e-02,  8.4456e-03,
        -9.2694e-02, -4.5652e-02, -1.1828e-02,  6.7513e-02,  1.0728e-02,
        -1.5969e-02, -2.8476e-03,  5.7955e-02,  8.9222e-02,  1.9316e-04,
        -3.2776e-02,  2.9825e-02, -4.8737e-02, -5.2030e-03,  8.5776e-02,
        -2.1854e-02, -2.5379e-03,  1.8551e-03, -1.7532e-02, -3.0939e-03,
        -4.2684e-02, -8.6939e-02, -4.9153e-02,  4.1881e-02,  2.5875e-02,
         4.5903e-02, -2.3908e-03, -5.6887e-02, -3.5466e-02, -5.3588e-02,
         4.6940e-02, -2.1651e-02,  4.6392e-02,  1.2523e-02, -3.4438e-02,
        -4.1278e-02,  1.5972e-02,  1.0830e-02, -3.1116e-02,  8.9432e-02,
        -3.4972e-02, -9.8646e-02,  8.0730e-03, -1.9598e-02, -1.2433e-01,
        -2.4432e-02,  9.9964e-02,  1.2824e-02,  4.9208e-02, -9.3829e-02,
         4.3514e-02,  5.7632e-02,  3.6070e-04, -1.8956e-33, -4.7865e-02,
         1.0552e-02, -4.0834e-02,  9.4893e-03,  3.4660e-02, -5.6047e-03,
        -6.9555e-02, -6.0824e-03,  6.4036e-02,  1.6982e-02,  6.2527e-02,
         6.2832e-02,  1.5431e-03, -3.6302e-02,  4.8773e-02,  7.9196e-03,
        -5.5559e-02,  9.2459e-03,  1.4003e-02,  4.6364e-03,  1.8836e-01,
         3.9581e-02,  1.8594e-02, -2.9967e-02, -1.7552e-02,  3.5649e-02,
        -2.6439e-02,  4.3638e-02,  6.4299e-02, -2.0638e-02,  1.7332e-02,
         4.9443e-02, -7.8254e-03,  3.5033e-02,  3.0159e-02, -9.0236e-03,
        -3.8898e-02, -8.2698e-02, -3.1341e-02,  5.6983e-02,  8.7485e-03,
        -4.8243e-02, -3.7209e-02, -4.2314e-02,  3.6276e-02,  4.5862e-02,
        -7.6832e-02,  1.6700e-02,  3.1804e-03, -6.8944e-04, -4.5994e-02,
         3.7845e-03, -6.1328e-02,  1.9335e-02, -2.3918e-03,  5.6888e-02,
         2.5482e-02,  4.5519e-02,  1.1207e-01,  4.3718e-02, -6.5732e-02,
         4.6176e-02,  1.1381e-02, -9.4009e-02, -1.7114e-02, -3.7373e-02,
         4.8598e-02,  5.4517e-02, -2.6072e-02, -4.3018e-02, -2.1057e-02,
         2.7067e-02,  3.4738e-02,  7.4736e-03,  4.4314e-02,  1.6842e-02,
         5.3271e-02,  8.4445e-03,  3.0239e-03, -2.8419e-02, -2.8155e-02,
         5.4519e-02,  3.8209e-02,  2.7790e-02, -3.2519e-02,  1.2759e-01,
         6.2959e-02, -1.2457e-01, -2.8589e-02,  3.3084e-02,  4.3900e-02,
         1.9828e-03,  7.0518e-02, -7.4944e-03, -1.7929e-02, -4.6509e-08,
        -7.5403e-02, -2.4073e-03, -9.2789e-02, -6.6502e-02, -5.6548e-02,
        -3.8562e-02, -1.7396e-02,  1.1398e-01,  2.7607e-02,  1.6553e-02,
         7.2673e-02, -2.9214e-02, -5.6728e-02, -4.3224e-02, -8.2274e-02,
        -3.7241e-02,  1.1879e-02, -2.3964e-02,  3.3525e-02, -2.0406e-02,
         5.0032e-02, -3.1798e-02,  7.6065e-02, -2.8816e-02, -3.7595e-02,
        -7.4958e-02,  3.3243e-03, -3.9646e-02, -2.6647e-02,  9.0871e-02,
         2.6509e-02,  1.6221e-02, -3.1298e-03, -3.8889e-03,  3.3071e-02,
        -1.1431e-02, -5.7346e-02, -4.1416e-02,  8.8406e-02,  5.8549e-02,
         3.3610e-02,  1.1394e-01, -4.5185e-03, -2.9653e-02, -8.3739e-03,
         6.0794e-02,  1.3926e-02, -7.1714e-02, -9.5853e-03, -6.8874e-03,
         1.2575e-02, -1.0644e-01, -5.4049e-02, -6.8696e-03,  1.1099e-02,
        -5.0891e-02, -1.1520e-02, -2.9633e-02,  2.9211e-02, -5.7934e-03,
         1.0442e-02, -9.1981e-02,  1.1181e-02,  5.7545e-02], device='mps:0')"
The Dark Knight,Home media,"The Dark Knight was released on DVD and Blu-ray in December 2008. The release has a slipcover box-art that revealed a ""Jokerized"" version underneath, and contains featurettes on Batman's equipment, the psychology used in the film, six episodes of the fictional news program Gotham Tonight, and a gallery of concept art, posters, and Joker cards. The Blu-ray disc version additionally offers interactive elements describing the production of some scenes. A separate, limited-edition Blu-ray disc set came with a Batpod figurine. The Dark Knight sold 3 million copies across both formats on its launch day in the U.S., Canada, and the UK; Blu-ray discs comprised about 25–30% of the sales—around 600,000 units. The film was released at the beginning of the Blu-ray disc format; it was considered a success, breaking Iron Man's record of 250,000 units sold and indicating the format was growing in popularity. In 2011, it also became the first major-studio film to be released for rent via digital distribution on Facebook. A 4K resolution remaster, which was overseen by Nolan, was released in December 2017 as a set containing a 4K Ultra HD Blu-ray, Blu-ray disc, and digital download, as well as special features from earlier releases.","tensor([ 5.8460e-02, -5.8822e-02, -9.7481e-02, -7.2787e-03,  9.6698e-03,
         5.1033e-02, -7.5508e-02,  4.8560e-02,  5.4028e-02,  5.7569e-02,
         7.1070e-03,  6.5124e-02,  2.3726e-02,  4.3476e-02,  2.3055e-02,
        -4.6897e-04,  1.4224e-01, -1.6021e-02,  5.6181e-02, -2.4187e-02,
         3.2660e-02, -2.5321e-02,  3.6572e-02, -7.4472e-02, -1.6497e-02,
        -3.1623e-02, -5.0091e-02, -7.7746e-02, -6.1004e-02, -1.6853e-02,
        -2.8735e-02,  5.3137e-02, -2.0829e-02,  2.2149e-02,  9.0316e-02,
        -5.3245e-02,  5.8559e-03,  5.3765e-02,  4.3162e-03,  3.9198e-03,
         2.9515e-02,  5.7296e-03,  2.9384e-02,  3.0174e-02,  4.3517e-02,
         6.0947e-02,  6.2470e-03,  5.8962e-02,  4.9010e-03,  5.1084e-03,
         2.1626e-02,  1.0397e-01, -5.1183e-02,  9.0836e-02,  1.9520e-02,
        -1.0075e-01,  1.3653e-02,  4.9248e-03,  8.6631e-02,  3.9730e-02,
         2.5799e-02, -6.1078e-02,  1.5228e-02, -2.2469e-02,  7.7761e-02,
         1.0160e-02, -8.8234e-02, -1.8603e-03, -9.3753e-02, -1.1317e-02,
        -8.2132e-02,  3.7461e-02,  5.5298e-02, -7.4923e-02, -9.1050e-02,
        -9.8097e-03,  5.7919e-02, -4.5681e-03, -8.3522e-03, -5.8539e-03,
         3.7360e-02, -2.5262e-04,  4.5971e-02,  1.9446e-02, -7.2923e-02,
         2.7493e-02,  5.8456e-02, -2.5059e-02, -4.4781e-02,  4.0927e-02,
         6.2659e-03,  4.8372e-02,  1.1203e-02,  3.5094e-02, -9.0072e-02,
        -9.8816e-02,  3.9627e-02,  1.3945e-02,  2.6706e-02,  5.6655e-02,
         9.4947e-04, -5.7556e-02,  9.0766e-02, -6.1633e-02, -5.5933e-05,
        -3.6336e-02,  9.7187e-02,  6.3342e-02,  2.6575e-02,  4.0437e-02,
        -3.3664e-02,  3.8788e-02, -9.3941e-02, -5.8799e-02,  1.0650e-01,
         8.4648e-03,  3.1419e-02,  3.8242e-02,  4.5550e-02,  7.5007e-02,
         9.5056e-02,  2.8030e-02,  9.5193e-02, -7.3816e-02,  1.0366e-02,
        -3.3383e-02,  4.2270e-02, -2.3697e-33, -3.0880e-02,  4.2952e-02,
        -1.7691e-02,  1.4482e-02, -9.8336e-04, -3.3603e-02,  6.3752e-02,
         5.5510e-02, -2.5465e-02,  3.6986e-02,  7.3327e-02,  9.8039e-03,
        -5.8888e-02,  7.8732e-02,  2.0720e-02,  1.6287e-02,  3.0334e-02,
         4.1473e-02,  2.2621e-02, -4.2186e-02, -2.4378e-02, -3.7152e-02,
         4.1637e-02, -9.7516e-04, -1.8038e-02, -3.2711e-04, -6.0531e-03,
        -1.8595e-02,  7.7364e-02, -9.9643e-03, -7.1572e-02,  1.0982e-01,
         3.9442e-02, -1.8762e-02,  4.9325e-02, -2.1820e-02, -2.6089e-02,
        -4.2445e-02,  2.2449e-02, -4.9710e-02, -4.8083e-02,  2.5190e-02,
        -6.0217e-02, -9.1974e-02,  5.6780e-03,  2.8769e-02, -2.0280e-02,
        -9.5956e-02, -1.5582e-02,  3.2077e-02,  3.7280e-02,  2.7307e-02,
        -6.6386e-02, -2.2903e-02, -2.4251e-02, -4.3680e-02,  2.8590e-03,
        -1.3449e-01,  6.7729e-02,  1.0378e-02,  1.5132e-02, -3.2175e-02,
        -2.4674e-02, -5.7269e-02, -4.3351e-02,  2.4325e-02,  1.5458e-02,
        -3.2787e-02, -5.1432e-02, -3.7872e-02, -3.4805e-02, -6.0392e-02,
         8.6123e-02, -1.9092e-01,  6.2404e-02,  2.2837e-02, -4.0880e-02,
         4.9470e-02,  8.4635e-03,  3.0942e-03, -1.5586e-02,  4.3353e-02,
        -3.5822e-02, -6.1217e-02,  6.1772e-03,  3.6115e-02, -7.8788e-02,
         4.6543e-02,  5.3348e-02, -8.2613e-02,  2.5143e-02, -8.2590e-02,
        -5.6929e-02,  9.3268e-03,  3.9487e-02,  1.5651e-33, -5.0152e-02,
        -2.8444e-02, -1.1555e-01, -9.1856e-03,  1.8068e-02,  2.4466e-02,
        -1.4002e-01,  3.9079e-02, -4.3681e-03, -3.0339e-02, -2.1728e-02,
        -3.2319e-02, -9.2170e-02,  7.9240e-02, -2.2102e-02, -3.2472e-02,
         4.0335e-03, -7.0422e-02,  6.2012e-02,  1.9443e-02,  6.1012e-02,
         6.5809e-03,  4.4487e-02,  4.2899e-02,  7.6508e-02,  3.9681e-02,
        -1.9848e-02,  6.1103e-02,  6.9696e-02,  3.0773e-02, -4.7838e-02,
         5.6444e-04, -3.6873e-03,  8.3113e-02,  5.6943e-03,  1.6781e-02,
        -3.0695e-02, -1.7224e-02, -2.6006e-02,  3.3710e-02, -1.9461e-02,
        -2.0246e-02, -6.8368e-02, -5.4842e-02, -1.1990e-02, -2.1273e-03,
         4.4824e-02,  3.2501e-02,  1.2664e-01,  5.4483e-02,  4.2943e-02,
        -5.7149e-03, -6.7614e-02, -4.2279e-02, -9.8244e-02, -2.7438e-02,
        -6.6873e-02,  5.7408e-02,  1.5589e-02,  3.9294e-02, -2.0786e-02,
         3.5355e-02, -3.2804e-02, -8.8112e-02, -5.5601e-02,  1.1456e-02,
         4.9838e-03,  3.6434e-02, -9.5214e-03, -5.8984e-03, -4.6780e-02,
        -3.4431e-02,  7.1852e-02, -5.4989e-02,  1.9338e-02, -2.8355e-02,
         8.6255e-02, -2.4605e-02,  4.4170e-03,  4.4018e-02, -9.1028e-02,
         4.3556e-02,  5.5162e-02,  9.0625e-02,  6.7116e-04, -2.6741e-02,
        -1.9566e-03, -3.1352e-02, -6.3238e-02,  7.1204e-03, -1.0977e-02,
         4.8504e-02, -3.3252e-02,  6.6814e-02, -3.5582e-02, -4.4437e-08,
        -3.7715e-02,  2.4780e-02, -7.1681e-03, -3.1758e-02,  5.3479e-02,
        -3.3546e-02,  2.3573e-02,  4.8696e-02,  5.4152e-02,  3.2097e-02,
         6.3531e-02, -4.5968e-02, -2.4616e-02, -4.2793e-02, -3.4926e-02,
         5.5223e-02,  2.6313e-02, -5.5395e-02,  3.8545e-02,  1.4457e-02,
         1.6222e-02, -2.2942e-02,  1.3622e-01, -7.4610e-02, -3.0082e-03,
        -3.5788e-02, -8.3669e-02, -6.6666e-02, -1.6360e-02,  9.5924e-02,
         2.4903e-02,  4.6800e-02,  1.8980e-02, -3.0757e-02,  4.0384e-02,
        -1.0908e-01, -2.3167e-02,  5.3871e-02,  4.1087e-02,  5.9131e-02,
         2.7371e-02,  1.0011e-02, -3.4092e-02,  8.1251e-03, -2.7827e-02,
         3.6340e-02, -1.0650e-01, -9.1607e-02, -5.6987e-02, -5.2607e-02,
        -3.7156e-02,  1.7647e-02, -2.6409e-02,  1.3660e-02,  5.5056e-02,
         9.8015e-03,  4.5718e-02, -5.3754e-03,  1.8680e-02,  1.8579e-02,
         4.8628e-03, -1.2210e-01,  8.1390e-04,  7.0177e-02], device='mps:0')"
The Dark Knight,Merchandise and spin-offs,"Merchandise for The Dark Knight includes statuettes, action figures, radio-controlled Tumbler and Batpod models, costumes, sets of Batarangs, a limited-edition Grappling Launcher replica, board games, puzzles, clothing, and a special-edition UNO card game. A novelization written by Dennis O'Neil was released in 2008.
A direct-to-DVD animated film, Batman: Gotham Knight, was released in July 2008. Executive produced by Bruce Timm and Nolan's wife Emma Thomas, with Goyer as one of the writers, it includes veteran Batman voice actor Kevin Conroy reprising his role. Originally there was interest in bringing Bale and other actors from the live-action films to voice their respective characters, but it was not possible due to scheduling conflicts. Gotham Knight presents six vignettes, each of which are animated in a different artistic style, set between the events of Batman Begins and The Dark Knight.
A video game adaptation, Batman: The Dark Knight, was canceled due to development problems. The Dark Knight Coaster, an indoor roller coaster, opened in May 2008 at Six Flags Great Adventure in Jackson Township, New Jersey and Six Flags Great America in Gurnee, Illinois. Costing $7.5 million, the 1,213-foot (370 m) long attraction places riders in an imitation of Wayne Central Station in Gotham City as they move through areas that are vandalized or controlled by the Joker.","tensor([ 2.3801e-02, -5.9060e-04, -5.8994e-02, -2.0780e-02, -2.0134e-02,
         4.4648e-02, -3.6002e-02,  3.7767e-02,  5.6391e-02, -1.5956e-02,
        -1.0847e-02, -3.7001e-02, -3.0500e-03,  2.5552e-02,  1.1974e-02,
         1.5083e-02,  1.4161e-01,  4.8761e-02,  4.4001e-02,  1.2145e-03,
         5.8351e-02, -1.7794e-03, -5.4479e-03, -5.0675e-02, -7.4138e-02,
        -7.1908e-04, -3.5975e-02, -3.8238e-02, -8.7919e-02, -3.4470e-03,
        -3.6819e-02, -8.9694e-04, -9.3866e-02,  6.9393e-02,  3.5472e-02,
         3.0937e-02, -2.0869e-02,  9.5976e-02, -3.4567e-03, -4.0335e-02,
        -3.8915e-02,  3.2703e-02,  2.5875e-02,  1.8994e-02,  6.8176e-02,
         9.0259e-02,  4.2408e-03, -3.0105e-02, -4.3452e-02,  4.5355e-02,
         2.0625e-02,  6.1649e-02,  8.0964e-03, -1.4355e-02,  1.4704e-02,
        -1.9530e-02,  1.0931e-02, -5.3261e-02,  4.9207e-02,  3.4093e-02,
        -6.4744e-02, -2.4177e-02,  4.1838e-03,  2.6345e-02,  3.6237e-02,
        -8.3440e-02, -7.5926e-02, -5.9748e-03, -7.6795e-02, -2.3483e-02,
        -2.1169e-03, -7.2083e-03,  6.1075e-02, -9.4528e-02, -8.3864e-02,
         7.0910e-02,  3.7385e-03, -6.2614e-03, -4.0963e-02,  8.9904e-03,
         4.5929e-02,  5.8624e-03,  4.5952e-02, -2.7337e-02, -1.0530e-02,
         6.5196e-02,  4.6219e-02, -1.0709e-02, -4.0876e-02,  5.5263e-02,
        -1.8465e-02,  2.4238e-02,  3.0402e-02, -4.2821e-03, -1.9929e-02,
        -6.2213e-02,  3.3188e-02, -7.5028e-03,  4.1898e-02,  3.9486e-02,
        -4.1757e-03, -1.0169e-01,  4.8322e-02,  4.3317e-02,  6.8510e-02,
        -1.7906e-02,  6.4455e-02, -1.7493e-02, -1.3930e-02,  3.3185e-02,
        -4.5580e-02,  3.5047e-03, -2.4522e-02, -3.0950e-02,  8.6506e-02,
         3.4392e-04,  3.4461e-02, -9.1679e-03,  7.0117e-02,  9.8049e-02,
         8.3312e-02,  3.7270e-02,  1.1003e-01, -1.4715e-02,  4.7290e-02,
        -4.9215e-02,  9.5237e-02,  9.3325e-35, -9.7747e-02,  2.4728e-02,
         6.6939e-02, -4.8913e-03,  2.9681e-02, -4.9025e-02,  3.9532e-02,
        -1.0089e-02, -1.7672e-02,  1.5549e-02,  6.8856e-03, -2.7986e-03,
        -6.4881e-02,  5.7983e-02,  2.5023e-02,  5.6767e-02, -8.2524e-03,
        -3.4185e-02,  4.5585e-02, -9.7706e-02, -2.4099e-02, -4.9167e-02,
         2.9478e-02,  8.2316e-03, -9.6959e-02,  4.2681e-02,  1.4190e-02,
        -7.0530e-02,  2.6276e-02, -4.3734e-02, -7.5985e-02,  5.4741e-02,
         8.8105e-02, -1.5811e-02,  3.1252e-02, -2.3018e-02, -2.1034e-02,
        -4.0224e-02,  2.2793e-02, -3.0633e-02, -4.7822e-03, -1.2190e-02,
        -6.4525e-02, -8.7029e-02, -5.3033e-02, -4.7016e-02,  4.2528e-02,
        -6.6847e-02, -1.4531e-03,  2.5954e-02,  6.0744e-02, -4.1702e-02,
        -1.3109e-02, -2.2561e-02, -4.5417e-02, -2.3155e-02,  3.5722e-02,
        -9.4361e-02,  5.9057e-02,  2.3493e-02, -1.7629e-02, -3.9907e-03,
        -1.2586e-02, -5.0811e-02, -2.1864e-03,  5.8109e-02,  7.5169e-03,
         8.3290e-03, -2.6372e-02, -3.7657e-02, -3.0801e-02, -8.5810e-02,
         1.1873e-01, -8.7052e-02,  2.7653e-02,  5.6915e-02, -5.9221e-02,
         4.7220e-02, -3.2498e-02, -2.4984e-04,  2.4772e-02,  6.5637e-02,
        -2.0443e-02, -2.0299e-02,  2.5132e-02, -9.4573e-02, -1.4207e-01,
         3.1929e-02,  7.2603e-02, -2.2058e-02,  7.8268e-02, -4.6292e-02,
        -4.5387e-02,  4.4985e-02,  6.4324e-02, -1.5182e-33, -5.8307e-02,
        -4.3572e-02, -6.4397e-02, -1.8785e-02,  5.3090e-02,  4.2814e-02,
        -1.3944e-01,  1.0219e-03, -3.8519e-02, -8.5501e-02, -9.1142e-02,
         3.7654e-02, -7.8963e-04,  9.4264e-02, -1.5026e-02, -6.7973e-02,
        -5.3190e-02,  6.1222e-02,  1.0593e-01,  2.0103e-03,  1.1013e-01,
        -4.3074e-02, -4.1711e-02, -2.7002e-02,  6.4153e-02,  2.1961e-02,
        -1.1899e-02,  1.1171e-02,  8.5314e-02,  7.1426e-04, -1.0044e-01,
        -1.1812e-02,  4.8452e-02,  1.0642e-01,  5.5799e-02, -2.9129e-03,
        -1.5409e-02, -1.2531e-02, -6.1297e-03,  2.2747e-02, -4.2432e-02,
        -7.5210e-03, -1.5680e-02, -4.5298e-02,  5.7231e-02,  4.1282e-02,
         2.3735e-02,  1.4438e-02,  3.7410e-02,  3.9862e-02, -3.2196e-02,
        -1.1810e-02, -9.2350e-02, -6.5486e-02, -5.9782e-02,  7.9192e-03,
         3.7105e-02, -1.7126e-02,  1.0023e-01, -2.2832e-02, -4.5514e-02,
         4.0531e-03, -3.6714e-02, -1.3540e-01, -8.6449e-03,  4.9808e-02,
        -2.3261e-02,  2.5061e-02, -3.3683e-02, -4.5509e-02, -5.8251e-02,
        -1.5047e-02,  6.1491e-03, -9.8343e-02,  4.9519e-02, -2.0602e-02,
         1.3324e-01,  6.8337e-02,  2.6322e-02,  6.1940e-04, -5.5599e-02,
         3.6577e-02,  5.1868e-02,  8.0458e-02,  4.6312e-03,  6.5924e-02,
        -8.0178e-03, -4.6953e-02, -7.6229e-02,  5.7660e-02,  4.3061e-02,
         1.1383e-01,  5.3611e-02,  5.3253e-02, -2.9035e-02, -5.0378e-08,
        -7.3103e-02, -1.8864e-02,  2.1842e-02, -1.1833e-01,  4.2405e-02,
         1.5671e-02,  3.9054e-02,  8.9441e-03,  2.3910e-02,  5.7668e-03,
         5.8977e-02, -3.2411e-02, -5.8165e-03, -3.5347e-02, -6.2369e-02,
         8.4242e-02, -5.3836e-03, -2.8847e-03,  3.5694e-02,  8.2141e-02,
        -3.1468e-02,  5.7336e-03,  8.9782e-02, -2.0427e-02, -3.1071e-02,
        -1.9256e-02, -4.0158e-02, -2.8071e-02,  1.1305e-03,  8.6303e-02,
         1.0921e-02,  1.0065e-01,  3.6706e-02, -6.3411e-02, -1.6300e-02,
        -7.8716e-02, -3.5602e-02,  1.2701e-02,  6.0091e-02, -1.7794e-02,
         8.1915e-03,  3.7138e-02, -6.3704e-02, -3.3072e-02,  2.4969e-02,
         6.3877e-02, -4.1527e-02, -1.5416e-01, -3.5575e-02, -2.5171e-03,
        -5.2621e-02, -4.2179e-03, -3.9233e-02, -1.4645e-02,  6.4540e-02,
         6.9270e-03,  3.5976e-02, -5.1255e-02,  4.6638e-02,  3.7239e-03,
         3.0941e-02, -8.9463e-02,  1.5164e-02,  6.7736e-02], device='mps:0')"
The Dark Knight,Terrorism and escalation,"A central theme of The Dark Knight is escalation, particularly the rise of the Joker in response to Batman's vigilantism. Batman's vigilante operation arms him with high-tech military equipment against common criminals, and the Joker is the inevitable response and escalation of lawlessness to counter Batman. Critic Siddhant Adlakha argued that the Joker symbolizes the constructed, unknowable face of modern terrorism. While real-world terrorism often has identifiable political motives, such as Al-Qaeda citing U.S. actions in Somalia and Lebanon, or ISIS emerging from the Iraq occupation, the Joker's chaos reflects how terror can appear cyclical and inseparable from the militarism it reacts against. Batman also inspires copycat vigilantes, further escalating lawlessness. Film studies professor Todd McGowan said Batman asserts authority over these copycats, telling them to stop because they do not have the same defensive equipment as himself, reaffirming his self-given authority to act as a vigilante.
The film has been analyzed as an analog for the war on terror, the militaristic campaign the U.S. launched following the September 11 attacks. The scene in which Batman stands in the ruins of a destroyed building, having failed to prevent the Joker's plot, is reminiscent of the World Trade Center site after September 11. According to historian Stephen Prince, The Dark Knight is about the consequences of civil and government authorities abandoning rules in the fight against terrorism. Several publications criticized The Dark Knight for a perceived endorsement of ""necessary evils"" such as torture and rendition. Author Andrew Klavan said Batman is a stand-in for then-U.S. president George W. Bush and justified the breaching of ""boundaries of civil rights to deal with an emergency, certain that [Batman] will re-establish those boundaries when the emergency is past"". Klavan's interpretation was criticized by some publications that considered The Dark Knight anti-war, proposing society must not abandon the rule of law to combat lawlessness or risk creating the conditions for escalation. This is exemplified in the covert alliance formed between Batman, Dent, and Gordon, leading to Rachel's death and Dent's corruption. Writer Benjamin Kerstein said both viewpoints are valid, and that ""The Dark Knight is a perfect mirror of the society which is watching it: a society so divided on the issues of terror and how to fight it that, for the first time in decades, an American mainstream no longer exists"".
Batman and Dent resort to torture or enhanced interrogation to stop the Joker but he remains immune to their efforts because he has a strong belief in his goals. When Dent ineffectually attempts to torture Joker's henchman, Batman does not condemn the act, only being concerned about public perception if people discover the truth. This conveys the protagonists' gradual abandonment of their principles when faced with an extreme foe. The Joker meets Dent in a hospital to explain how expected atrocities, such as the deaths of several soldiers, and societal failings are tolerated but when norms are unexpectedly disrupted, people panic and descend into chaos. Although the Joker wears disguising makeup, he is not hiding behind a mask and is the same person with or without makeup. He lacks any identity or origin, representing the uncertainty, unknowability, and fear of terrorism, although he does not follow any political ideology. Dent represents the fulfillment of American idealism, a noble person who can work within the confines of the law and allow Batman to retire, but the fear and chaos embodied by the Joker taints that idealism and corrupts Dent absolutely.
In The Dark Knight's final act, Batman employs an invasive surveillance network by co-opting the phones of Gotham's citizens to locate the Joker, violating their privacy. Adlakha described this act as a ""militaristic fantasy"", in which a significant violation of civil liberties is required through the means of advanced technology to capture a dangerous terrorist, reminiscent of the 2001 Patriot Act. Lucius Fox threatens to stop helping Batman in response, believing he has crossed an ethical boundary, and although Batman agrees these violations are unacceptable and destroys the technology, the film demonstrates he could not have stopped the Joker in time without it.","tensor([-1.9887e-02,  3.7858e-04, -1.2684e-01, -3.4252e-02,  7.8418e-02,
         4.0142e-02,  3.5118e-02, -2.7984e-02,  1.0449e-02,  1.4463e-02,
         5.0279e-02, -2.7487e-02,  5.8040e-02, -7.6813e-03, -2.8764e-03,
         2.7881e-02,  1.2964e-01, -6.6804e-04,  2.0317e-03,  4.4728e-02,
         3.8963e-02,  1.7316e-02,  7.5412e-02, -2.5471e-02, -1.2364e-01,
         6.0293e-02, -1.6364e-03, -7.2648e-03, -1.6098e-01,  1.2762e-02,
         1.1078e-02, -3.1334e-02, -6.9172e-02,  4.8116e-03,  4.9504e-02,
         2.5683e-02,  5.2842e-02,  1.3666e-01,  7.9613e-02, -1.2588e-02,
         1.2767e-02, -5.5785e-02,  5.1691e-02,  1.5852e-02, -2.3781e-02,
         1.1619e-02, -3.7217e-02,  1.9168e-02, -1.7209e-02, -3.9061e-02,
         2.3392e-02,  3.9268e-02, -7.0116e-02, -1.4216e-02,  2.4492e-02,
        -1.0121e-01,  6.2611e-03,  6.0006e-02,  1.1567e-01, -2.4298e-02,
        -3.7605e-04,  3.7358e-02,  9.9061e-02, -1.7669e-02,  3.4279e-02,
        -6.4925e-02, -5.7460e-03,  2.3317e-02, -7.8591e-02,  7.5255e-02,
         3.2699e-02,  3.5432e-02,  8.4136e-02, -8.4291e-02, -7.4935e-02,
         3.2571e-02,  5.3938e-02,  6.6164e-02,  2.0352e-02, -2.3511e-02,
         8.5911e-02,  5.9193e-02,  1.5834e-02,  4.8425e-02,  3.6013e-02,
        -4.7270e-02,  1.3581e-02, -1.3176e-02,  4.6123e-02,  5.4439e-02,
        -5.9602e-03, -1.4049e-02,  8.2038e-03,  3.5939e-02,  4.2004e-02,
        -1.1248e-01,  3.3108e-02, -6.1970e-02, -5.2861e-02,  5.9620e-02,
        -5.4592e-02, -6.6508e-02,  3.6256e-02, -1.0011e-02,  5.2083e-02,
        -1.5808e-02, -2.9563e-02, -2.2950e-02, -4.3405e-02, -7.5063e-03,
        -5.7789e-02, -6.8322e-05, -8.4263e-02, -1.0027e-01,  9.6221e-02,
         7.2497e-03, -1.3685e-02, -1.2742e-02, -5.0655e-02,  8.5251e-02,
         1.1047e-01, -1.4411e-02,  1.7109e-02,  5.5320e-02,  4.5424e-02,
        -3.0075e-02, -3.4714e-02,  4.2885e-33,  5.5126e-03, -1.7276e-02,
         7.6018e-03,  1.2351e-02, -1.1909e-02, -5.0540e-02, -2.6151e-02,
         1.0176e-02, -8.1250e-03,  2.6637e-02,  1.5248e-02,  3.7250e-02,
         3.8062e-02,  1.8537e-01, -4.8985e-02,  1.5446e-02, -1.8206e-02,
        -3.6604e-02,  3.4056e-02, -1.1899e-01, -8.4868e-02, -5.2684e-02,
         3.0675e-03, -2.6634e-02, -2.4080e-02, -3.5116e-02, -1.8919e-03,
         6.8757e-03, -1.4515e-02,  4.0800e-02, -5.0478e-02,  1.1144e-01,
        -2.0964e-02, -4.7408e-02,  4.4457e-02,  5.5043e-02, -1.3558e-02,
        -4.7701e-02,  4.4054e-02, -5.8289e-02, -1.7884e-02,  5.2503e-03,
        -2.1833e-02, -1.1240e-02,  6.2161e-02, -1.5607e-02, -7.3827e-03,
        -4.2040e-02, -1.2154e-01,  1.7118e-02,  5.0699e-02, -3.5926e-02,
        -7.7929e-03, -5.5481e-02, -6.6657e-02, -2.1694e-02, -2.7285e-02,
        -2.7288e-02, -2.4829e-02, -4.7917e-02, -1.5709e-02, -8.2214e-02,
        -1.0031e-01,  1.4034e-02, -9.9096e-03, -3.1551e-02, -6.3536e-02,
        -8.0577e-03, -1.3691e-02, -2.3215e-02,  1.2658e-02, -2.2579e-02,
         7.0295e-02, -2.0095e-02, -5.6694e-02,  2.7474e-02,  3.2628e-02,
         5.4314e-02,  1.8848e-02, -2.6645e-02, -1.7797e-02,  7.8299e-02,
         2.4577e-02, -8.5411e-02, -4.5414e-02,  3.4088e-02, -7.1904e-02,
        -9.2498e-02,  5.1603e-03, -4.7088e-03, -1.1349e-02, -5.3050e-02,
         1.9781e-02,  3.3071e-02, -3.4073e-02, -5.3720e-33, -2.6496e-02,
         6.5591e-03, -9.8162e-02, -1.2902e-02,  2.7225e-02,  3.4985e-03,
        -5.7267e-02,  2.0034e-02, -5.2473e-02, -2.1250e-02, -2.9276e-02,
        -3.6477e-02, -9.4298e-02,  3.7544e-02,  4.8964e-02, -9.4666e-02,
         4.4642e-02,  1.1337e-02,  1.5496e-02, -4.6319e-02,  9.0080e-02,
        -2.4557e-02, -1.6555e-02, -9.5566e-02,  6.9689e-03,  8.9836e-03,
        -3.6797e-02, -9.1639e-04,  6.3292e-02,  3.4343e-02, -2.0902e-02,
         3.8453e-02,  2.8273e-02,  9.8638e-02,  3.6191e-02,  1.5606e-01,
        -9.5356e-03, -8.8967e-02, -1.0103e-02,  1.3798e-02, -3.5107e-02,
         5.1748e-02, -1.6947e-02, -8.8390e-02, -4.9289e-02,  5.2423e-02,
         7.3126e-02,  9.8343e-02,  1.4549e-02, -5.2869e-02,  1.3742e-02,
         3.2320e-02, -9.3852e-02,  1.7056e-02, -5.8353e-02,  7.0745e-02,
        -1.9082e-02, -2.5574e-02, -2.1481e-02, -3.5153e-02,  1.0642e-02,
         6.0148e-02, -2.9414e-02, -3.7047e-02,  1.2104e-02, -9.8395e-04,
        -3.7330e-02,  2.5503e-02,  4.8129e-02, -1.5515e-03,  6.7025e-03,
        -1.2973e-02, -3.8675e-02, -3.3442e-02,  3.6973e-02, -1.1161e-01,
         2.2949e-02,  1.0831e-02, -8.4472e-02,  2.2467e-02,  5.2273e-02,
        -6.7271e-02, -1.5470e-02,  8.2848e-02, -9.1910e-02,  8.1344e-02,
         2.9446e-02,  2.5124e-02, -5.3161e-02,  4.6334e-02, -3.6640e-02,
        -4.1263e-02, -4.0689e-02,  6.0285e-02, -1.1731e-02, -5.3567e-08,
        -4.4666e-02,  6.3167e-02,  2.4856e-02, -2.0777e-02,  3.3708e-02,
         6.0999e-02, -1.8815e-03, -4.6292e-02,  2.5148e-02,  1.4248e-03,
         3.5517e-02, -9.6271e-03, -2.7865e-02,  2.1908e-02, -1.0835e-01,
         1.1188e-01,  3.2820e-02, -7.3317e-02,  5.4082e-03,  2.0070e-02,
        -2.4588e-02, -5.7614e-04, -1.1617e-02, -4.6875e-02,  1.2007e-02,
         3.6906e-02, -7.4896e-02, -5.4324e-03, -1.6321e-02,  1.8091e-01,
        -1.2750e-02,  4.2733e-02, -3.2964e-02, -7.8446e-02, -4.7333e-02,
         5.5497e-02,  2.4022e-02, -4.1317e-02,  2.6647e-02, -2.0017e-02,
         1.2789e-02,  9.2078e-02,  2.9679e-02,  3.2015e-02,  4.3127e-02,
         7.4262e-03, -6.7792e-02, -5.3320e-02, -5.0385e-02, -1.7224e-02,
        -2.0311e-02, -2.3593e-03, -1.9388e-02,  5.7833e-02, -2.5259e-02,
         1.0348e-02,  8.1697e-03, -1.9463e-03, -2.6838e-02,  4.8077e-02,
         7.8738e-02, -2.2619e-02,  3.0986e-02,  4.2465e-02], device='mps:0')"
The Dark Knight,Morality and ethics,"The Dark Knight focuses on the moral and ethical battles faced by the central characters, and the compromises they make to defeat the Joker under extraordinary circumstances. Roger Ebert said the Joker forces impossible ethical decisions on each character to test the limits of their morality. Batman represents order to the Joker's chaos and is brought to his own limit but avoids completely compromising himself. Dent represents goodness and hope; he is the city's ""white knight"" who is ""pure"" of intent and can operate within the law. Dent is motivated to do good because he identifies himself as good, not through trauma like Batman, and has faith in the legal system. Adlakha wrote Dent is framed as a religious icon, his campaign slogan being ""I believe in Harvey Dent"", and his eventual death leaves his arms spread wide like Jesus on the Cross. Eckhart described Dent as someone who loves the law but feels constrained by it and his inability to do what he believes is right because the rules he must follow do not allow it. Dent's desire to work outside the law is seen in his support of Batman's vigilantism to accomplish what he cannot.
Dent's corruption suggests he is a proxy for those looking for hope because he is as fallible and susceptible to darkness as anyone else. This can be seen in his use of a two-headed coin to make decisions involving others, eliminating the risk of chance by controlling the outcome in his favor, indicating losing is not an acceptable outcome for him. Once Dent experiences a significant traumatic event in the loss of Rachel and his own disfigurement, he quickly abandons his noble former self to seek his own form of justice. His coin is scarred on one side, introducing the risk of chance, and he submits himself to it completely. According to English professor Daniel Boscaljon, Dent is not broken; he believes in a different form of justice in a seemingly unjust world, flipping a coin because it is ""Unbiased. Unprejudiced. Fair.""
The Joker represents an ideological deviancy; he does not seek personal gain and causes chaos for its own sake, setting a towering pile of cash ablaze to prove ""everything burns"". Unlike Batman, the Joker is the same with or without makeup, having no identity to conceal and nothing to lose. Boscaljon wrote the residents and criminals believe in a form of order and rules that must be obeyed; the Joker deliberately upends this belief because he has no rules or limitations. The character can be considered an example of Friedrich Nietzsche's ""Superman"", who exists outside definitions such as good and evil, and follows his own indomitable will. The film, however, leaves open the option to dismiss his insights because his chaos ultimately leads to death and injustice. Nolan described the Joker as an unadulterated evil, and professor Charles Bellinger considered him a satanic figure who repels people from goodness and tempts them with things they supposedly lack, such as forcing Batman to choose between saving Dent—who is best for the city—and Rachel, who is best for Wayne. The Joker aims to corrupt Dent to prove anyone, even symbols, can be broken. In their desperation, Dent and Batman are forced to question their own limitations. As the Joker states to Batman:

Their morals, their code ... it's a bad joke. Dropped at the first sign of trouble. They're only as good as the world allows them to be. You'll see—I'll show you ... when the chips are down, these civilized people ... they'll eat each other. See, I'm not a monster ... I'm just ahead of the curve.
The ferry scene can be seen as the Joker's true defeat, demonstrating he is wrong about the residents turning on each other in an extreme scenario. According to writer David Chen, this demonstrates, individually, people cannot responsibly handle power but by sharing the responsibility, there is hope for a compassionate outcome. Although Batman holds to his morals and does not kill the Joker, he is forced to break his code by pushing Dent to his death to save an innocent person. Batman chooses to become a symbol of criminality by taking the blame for Dent's crimes and preserving him as a symbol of good, maintaining the hope of Gotham's residents. Critic David Crow wrote Batman's true test is not defeating the Joker but saving Dent, a task at which he fails. Batman makes his own Christ-like sacrifice, taking on Dent's sins to preserve the city.
Although The Dark Knight presents this as a heroic act, this ""noble lie"" is used to conceal and manipulate the truth for what a minority determines is the greater good. McGowan considered the act heroic because Batman's sacrifice will leave him hunted and despised without recognition, indicating he has learned from the Joker the established norms must sometimes be broken. According to professor Martin Fradley, among others, Batman's ""noble lie"" and Gordon's support of it is a cynical endorsement of deception and totalitarianism. Wayne's butler Alfred also commits a noble lie, concealing Rachel's choice of Dent over Wayne to spare him the pain of her rejection.","tensor([-1.2604e-02,  1.8437e-02, -9.3953e-02, -4.3447e-02, -4.9485e-02,
        -2.2078e-02, -4.1502e-02,  6.5418e-02,  1.6622e-02,  1.8737e-02,
        -2.5213e-02, -8.4928e-02, -8.0003e-03, -2.7733e-03,  4.5201e-02,
        -4.3960e-02,  1.1231e-01,  3.2491e-02, -4.2195e-02,  6.2279e-02,
        -1.8020e-03,  6.0312e-02, -2.1608e-02, -9.5490e-02, -1.0133e-01,
         3.8975e-02, -7.9124e-03, -6.7096e-02, -5.2566e-02,  1.6172e-02,
        -3.8242e-03, -6.7556e-02,  4.9507e-02, -5.3341e-02,  4.2144e-02,
         3.9413e-02,  2.6842e-03,  1.5723e-01,  4.4575e-02, -6.3507e-02,
        -3.0399e-02, -3.2802e-02,  3.1430e-02,  7.4790e-03,  4.2679e-02,
         1.4515e-02, -3.3201e-02, -2.7117e-02,  3.9891e-02, -1.0428e-01,
        -4.3843e-02,  1.9245e-02,  7.6349e-03, -1.3126e-02, -4.9878e-02,
        -6.0239e-03,  6.3083e-02,  6.3143e-02,  5.7658e-02,  4.9443e-02,
         2.6400e-02, -2.0514e-02,  1.1269e-02,  2.6540e-02,  5.2301e-02,
         3.8581e-03, -2.0884e-02, -3.2147e-02, -1.6185e-01,  9.4312e-02,
         1.3014e-02,  1.3377e-02,  6.1183e-02, -1.1204e-01, -1.9463e-02,
        -3.3010e-02, -1.2304e-03,  3.8965e-02,  2.9960e-02, -3.3325e-02,
         1.7695e-02,  6.1111e-02, -3.1645e-02,  2.6108e-02, -2.4603e-02,
        -2.9221e-02,  9.9841e-03, -6.7266e-02,  2.6866e-02,  5.0638e-02,
         3.2593e-02, -1.8387e-02, -8.5427e-03,  1.6000e-02, -5.7518e-02,
        -1.6510e-02,  1.9581e-02,  4.3614e-02, -4.5459e-02,  8.5520e-02,
        -8.2130e-02, -1.7991e-02,  1.1028e-02,  9.9602e-04,  1.1157e-01,
        -3.3641e-03, -2.2824e-02,  1.4148e-02,  6.0311e-02,  1.1119e-02,
         1.4078e-02,  8.3053e-03, -6.1219e-02, -7.1139e-02,  8.0914e-02,
        -2.7699e-02,  1.3592e-02, -7.4132e-03, -3.8241e-02,  7.5395e-02,
         3.4416e-02,  5.3311e-03, -1.1652e-02,  2.9825e-02,  5.8474e-02,
        -7.3394e-02,  5.3246e-02,  8.3114e-34, -1.9235e-02, -2.3337e-02,
        -4.6045e-03,  4.8403e-04,  7.1276e-02, -1.5321e-02, -1.1980e-02,
        -3.6781e-03, -6.4556e-03,  4.6095e-02,  8.1856e-02, -3.7046e-02,
        -2.3373e-02,  1.1271e-01, -5.9959e-02,  1.0218e-01, -5.0443e-02,
        -9.3719e-02, -5.2397e-02, -2.0232e-02,  1.7162e-02, -1.2854e-02,
         2.7482e-02,  3.2279e-02, -1.3029e-01, -6.5032e-02,  2.0908e-02,
        -7.6402e-02, -8.7474e-03,  3.4871e-02, -1.2829e-01,  8.2998e-02,
         3.1400e-02, -2.6677e-02,  9.8141e-03,  7.9964e-02, -2.7583e-02,
        -8.4651e-02,  2.2734e-02, -6.4164e-02, -2.3896e-02,  1.5303e-02,
         1.0736e-02, -4.4606e-02, -4.1505e-02,  3.0339e-03,  6.3447e-03,
        -2.6258e-02, -5.5197e-02,  6.0449e-02,  9.5484e-02, -2.0435e-02,
         9.5561e-03, -1.6335e-02, -1.0331e-01,  2.5399e-02, -5.2865e-02,
        -2.5295e-02,  1.1388e-02,  1.1666e-02, -5.5259e-02, -9.1195e-02,
        -4.3791e-02,  4.5781e-02, -9.9793e-02,  4.7218e-02, -6.1484e-02,
        -3.2220e-02, -1.7310e-02, -5.6598e-02, -1.7064e-02, -3.2158e-02,
        -7.7254e-02,  7.7110e-03, -1.2683e-01,  2.3813e-02,  7.7150e-02,
         7.8966e-02,  2.3491e-02,  1.4244e-02,  5.0942e-03,  1.1681e-01,
        -5.0496e-02, -2.2700e-02,  2.3537e-02,  2.6812e-02, -5.3713e-02,
        -9.1383e-02,  5.8800e-02, -6.9154e-03, -2.1081e-02, -1.2088e-01,
         1.2208e-02,  6.1047e-03, -2.2043e-02, -4.3086e-33, -2.0979e-02,
        -6.5250e-02, -2.6834e-02,  1.6959e-02,  4.8805e-02,  7.7449e-03,
        -1.3341e-01,  8.7673e-03, -1.4532e-02, -3.4621e-02, -2.6408e-02,
         4.9444e-02, -4.5727e-02,  1.4990e-02, -1.9778e-02, -7.5937e-02,
         6.1441e-03,  3.5816e-03, -3.0143e-02, -2.3505e-02,  7.8317e-02,
         1.5636e-02, -1.6736e-02, -9.0309e-03,  1.5886e-02,  4.6093e-02,
        -6.2852e-02, -1.5066e-02,  2.2352e-02,  2.5319e-02, -9.3327e-02,
         8.1735e-02, -4.0000e-02,  3.3888e-02,  9.1641e-03,  1.0853e-01,
        -3.3223e-02, -5.0768e-02, -8.9331e-02, -2.3819e-02,  3.2073e-03,
         2.7253e-02,  4.1072e-02, -6.6825e-02,  1.4791e-02,  3.8205e-02,
         5.0005e-02,  1.0543e-01,  1.4110e-03,  3.1736e-02,  7.0887e-02,
         3.8391e-02, -9.5265e-03,  1.3458e-01, -9.0903e-02,  2.9123e-02,
        -2.7643e-04, -2.7120e-02,  4.4928e-03,  8.2643e-03,  1.6720e-02,
         7.1906e-02, -2.0196e-02,  5.2152e-02,  7.6067e-03, -6.8286e-02,
        -2.1851e-02, -4.6803e-03, -1.2919e-02, -5.9121e-02, -8.9661e-03,
        -5.9273e-02,  4.2280e-02, -1.3121e-02,  7.2208e-02, -2.0272e-02,
         1.1780e-02, -1.6523e-02, -9.7343e-02,  1.7626e-02,  3.8926e-02,
        -1.5701e-02,  6.1432e-02,  1.0605e-01, -1.6777e-02, -3.1388e-02,
        -1.5480e-02, -3.6350e-02, -2.0996e-02,  5.6037e-02, -3.0083e-02,
         7.2479e-02, -2.7494e-02,  4.3762e-02,  4.7554e-02, -5.4460e-08,
        -3.4683e-02,  1.7732e-02, -4.0095e-02, -4.0852e-02, -3.9948e-02,
        -1.0254e-02, -3.5735e-02, -8.2760e-02,  7.1316e-03,  3.0081e-02,
         8.7009e-02,  2.6030e-02, -9.4143e-02, -5.9117e-02, -1.3214e-01,
         9.2274e-02,  1.1701e-02, -5.8249e-02, -2.2636e-02,  4.6193e-02,
        -4.7688e-02, -4.1852e-02,  8.0174e-02, -5.0088e-02,  1.3613e-02,
        -3.2219e-02, -5.6145e-02,  6.1905e-02, -2.5822e-02,  6.9696e-02,
        -3.8646e-03,  1.3291e-01,  3.6368e-02, -2.1295e-02,  3.8807e-02,
        -4.0694e-02, -1.0499e-02, -2.9000e-02,  7.2268e-04,  2.5836e-02,
         4.5798e-02,  5.7982e-02,  4.1221e-02,  3.2081e-03, -2.9826e-02,
         1.1140e-02, -4.4286e-02,  8.3752e-02,  3.1496e-02,  4.1691e-03,
        -4.3019e-02,  3.8762e-02, -6.1627e-03,  6.7893e-03, -4.1591e-02,
        -5.5851e-03,  3.9311e-02,  3.1076e-02, -3.0059e-02,  9.2345e-03,
         8.1440e-02, -6.9754e-03,  6.0537e-02,  2.4404e-04], device='mps:0')"
The Dark Knight,Cultural influence,"The Dark Knight is considered an influential and often-imitated work that redefined the superhero/comic-book film genre, and filmmaking in general. In 2020, the United States Library of Congress selected The Dark Knight to be preserved in the National Film Registry for being ""culturally, historically, or aesthetically significant"".
Before The Dark Knight, superhero films closely emulated their comic-book source material, and though the genre had seen significant successes such as Superman (1978), Batman (1989), X-Men (2000), and Spider-Man (2002), they were often considered disposable entertainment that did not garner much industry respect. A 2018 retrospective by The Hollywood Reporter said The Dark Knight taught filmmakers ""comic book characters are malleable. They are able to be grounded or fantastic, able to be prestigious or pure blockbuster entertainment, to be dark and gritty or light, to be character-driven or action-packed, or any variation in-between.""
The Dark Knight is considered a blueprint for the modern superhero film that productions either attempt to closely emulate or deliberately counter. Its financial, critical, and cultural successes legitimized the genre with film studios at a time when recent films, such as Daredevil, Hulk (both 2003), Fantastic Four (2005), and Superman Returns (2006) had failed to meet expectations. The genre became a focus of annual studio strategies rather than a relatively niche project, and a surge of comic-book adaptations followed, in part because of their broad franchising potential. In 2008, Ebert wrote; ""[The Dark Knight], and to a lesser degree Iron Man, redefine the possibilities of the 'comic-book movie'"". The Atlantic wrote Iron Man's legacy in launching the Marvel Cinematic Universe (MCU) could not have happened without the financial and critical success of The Dark Knight, which made comic book adaptations a central focus of film studios.
Retrospective analysis has focused on the way studios, eager to replicate its performance, released tonally dark, gritty, and realistic films, or reboots of existing franchises, many of which failed critically or commercially. Some publications said studios took the wrong lessons from The Dark Knight, treating source material too seriously and mistaking a dark, gritty tone for narrative depth and intelligent writing. The MCU is seen as a successful continuation of what made The Dark Knight a success, combining genres and tones relevant to each respective film while treating the source material seriously, unlike the DC Extended Universe, which more closely emulated the tone of The Dark Knight but failed to replicate its success.
Directors including Sam Mendes (Skyfall, 2012), Ryan Coogler (Black Panther), and David Ayer (Suicide Squad, 2016), have cited it as an influence on their work, Steven Spielberg and Leonardo DiCaprio listed it among their favorite films, and Timothée Chalamet said it inspired him to become an actor. The film has been referenced in a variety of media including television shows such as Robot Chicken, South Park, and The Simpsons. U.S. President Barack Obama used Joker to explain the growth of Islamic State (IS) military group, saying "" ... the gang leaders of Gotham are meeting ... they were thugs, but there was a kind of order ... the Joker comes in and lights the whole city on fire. [IS] is the Joker."" Joker's appearance became a popular Halloween costume and also influenced the 2009 Barack Obama ""Joker"" poster.","tensor([ 1.2248e-03, -7.6947e-02, -1.3259e-01,  1.5351e-02,  4.1182e-02,
         6.0825e-02, -2.6606e-02,  4.5394e-02,  4.0649e-02, -2.1891e-02,
        -1.4964e-03,  3.8642e-02,  7.4024e-02,  4.3972e-02,  6.1141e-03,
         6.8452e-03,  1.3881e-01, -3.1838e-02, -2.1395e-02, -1.8833e-02,
         5.1353e-02,  1.6340e-03,  2.8850e-02, -7.7730e-02, -7.9473e-02,
        -5.4315e-02,  2.0885e-02, -6.5692e-02, -9.8444e-02,  3.6094e-02,
        -4.0910e-02,  6.0156e-02, -6.8917e-02, -4.1858e-03, -2.2760e-03,
         5.9567e-02, -1.8928e-02,  1.1063e-01,  6.4745e-03, -1.5674e-02,
        -2.3950e-02, -1.7450e-02,  4.1838e-03, -7.0731e-03,  5.5575e-02,
        -1.6543e-02,  2.5913e-02, -2.1396e-02, -7.1934e-02,  4.5639e-02,
         7.9717e-03,  1.0005e-01, -1.7710e-02, -6.8338e-03,  3.1911e-02,
        -2.8946e-02, -2.8463e-02, -6.7021e-02,  6.7753e-02, -2.5386e-02,
         8.9417e-03, -2.1831e-02,  3.5837e-02,  1.4410e-02,  6.3168e-02,
        -4.4522e-03, -1.9930e-02, -4.4643e-03, -9.3822e-02,  2.6855e-02,
        -8.1892e-02, -1.4033e-02,  3.7851e-03, -2.7861e-02, -1.0533e-01,
         5.0352e-02,  1.0929e-02,  1.7714e-02,  1.8429e-02,  3.1017e-02,
         6.7485e-02, -2.3260e-02,  5.2253e-02,  3.3656e-02, -1.0922e-02,
         7.0569e-02,  3.1915e-02, -2.2045e-02, -6.1679e-02,  5.1118e-02,
        -4.0443e-02, -5.6462e-03,  6.6033e-02,  5.7620e-03, -1.1892e-02,
        -8.1371e-02,  9.7433e-03, -4.6047e-02,  2.4392e-02,  4.1991e-02,
        -4.9351e-02, -8.4525e-02,  3.4099e-02,  1.5019e-02,  6.7741e-02,
        -5.8445e-02,  8.2115e-02, -1.4137e-02, -1.1620e-02,  4.8226e-02,
        -9.3939e-03,  2.6787e-02, -5.4952e-02, -2.9728e-02,  1.2053e-01,
         4.0815e-02,  5.8502e-02,  3.3313e-02,  2.6195e-02,  1.2611e-01,
         3.0555e-02,  6.8198e-02,  4.4135e-02, -2.5136e-02,  8.4525e-02,
        -5.8135e-02,  1.8671e-02, -7.6393e-34, -3.8263e-02,  3.1973e-02,
         1.7783e-02, -4.9447e-03, -5.0075e-02, -5.0553e-02,  7.2324e-02,
         1.2015e-02,  1.5660e-02,  3.3761e-02,  1.1920e-01,  2.9511e-02,
        -5.2267e-02,  7.9537e-02, -3.4327e-02,  1.0562e-01, -1.2621e-02,
        -2.3361e-02,  2.7113e-03, -4.5112e-02, -2.2304e-02, -1.9692e-02,
         5.9041e-02, -3.4666e-02, -9.3407e-02, -2.0074e-02, -3.9289e-02,
        -3.1179e-02,  1.7588e-02, -2.4011e-02, -2.2606e-02,  9.9713e-02,
         5.3978e-02,  3.0054e-02,  1.6205e-02,  2.8533e-03, -1.6674e-02,
        -6.4472e-02,  1.3527e-01,  1.1472e-02, -2.1204e-02, -6.7737e-03,
        -1.2028e-01, -2.4693e-02,  1.4286e-02,  2.6439e-02,  7.0822e-02,
        -1.3892e-01, -1.0215e-01, -2.5701e-03,  3.7244e-02,  1.6407e-02,
        -5.0082e-03, -6.8358e-02, -5.6088e-02, -1.1633e-02,  8.9162e-03,
        -8.0622e-02,  3.0841e-03, -5.4895e-02, -3.8082e-02, -1.5965e-02,
        -9.8269e-02, -3.0009e-02, -1.1721e-02,  5.8793e-02, -1.3453e-02,
        -8.1108e-03, -4.2256e-02, -1.7048e-02,  1.2804e-02, -7.8257e-02,
         5.9111e-02, -5.7659e-02,  6.4722e-02,  3.0869e-02, -4.0561e-02,
         9.8542e-03,  4.2734e-02,  3.4711e-02,  2.2638e-02,  1.0016e-01,
        -5.6610e-02, -6.7807e-02, -6.3888e-03, -3.0274e-02, -5.4924e-02,
        -3.3524e-02,  1.3400e-01, -4.6166e-02,  3.3676e-02, -1.2402e-01,
        -2.8512e-02,  2.9535e-03,  3.2154e-02, -8.1798e-34, -4.5315e-02,
        -1.2596e-02, -9.1622e-02,  6.4066e-02,  1.1057e-01, -8.2649e-03,
        -1.5361e-01, -3.4941e-02,  2.9346e-02, -4.2466e-02, -4.3263e-02,
        -1.6663e-02, -4.8250e-02,  2.8174e-02,  3.1833e-02, -7.3335e-02,
         4.7124e-03, -3.0493e-02, -1.5751e-03, -1.1288e-03,  1.0248e-01,
        -1.5113e-02,  3.5236e-02, -6.9316e-02,  4.9827e-02,  8.2041e-03,
        -4.8148e-02, -6.1639e-02,  8.6744e-02, -1.0363e-02, -6.0943e-02,
         6.2505e-02,  7.5665e-02,  6.8977e-02,  1.3902e-02,  3.6215e-02,
        -5.9948e-02, -5.9774e-02, -1.1947e-02,  2.8807e-02, -2.5636e-02,
        -1.4766e-02, -1.1034e-02, -3.5751e-02, -1.7373e-02,  5.6326e-03,
         2.9921e-02,  2.1842e-02,  5.9358e-02, -3.8365e-02, -1.2511e-02,
         2.4752e-02, -4.7352e-02, -1.1269e-02, -7.1533e-02,  6.9653e-02,
        -2.3839e-03,  2.7117e-03,  3.3590e-02,  6.3416e-02, -4.4459e-02,
         5.3348e-02, -2.8845e-02, -6.9765e-02, -6.0288e-02, -4.8971e-03,
        -3.9394e-02,  5.0475e-02, -2.5472e-02, -3.4652e-02,  7.8695e-03,
        -4.6075e-02,  1.8309e-02, -3.3937e-02, -2.0193e-03, -4.3981e-02,
         6.0122e-02,  1.5100e-02,  6.0446e-03,  2.9634e-03, -2.6761e-02,
         2.6133e-02,  9.9930e-03,  5.3899e-02, -3.1255e-02,  8.7599e-02,
        -2.9807e-02, -4.0983e-03, -8.9223e-02, -2.4045e-02, -4.4013e-03,
        -8.8736e-03, -4.7129e-02,  6.9638e-02, -1.6459e-03, -4.8335e-08,
        -4.1767e-02,  2.8458e-02, -5.6394e-02, -4.2238e-02,  4.0401e-02,
        -3.5801e-02,  2.8463e-04,  5.9162e-03,  8.5098e-02,  5.2034e-02,
         2.1122e-02, -3.9618e-02, -1.9130e-02, -3.3263e-02, -5.3627e-02,
         9.3983e-02,  8.2186e-02, -4.0202e-02,  3.2466e-02,  2.6557e-02,
        -1.1664e-02, -1.0812e-02,  9.5330e-02, -7.1199e-02, -7.5677e-02,
         2.4778e-02, -5.6988e-02, -9.3377e-02,  1.2933e-02,  1.6156e-01,
        -1.1927e-02,  7.2906e-02, -3.2538e-03, -2.9250e-02,  1.2110e-02,
        -7.1793e-02,  5.3247e-03, -1.1397e-02,  6.6593e-02,  4.1491e-02,
         3.2768e-02,  9.0551e-02, -3.4202e-03,  8.9647e-02,  1.7970e-02,
         4.6079e-02, -1.7165e-02, -5.8080e-02, -6.8639e-02, -1.9087e-02,
        -4.6322e-02, -2.9070e-02, -9.1090e-03, -4.2919e-02,  7.2773e-03,
         6.7331e-02,  4.0624e-02,  1.7304e-03, -5.7046e-02,  7.0673e-03,
         1.7829e-02, -7.7447e-02,  2.8817e-02,  3.5438e-02], device='mps:0')"
The Dark Knight,Retrospective assessments,"Since its release, The Dark Knight has been assessed as one of the greatest superhero films ever made, among the greatest films ever made, and one of the best sequel films. It is also considered among the best films of the 2000s, and in a 2010 poll of thirty-seven critics by Metacritic regarding the decade's top films, The Dark Knight received the eighth most mentions, appearing on 7 lists. In the 2010s, a poll of 177 film critics by the BBC in 2016 listed it as the 33rd-best film of the 21st century, and The Guardian placed it 98th on its own list. In 2020, Empire magazine named it third-best, behind The Lord of the Rings: The Fellowship of the Ring (2001) and Mad Max: Fury Road (2015). As of 2025, it remains the highest critically rated Batman film according to Rotten Tomatoes, and is often ranked as the best film featuring the character.
The Dark Knight remains popular with entertainment industry professionals, including directors, actors, critics, and stunt actors, being ranked 57th on The Hollywood Reporter's poll of the best films ever made, 18th on Time Out's list of the best action films, and 96th on the BBC's list of the 100 Greatest American Films. The Dark Knight is included in the film-reference book 1001 Movies You Must See Before You Die, and film critics James Berardinelli and Barry Norman included it in their individual listings of the 100 greatest films of all time. In 2012, Total Film named it the sixth-most-accomplished film of the preceding fifteen years, and a 2020 article by Empire named The Dark Knight as one of the films that defined the previous three decades. In 2020, Time Out named it the seventy-second-best action movie ever made. In June 2025, the film ranked number 28 on The New York Times' list of ""The 100 Best Movies of the 21st Century"" and number 6 on its ""Readers' Choice"" edition of the list. In July 2025, it ranked number 42 on Rolling Stone's list of ""The 100 Best Movies of the 21st Century.""
Ledger's Joker is considered one of the greatest cinematic villains; several publications placed his portrayal second only to Darth Vader. In 2017, The Hollywood Reporter named Ledger's Joker the second-best cinematic superhero performance ever, behind Hugh Jackman as Wolverine, and Collider listed him as the greatest villain of the 21st century. In 2022, Variety listed him as the best superhero film performance of the preceding 50 years (Eckhart appears at number 22). Entertainment Weekly wrote there had not been another villain as interesting or ""perversely entertaining"" as Joker, and Ledger's performance was considered so defining that future interpretations would be compared against it. Michael B. Jordan cited the character as an inspiration for his character Erik Killmonger in Black Panther. The ""pencil trick"" scene, in which Joker makes a pencil disappear by slamming a mobster's head on it, is considered an iconic scene and among the film's most famous. Similarly, the character's line ""why so serious?"" is among the film's most famous and oft-quoted pieces of dialog, alongside ""everyone loses their minds,"" and Dent's line ""you either die a hero or you live long enough to see yourself become the villain"", as well as Pennyworth's line ""some men just want to watch the world burn""; the lines also became popular internet memes.
The Dark Knight remains popular with audiences in publicly voted rankings. Over 17,000 people voted the film into the top ten of American Cinematographer's ""Best-Shot Film of 1998–2008"" list, and listeners of BBC Radio 1 and BBC Radio 1Xtra named it their eighth-favorite film. Readers of Empire have alternatively voted it the fifteenth (2008), third (2014), and the fourth-greatest film ever made (2020). The Dark Knight was also voted the greatest superhero movie by readers of Rolling Stone (2014), and as one of New Zealand's favorite films (2015). In 2021, members of Writers Guild of America West (WGAW) and Writers Guild of America, East (WGAE) ranked its screenplay 26th in WGA’s 101 Greatest Screenplays of the 21st Century (so far).","tensor([-9.4317e-03, -9.8176e-02, -1.1093e-01, -8.9942e-03, -1.0248e-02,
         8.8411e-02, -4.2720e-02,  8.9604e-02,  4.8800e-02, -1.6131e-02,
        -7.6043e-02,  5.8673e-02,  5.3045e-02,  5.3150e-02, -4.5275e-02,
         4.5860e-02,  1.5335e-01, -4.5400e-02,  5.5939e-02, -1.3114e-01,
         3.1208e-02,  4.5876e-02,  7.3015e-02, -2.8315e-02, -1.5844e-02,
        -5.0747e-02, -1.4786e-02, -3.4463e-02, -1.5189e-01,  2.3575e-02,
        -6.2903e-02,  5.2633e-02, -6.0940e-02, -2.7690e-02, -9.1759e-02,
         8.6921e-03, -4.3395e-02,  3.4745e-02, -4.3818e-02, -4.5834e-02,
        -3.6760e-02,  7.9586e-03,  6.7656e-02, -1.0340e-01,  1.0645e-01,
        -2.7634e-02, -1.3161e-02, -5.3865e-02, -4.1323e-02,  6.7152e-02,
        -4.1660e-02,  4.4016e-02,  2.4351e-02,  3.8746e-02, -1.3065e-02,
        -4.6365e-02, -7.9102e-02, -7.0410e-02,  4.3366e-02, -3.2466e-02,
         2.1113e-03, -1.0656e-02,  1.2038e-02, -3.4579e-02,  2.6067e-02,
        -1.5161e-02, -3.9804e-02, -2.6826e-02, -6.9832e-02,  6.6420e-02,
        -3.5021e-02,  7.8758e-03,  5.9960e-02, -7.2705e-02, -3.5743e-02,
         7.0042e-02,  3.2619e-03,  3.5589e-03,  2.2571e-02, -1.9496e-02,
         9.6924e-02, -1.4848e-02,  9.1235e-03,  1.1424e-02,  1.8667e-02,
         7.3277e-03,  7.4899e-02,  2.3521e-02, -9.7041e-02,  5.8426e-02,
         1.2680e-02,  7.5578e-03,  2.3831e-02,  6.6240e-02,  1.3288e-02,
        -7.9711e-02,  1.9988e-02, -4.8987e-02, -3.2637e-02,  6.5529e-03,
        -7.3971e-03, -5.7659e-02, -2.1480e-02, -1.0024e-03,  9.7710e-02,
         9.0955e-03,  1.3407e-01, -1.2876e-02,  2.2932e-03, -4.7488e-03,
        -4.2353e-02,  3.8503e-02, -6.4763e-02, -7.6962e-02,  5.9935e-02,
        -1.9357e-02,  1.0124e-01,  4.1424e-02,  1.9242e-02,  1.4699e-01,
         1.3240e-02,  5.0479e-02,  4.8901e-02, -3.7840e-02,  5.8219e-02,
        -2.0801e-03,  4.3524e-02, -1.8296e-33, -3.9751e-02,  2.3656e-02,
         8.3821e-02, -1.1313e-02, -8.5920e-02, -3.8390e-02, -9.3307e-03,
         2.2207e-02, -3.9282e-02, -2.9913e-02,  1.7395e-03, -2.1561e-02,
        -9.3858e-03,  2.0919e-02,  4.5939e-02,  4.0145e-02,  5.3482e-02,
         1.5008e-03,  7.5334e-03, -8.6220e-02, -3.5139e-02, -2.3722e-04,
         1.6011e-02, -4.1405e-02, -1.8596e-02, -2.0807e-03, -3.9497e-03,
        -1.4475e-02, -1.5201e-02, -9.8226e-03,  1.1610e-03,  2.4995e-02,
         4.0531e-04,  3.8224e-02,  1.8240e-02, -1.6417e-02, -5.1123e-02,
         2.9375e-02,  7.8333e-02,  6.2556e-03, -2.7047e-02, -9.1697e-03,
        -7.8269e-02,  3.0657e-03,  3.0190e-02,  6.3074e-02,  2.3467e-03,
        -6.7200e-02, -6.8114e-02,  5.9831e-02,  7.5896e-03,  2.2023e-03,
         8.8240e-04,  4.6374e-02, -7.2631e-02,  3.0151e-03,  4.0667e-02,
        -4.9909e-02,  1.7613e-02, -1.3382e-02, -6.2290e-02,  1.9631e-02,
        -1.0277e-01, -2.6283e-02, -3.8500e-02,  8.5904e-02,  2.3862e-02,
         1.0085e-02, -6.0089e-02, -7.2174e-03, -1.3868e-04, -1.4210e-02,
         2.6638e-03, -5.8030e-02,  8.7454e-02,  4.6138e-02, -4.0378e-03,
        -2.3936e-02,  1.3918e-02,  1.8861e-02, -2.4731e-02,  6.6128e-02,
        -3.9537e-02, -7.0868e-02,  2.6978e-02, -1.5672e-02, -6.9813e-02,
        -6.3005e-02,  1.2335e-01, -2.2621e-02,  8.6593e-03, -9.3667e-02,
         8.0086e-02,  6.5207e-02,  2.7842e-02,  1.4177e-33,  6.1574e-03,
        -4.9994e-02,  1.5840e-02,  6.3350e-02,  2.4328e-03,  1.1507e-02,
        -1.4727e-01,  1.9599e-02,  3.3954e-02, -3.3842e-03,  3.2438e-02,
         2.7163e-02,  1.6508e-02,  4.0810e-04,  9.5838e-02, -1.3246e-02,
        -1.6731e-02, -7.4963e-02,  3.9124e-02,  8.5624e-03,  1.5635e-01,
        -2.1947e-03, -1.7378e-03, -4.9188e-02, -2.8755e-03,  1.8509e-02,
        -5.2222e-02, -3.7566e-02,  6.4869e-02, -5.4184e-02, -4.4375e-03,
         3.0145e-02,  3.6302e-02,  9.8415e-02,  7.1878e-03,  2.8213e-02,
         2.2849e-02, -1.1133e-01, -1.6191e-02,  8.1510e-02, -1.7775e-02,
         2.7266e-02, -3.8438e-02, -1.4856e-02,  1.6645e-02,  8.4641e-04,
         2.5178e-02,  5.0942e-02,  3.5182e-02,  2.5241e-02, -3.3017e-02,
        -5.7770e-03, -3.1404e-02,  5.3423e-02, -1.1288e-02,  7.2203e-03,
        -4.2938e-02, -9.7444e-04,  3.0254e-02,  3.9179e-02, -1.0088e-02,
         5.3187e-02, -3.2243e-02, -7.0139e-02, -3.4027e-02, -3.6603e-02,
        -1.3271e-02,  4.1406e-02, -2.3997e-02, -3.5126e-02, -5.3114e-02,
         1.4169e-02, -2.6580e-02, -1.3000e-02,  7.5192e-03,  1.2008e-02,
         1.4297e-01, -5.5928e-04,  2.2025e-02, -1.3941e-03,  5.0932e-02,
         3.3834e-02,  1.0892e-02,  2.8759e-02,  1.1500e-02,  5.5800e-02,
         5.3809e-02, -5.3354e-02, -3.7946e-02,  3.1477e-02,  2.8731e-02,
        -1.4612e-02, -1.2443e-04,  2.8105e-02,  7.9189e-03, -4.4332e-08,
        -3.5521e-02,  5.5614e-02, -9.3316e-02, -3.4077e-02,  2.5527e-02,
        -1.8625e-02, -5.5075e-03,  8.4516e-02,  8.4197e-02,  3.0781e-02,
         5.6497e-02, -2.5515e-02, -7.5567e-02, -3.4903e-02, -1.0074e-01,
         1.4545e-02,  2.0317e-02, -3.3153e-02,  7.2910e-02, -5.9381e-03,
         1.0489e-02, -2.0116e-02,  1.1619e-01, -9.4829e-02, -3.0391e-02,
        -2.2656e-02, -3.0101e-02, -1.4317e-01, -5.9886e-02,  1.2977e-01,
         8.4094e-03,  3.1607e-03, -3.1484e-02, -9.2892e-03, -8.8799e-03,
        -1.7503e-02, -1.2188e-02,  4.6085e-02,  5.4762e-02,  1.5078e-02,
         6.9904e-02,  1.1228e-01, -6.2699e-02,  6.5726e-03,  1.7764e-02,
         8.2984e-03,  7.9797e-03, -1.1257e-01, -5.4430e-02, -5.4273e-02,
        -1.9435e-02, -3.5397e-02,  4.2643e-02,  2.5199e-04,  1.5879e-02,
         8.4012e-02, -1.8140e-03, -3.2456e-02, -5.2895e-02, -8.5795e-03,
         3.4886e-02, -1.0447e-01,  1.0703e-03,  1.1205e-01], device='mps:0')"
The Dark Knight,Sequel,"The Dark Knight was followed by The Dark Knight Rises (2012), the conclusion of The Dark Knight Trilogy. In the film, Batman is forced out of his self-imposed retirement following the events of The Dark Knight; he allies with Selina Kyle / Catwoman to take on Bane, a physically imposing revolutionary allied with the League of Shadows that is featured in Batman Begins. The Dark Knight Rises was a financial success, surpassing the box-office take of The Dark Knight, and was generally well received by critics but proved more divisive with audiences.","tensor([ 6.1323e-04,  2.0017e-02, -1.1179e-01,  1.8223e-02,  3.0591e-02,
         7.4975e-02, -7.1487e-02,  6.8780e-03,  4.7443e-02, -1.3452e-02,
         8.7915e-03,  2.9029e-02,  1.8684e-02, -4.1227e-02,  1.8643e-02,
        -1.0255e-03,  9.7025e-02,  4.7745e-02,  7.7619e-02, -7.7230e-02,
        -4.5264e-02, -4.2788e-03, -6.8291e-04, -4.8083e-02, -4.8570e-02,
        -5.7865e-02, -5.1256e-03, -6.4224e-02, -1.2441e-01, -7.1233e-03,
        -3.0409e-02, -1.6384e-02, -8.6612e-02,  2.5394e-02, -2.6594e-02,
         3.5083e-02, -1.0430e-02,  8.9203e-02, -3.5079e-02, -6.0628e-03,
        -4.8547e-02, -3.8160e-02,  2.1541e-02, -1.6967e-02,  5.3558e-02,
        -3.7745e-02,  2.0174e-02, -4.7131e-02, -4.5314e-02,  7.5013e-03,
         4.0789e-02,  5.0097e-02, -3.7126e-02,  5.0476e-02,  2.3993e-02,
        -3.4582e-02, -6.3661e-02, -3.4000e-02,  1.0959e-01, -5.2986e-02,
        -1.9201e-02, -1.6160e-02,  1.0523e-02, -3.9406e-02,  7.8167e-02,
        -4.5049e-02, -4.0852e-02, -2.9607e-02, -1.0693e-01,  5.8994e-02,
        -6.2922e-02, -1.3706e-02,  1.6364e-02, -6.6343e-02, -8.7789e-02,
         8.3425e-02,  2.8523e-02,  3.4974e-02,  7.1455e-03,  1.1002e-02,
         7.4037e-02,  5.9733e-02,  3.5809e-03,  8.3609e-02, -4.7572e-02,
         6.7609e-03, -1.8383e-02, -3.4241e-02, -7.5952e-02, -1.0069e-02,
         1.5785e-02, -2.2398e-02,  2.4977e-02,  3.0954e-02, -4.8524e-02,
        -8.7380e-02,  4.1582e-02, -8.8886e-02,  3.8114e-02,  4.3649e-02,
        -2.0976e-02, -8.9857e-02, -2.6261e-02, -2.2460e-02,  3.7298e-02,
         7.8394e-03,  7.3208e-02, -4.7068e-02,  4.5332e-02,  2.3889e-02,
        -5.1596e-03, -2.0740e-02, -9.1935e-02, -5.8441e-02,  7.7104e-02,
         9.8833e-02,  6.7777e-02,  4.8508e-02,  1.4201e-02,  1.3132e-01,
         1.0762e-01,  8.2839e-02,  3.8631e-02,  1.0893e-02,  2.6905e-02,
        -6.1509e-02,  3.3985e-02, -3.5557e-34, -6.3829e-02, -6.5095e-02,
         4.1704e-02,  7.7112e-02,  2.6955e-02, -8.1534e-02,  2.8469e-02,
        -5.8998e-03, -5.3846e-02, -8.8800e-03,  1.6929e-02,  9.9032e-03,
        -1.3432e-02,  3.4696e-02, -3.4803e-02,  3.1836e-02,  7.9169e-02,
        -4.2684e-02,  3.3097e-02, -8.4383e-02, -9.0804e-03, -2.1075e-02,
         4.9989e-02, -8.5480e-03, -7.7574e-02, -2.1025e-02,  4.9080e-03,
        -5.2561e-02,  1.1298e-02,  1.1340e-02, -7.0105e-03,  2.6032e-02,
         4.4079e-02,  2.6741e-02, -2.0420e-02,  9.3648e-03,  3.2569e-02,
        -5.3918e-03,  1.0380e-01, -6.1799e-02, -3.0625e-02,  2.7313e-02,
        -4.3208e-02, -5.0471e-02, -2.4605e-02, -3.5414e-02,  1.3744e-02,
        -7.0693e-02, -3.5419e-02, -2.9798e-02,  5.1956e-02, -1.1700e-01,
        -4.5801e-02, -1.7813e-02, -6.4796e-02,  3.5944e-02, -2.8316e-02,
        -4.4242e-02,  1.1750e-02,  3.4144e-02, -1.7902e-03, -5.8378e-02,
        -1.2398e-01, -4.2021e-03, -8.1214e-03,  5.9993e-03,  7.2979e-03,
         7.0100e-03, -5.3671e-02, -4.3397e-02, -3.4721e-02, -2.6549e-03,
         5.2725e-02, -2.4469e-03,  5.5802e-02,  1.0490e-01, -1.1543e-02,
         4.5260e-02,  7.4370e-03,  2.7223e-02,  3.7442e-02,  7.7276e-02,
        -4.3980e-02, -7.8608e-02,  5.4253e-02, -3.3583e-03, -9.1720e-02,
        -5.2819e-02,  6.8618e-02, -1.0223e-02,  3.2695e-02, -6.1155e-02,
         7.1591e-02,  1.4276e-02,  5.9662e-02, -1.6866e-33, -3.6266e-03,
        -2.1741e-02, -4.6657e-02, -2.9698e-02,  1.0826e-01,  2.5412e-02,
        -1.4644e-01, -8.4248e-03, -1.5281e-02,  2.0821e-02, -2.2426e-02,
         3.2924e-02, -2.4311e-02,  7.1328e-02,  2.7630e-02, -6.5193e-02,
        -2.7313e-02, -5.8044e-02,  3.2033e-02,  1.0158e-02,  7.5318e-02,
        -1.0409e-01,  4.0079e-02, -1.0839e-01,  8.3540e-03,  6.1427e-02,
        -5.1910e-02,  3.6205e-02, -2.4217e-03,  3.5964e-02, -8.2266e-02,
        -3.8190e-02,  6.7977e-02,  3.5646e-02,  6.1922e-02,  9.5789e-02,
        -6.9664e-02, -9.0938e-02, -3.2476e-02,  5.3796e-02, -2.0622e-02,
        -1.4350e-02,  2.3103e-04, -7.9363e-02,  1.9181e-02, -1.6723e-02,
         1.8106e-02,  9.2001e-02,  1.0238e-01,  1.8269e-03,  9.8918e-03,
         5.5684e-02, -5.2741e-02,  6.6884e-02, -6.6191e-02,  2.9667e-02,
         5.9809e-02,  4.1768e-02,  4.1615e-03,  1.8326e-02, -4.1537e-02,
         2.0932e-02,  3.8552e-03, -7.1180e-02,  3.4085e-02,  1.3767e-02,
        -2.9103e-02,  2.6665e-02,  1.6808e-02, -5.7047e-02, -2.7960e-02,
        -1.8135e-02, -7.8479e-03, -1.3281e-02,  2.1368e-02, -3.9521e-02,
         1.0462e-01,  2.2101e-02, -1.3435e-02, -5.3944e-03, -1.3002e-02,
        -7.3979e-03, -3.0837e-02,  7.1310e-02, -3.4177e-02,  5.5071e-02,
         4.6277e-02, -4.1015e-03,  7.2130e-03, -3.1472e-02,  9.8894e-03,
        -2.3852e-02,  6.3623e-02,  2.7408e-02, -7.6819e-03, -4.2425e-08,
        -1.3108e-01,  1.8992e-04, -3.7185e-02, -2.3036e-02,  5.8006e-02,
         4.0284e-02,  6.4051e-03,  5.1109e-02,  4.6664e-02,  1.5414e-02,
        -4.8742e-02,  6.0595e-02,  6.3069e-02, -8.3104e-02, -5.6638e-02,
         1.2555e-01,  4.8416e-02, -4.0635e-02,  4.4896e-02, -5.8603e-03,
        -2.5890e-02, -7.6517e-03,  8.1159e-02, -4.4301e-02, -2.1044e-02,
        -4.3048e-02, -7.8802e-02, -4.7471e-02,  9.6375e-03,  9.4407e-02,
         2.7839e-02,  8.2312e-02,  2.0883e-02, -6.8379e-02, -1.2397e-02,
         3.6177e-02,  1.4210e-02,  2.0699e-02,  6.3152e-02, -2.4387e-02,
         5.6425e-02,  1.3143e-01, -2.7742e-02,  1.3922e-02, -5.9376e-02,
        -8.7153e-03, -4.2790e-03, -6.1419e-02, -7.8520e-02, -8.7064e-02,
        -3.3482e-02,  2.6565e-03,  1.3781e-02,  5.3168e-03, -1.2783e-02,
         2.3172e-02, -4.6319e-02, -2.9971e-02, -4.3626e-02,  1.0025e-02,
         9.5643e-02, -6.7725e-02,  2.5064e-02,  1.1325e-01], device='mps:0')"
Pulp Fiction,Introduction,"Pulp Fiction is a 1994 American crime film written and directed by Quentin Tarantino from a story he conceived with Roger Avary. It tells four intertwining tales of crime and violence in Los Angeles. The film stars John Travolta, Samuel L. Jackson, Bruce Willis, Tim Roth, Ving Rhames, and Uma Thurman. The title refers to the pulp magazines and hardboiled crime novels popular during the mid-20th century, known for their graphic violence and punchy dialogue.
Tarantino wrote Pulp Fiction in 1992 and 1993, incorporating scenes that Avary originally wrote for True Romance (1993). Its plot occurs out of chronological order. The film features self-referential elements, monologues, casual conversations with eclectic dialogue, and an ironic combination of humor and violence. TriStar Pictures turned down the script as ""too demented"". Miramax Films co-chairman Harvey Weinstein was enthralled, however, and the film became the first that Miramax Films fully financed.
Pulp Fiction won the Palme d'Or at the 1994 Cannes Film Festival and was a major critical and commercial success. It was nominated for seven awards at the 67th Academy Awards, including Best Picture, and won Best Original Screenplay; Travolta, Jackson, and Thurman were nominated for Best Actor, Best Supporting Actor, and Best Supporting Actress respectively. As a result of the film's success, Travolta's career was reinvigorated. The film's development, marketing, distribution, and profitability had a sweeping effect on independent cinema.
Pulp Fiction is regarded as Tarantino's magnum opus, with particular praise for its screenwriting. The self-reflexivity, unconventional structure, and extensive homage and pastiche have led critics to describe it as a touchstone of postmodern film. It is considered a cultural watershed, influencing films and other media that adopted elements of its style. The cast was also widely praised, with Travolta, Thurman, and Jackson earning high acclaim. In 2008, Entertainment Weekly named it the best film since 1983 and it has appeared on many critics' lists of the greatest films. In 2013, Pulp Fiction was selected for preservation in the US National Film Registry by the Library of Congress as ""culturally, historically, or aesthetically significant"".","tensor([-3.2127e-02, -1.1688e-01, -4.0325e-02,  4.9720e-02, -4.0782e-02,
         3.1806e-02, -4.2027e-02,  9.0884e-03,  8.2270e-02, -6.8084e-03,
         3.4219e-02,  6.2849e-02, -7.6693e-02,  2.9744e-02, -2.9966e-02,
        -7.0533e-03,  6.2421e-02,  5.1037e-02,  5.7151e-02,  7.0203e-02,
         5.7986e-02, -1.4645e-02,  2.2874e-02, -1.0797e-01,  9.0185e-03,
        -4.6872e-02,  8.6353e-03, -4.7653e-02, -9.9602e-02,  1.6188e-02,
         2.2146e-02,  4.3962e-02, -2.4947e-03, -5.1401e-03,  2.5748e-02,
        -2.2573e-02,  2.8672e-02, -3.6970e-02,  4.2965e-02, -8.4918e-02,
        -6.0043e-02, -5.1406e-02,  7.1445e-02,  4.7019e-02,  4.3209e-02,
        -1.7338e-01, -6.7868e-02,  4.8775e-03,  9.1240e-03,  3.7367e-02,
        -5.7713e-02,  4.3036e-02,  1.2704e-02,  1.6424e-02, -6.8911e-02,
        -2.8055e-02,  5.5206e-02,  7.9521e-02,  5.6265e-02,  8.9946e-03,
         3.0325e-02, -5.9545e-02,  1.1393e-02,  6.1638e-03,  3.3574e-02,
        -1.9114e-02,  7.0753e-02,  6.1660e-02, -4.5093e-02,  4.7377e-02,
        -3.9237e-02, -1.5373e-02, -6.2391e-02, -2.9703e-02, -2.5077e-02,
         3.0436e-02, -6.9982e-02,  5.2139e-02, -9.8824e-03, -3.9255e-02,
         5.5845e-02, -3.0861e-02,  2.2278e-03,  5.1785e-02, -5.4084e-02,
         1.0606e-02, -2.5064e-02,  4.6973e-02, -5.0290e-02,  9.2231e-02,
        -1.6876e-02,  2.3717e-02, -1.2341e-02, -3.1019e-02,  1.2800e-02,
        -3.9817e-02, -4.2501e-02, -1.1903e-02,  4.4394e-02, -4.5129e-02,
        -8.7359e-03, -4.9050e-02, -2.3467e-02, -1.0960e-01,  1.0990e-01,
        -5.1915e-03,  5.8634e-02, -1.0650e-01, -2.7539e-02, -1.0947e-03,
        -4.9808e-02,  5.9665e-02,  3.3792e-02,  1.1851e-02,  1.4170e-01,
         1.5397e-02,  7.9813e-02,  3.0148e-02,  5.7887e-02,  5.4989e-02,
        -3.4526e-03,  1.3432e-02, -8.2187e-02, -1.9762e-02, -6.0531e-02,
        -9.0306e-02,  2.1406e-02,  1.9840e-33,  7.2021e-02, -1.6252e-02,
        -2.5393e-02,  1.4936e-02,  1.7109e-02,  1.7858e-02, -2.2821e-02,
         1.0123e-02, -5.2771e-02,  3.7968e-02, -4.3267e-02, -1.2281e-01,
        -4.8297e-02,  6.7358e-02,  5.7982e-02,  2.0533e-02,  8.1994e-03,
        -1.7264e-02,  3.3190e-02, -8.8201e-02, -6.1557e-02, -1.1879e-02,
        -1.3361e-02,  9.4271e-03, -7.7528e-02,  9.0250e-03, -1.7735e-02,
        -7.0394e-03,  8.8437e-03, -1.1676e-02, -6.4548e-02,  1.9701e-02,
         9.8153e-02, -2.8783e-02,  5.1622e-02,  4.4064e-04, -7.0418e-02,
         2.6623e-02,  2.2617e-02,  6.1914e-02, -4.0643e-02,  7.0082e-02,
        -3.8447e-02, -8.8007e-02, -3.3533e-02,  9.7587e-02, -4.8489e-02,
        -8.8096e-03, -3.8586e-02,  7.6924e-02, -1.0843e-02, -1.2127e-02,
         1.9806e-02,  3.1384e-02, -7.6279e-02,  8.3644e-02,  4.2581e-03,
        -4.6098e-02,  9.5180e-03, -3.6123e-02,  3.7043e-02,  9.9725e-03,
         5.2753e-04,  7.9804e-03, -9.1259e-02,  9.8166e-02,  1.5420e-02,
         3.0378e-02, -1.4068e-02,  7.9973e-02, -9.7836e-02,  3.4049e-02,
        -2.9963e-02, -5.0448e-02,  4.8996e-02,  3.9556e-02,  2.2993e-02,
         2.4668e-02, -5.2379e-02,  2.6741e-02, -1.1555e-01,  7.9468e-02,
         2.7909e-02, -7.4537e-02, -1.4072e-02,  5.1806e-02, -9.0258e-02,
         2.2040e-02,  2.9339e-02,  3.9186e-02,  9.6932e-02, -7.1150e-02,
        -2.9283e-02,  3.4228e-02,  1.4537e-02, -3.8255e-33,  1.8126e-02,
        -1.7224e-02, -4.1962e-02, -4.3347e-02, -4.9664e-02,  6.0504e-02,
        -1.5197e-01,  1.0768e-02,  4.5274e-02, -8.1985e-02, -2.8103e-02,
        -6.4841e-02, -1.5527e-02, -6.9249e-03,  5.3398e-02,  2.7156e-02,
        -4.2989e-02, -9.5430e-02, -4.1647e-02,  2.7865e-02,  4.5801e-02,
         8.6358e-04,  4.8621e-02,  3.1680e-02,  6.6989e-02, -7.9724e-02,
        -3.5782e-02,  4.7958e-02, -4.7864e-02,  2.3614e-02,  5.0636e-02,
        -7.5863e-04, -1.7415e-02,  6.3819e-02,  2.5760e-03,  7.3364e-03,
         2.0832e-02, -4.8835e-02,  1.1945e-02,  2.5057e-02,  7.3314e-02,
        -2.6389e-02, -7.6406e-02,  1.5491e-02, -8.3136e-02, -4.2729e-02,
        -2.4321e-02, -6.2423e-02,  9.7344e-03,  6.0141e-02, -5.6389e-02,
         4.9755e-02, -4.5183e-03,  3.8525e-02, -2.0570e-02, -1.2663e-02,
        -9.7148e-03, -5.0959e-04, -4.7744e-02,  3.9781e-02, -8.4533e-02,
         7.3944e-02, -2.3831e-02, -4.8903e-02,  3.9136e-02, -1.4962e-02,
        -6.4196e-02,  2.2184e-02, -7.0495e-02, -3.4446e-02, -1.2131e-02,
         2.4783e-02,  1.9983e-03,  7.9526e-02, -1.3369e-02, -5.5997e-02,
        -8.5190e-03, -7.0884e-02, -4.2536e-02,  6.1598e-02,  5.2017e-02,
         7.6238e-02,  5.8545e-03,  8.4829e-02, -4.0013e-02,  7.3403e-02,
         1.5624e-02,  3.7518e-02,  3.4072e-03,  9.1282e-02,  6.9092e-02,
        -1.4001e-02,  5.3827e-02,  8.3338e-03, -3.8412e-02, -5.5373e-08,
        -7.8554e-02, -1.1021e-02, -2.5895e-02,  6.4680e-02, -1.3884e-02,
         5.5121e-02, -5.7078e-02,  7.0711e-02, -1.2739e-02, -4.6592e-03,
         7.6511e-03,  2.3476e-02, -4.9083e-02, -1.4159e-02, -1.0320e-01,
        -1.8834e-02,  2.6525e-02, -1.1233e-02,  3.4444e-02,  6.3519e-02,
         5.1720e-02, -1.4580e-02,  2.3006e-02,  2.6987e-02,  9.8267e-03,
         4.1158e-02, -7.9302e-02, -9.9044e-02,  3.8428e-02,  1.1871e-01,
         7.0751e-04, -3.1649e-03, -3.0026e-02, -2.6641e-03, -1.1636e-01,
         1.6800e-02,  9.5915e-02, -4.5371e-02, -4.8201e-02,  1.1749e-02,
         5.2026e-02,  5.5579e-02, -4.0772e-02, -4.3724e-02, -7.6672e-03,
         2.4563e-02,  4.5448e-02, -8.2659e-02,  6.4534e-02,  6.2265e-02,
         1.6290e-02, -5.0359e-03,  5.3770e-02,  8.5969e-02,  1.6639e-02,
        -2.9458e-02,  1.3657e-02,  1.0371e-01,  2.1968e-03, -9.7464e-03,
         1.1020e-02, -2.8195e-02,  9.8395e-02, -1.7604e-02], device='mps:0')"
Pulp Fiction,Narrative structure,"Pulp Fiction follows a nonlinear narrative structure with several plot lines that intersect at various points. Its structure is spliced into 7 parts, which are listed below. Bolded sections are those explicitly referenced in the film's title cards.

""Prologue – The Diner"" (I)
""Prelude to 'Vincent Vega and Marsellus Wallace's Wife'""
""Vincent Vega and Marsellus Wallace's Wife""
""Prelude to 'The Gold Watch'""
""The Gold Watch""
""The Bonnie Situation""
""Epilogue – The Diner"" (II)
If the seven sequences were ordered chronologically, they would run: 4, 2, 6, 1, 7, 3, 5. Sequences 1 and 7 partially overlap and are presented from different points of view, as do sequences 2 and 6. According to Philip Parker, the structural form is ""an episodic narrative with circular events adding a beginning and end and allowing references to elements of each separate episode to be made throughout the narrative"". Other analysts describe the structure as a ""circular narrative"".","tensor([-3.5362e-02, -7.1049e-02,  4.7710e-02,  2.4470e-02, -3.9909e-02,
         5.4442e-02, -8.3136e-02, -9.9563e-03,  1.1573e-01, -4.0236e-02,
         2.7049e-02,  5.6549e-02, -6.2532e-02, -3.4170e-02, -5.2598e-03,
        -1.0878e-01,  1.9531e-02, -3.7771e-02,  1.1712e-01,  7.3481e-02,
         6.5908e-02, -1.5451e-02, -2.3317e-02,  3.3983e-02, -4.8569e-02,
         3.6529e-02, -1.7916e-03,  2.9492e-02, -2.4731e-02, -4.1044e-02,
         1.5855e-02,  3.2033e-02,  5.6754e-02,  2.0029e-02,  3.8226e-02,
        -1.6100e-02,  6.1046e-02,  4.7497e-02, -1.1401e-02, -6.2087e-02,
         1.2999e-02, -2.2837e-02,  2.5513e-02,  5.0628e-02,  6.4324e-02,
        -6.8426e-02, -1.0247e-01, -1.3215e-02,  2.9635e-02, -2.2172e-02,
        -1.0861e-01,  1.4782e-02, -6.5495e-04,  9.3595e-03,  3.6717e-02,
         3.6936e-02,  3.1395e-02,  6.2404e-03,  9.5930e-02, -3.6547e-03,
         1.1821e-02, -6.2227e-02, -9.2152e-02,  1.0407e-02,  6.2032e-02,
        -3.6812e-02,  7.6231e-03,  6.3402e-02, -6.9484e-02,  6.6995e-02,
        -4.2656e-02, -3.9302e-03, -2.8028e-02,  1.6093e-03, -6.9820e-03,
         5.4381e-02, -3.7850e-02, -7.7420e-03, -6.7548e-02, -1.0845e-01,
        -5.6829e-02, -2.1386e-02,  4.1566e-02,  1.3013e-02, -7.4658e-02,
         2.1756e-02,  3.6188e-03, -9.6591e-03, -8.1866e-02,  1.1243e-02,
        -7.7415e-02, -1.2426e-01,  5.7052e-02, -4.1616e-02,  4.5690e-03,
         6.9981e-02, -1.8411e-03, -4.0244e-03,  1.0281e-01, -1.4097e-02,
         9.4858e-02,  1.4600e-02,  4.0992e-02, -5.1775e-02,  5.7006e-02,
        -1.2461e-02, -4.4607e-02, -2.1050e-02,  1.2950e-02, -8.3546e-02,
        -1.2910e-02,  1.4523e-02,  1.4287e-02, -5.1763e-02,  3.2736e-02,
        -4.8786e-03,  3.2621e-02,  8.2239e-02,  4.5998e-02,  9.4211e-02,
         5.9598e-02,  5.3749e-02, -1.8032e-02,  4.9530e-02, -6.8859e-02,
        -9.1886e-02,  7.0838e-02, -1.7421e-33, -2.0375e-02, -6.0110e-02,
        -4.5897e-02,  4.2059e-02,  9.1221e-02, -3.6391e-03, -2.6530e-02,
         3.6161e-02,  1.7083e-02,  4.9724e-02, -6.6860e-03, -5.7391e-02,
        -4.5023e-02,  5.1257e-02, -2.3660e-02,  2.5866e-02, -3.0987e-02,
         2.1673e-02,  1.5240e-02, -1.0218e-01, -1.1513e-01, -3.5713e-02,
         2.6340e-03,  1.1730e-02, -6.5773e-03, -4.3571e-03, -8.6667e-02,
        -3.7929e-02, -1.9739e-02,  2.2808e-03, -5.6631e-02,  5.0117e-02,
         8.6723e-03, -3.5363e-02,  2.9291e-02,  2.9497e-02,  4.8040e-02,
        -3.9471e-02, -4.2464e-02,  2.3758e-02, -5.9413e-02,  7.3033e-03,
        -1.4774e-02, -5.1424e-02, -3.9961e-02, -2.4604e-02,  8.6952e-03,
         7.1643e-02, -1.4068e-02,  8.7747e-02,  3.5910e-02, -3.4372e-02,
         3.8483e-02, -3.5731e-02, -6.9441e-02,  1.0574e-01,  3.0696e-02,
        -6.5140e-02, -2.6480e-02,  5.8067e-03,  9.7228e-02,  7.2270e-02,
        -5.1200e-03, -1.3719e-02, -6.0535e-02,  1.8552e-01, -3.0497e-02,
         4.2431e-03,  3.6938e-02,  5.5043e-02, -1.2375e-01,  1.1681e-02,
        -3.2195e-02,  1.2970e-02,  2.2742e-02,  6.3358e-02, -3.9169e-02,
        -5.0693e-02, -8.7233e-02,  2.4827e-02, -1.0475e-01,  2.8114e-02,
        -3.3989e-02,  2.8683e-02, -8.2957e-02,  2.1882e-02, -2.7820e-03,
        -1.7071e-02, -4.0562e-02, -4.9433e-02,  6.5463e-02, -2.0724e-02,
         6.6083e-02,  5.3466e-02,  2.3242e-03, -1.9644e-33, -2.6928e-03,
        -1.9761e-02, -3.3133e-02, -2.2153e-02, -2.7098e-03, -5.1107e-02,
        -1.0297e-01, -1.6854e-02,  1.1849e-02, -6.7147e-02, -5.9803e-02,
        -5.4760e-02,  3.0054e-02,  1.8556e-02, -3.2273e-02,  9.5430e-02,
         3.1529e-02,  3.6766e-03,  3.7736e-02,  5.9626e-02,  6.1384e-02,
        -6.0252e-02, -7.2448e-03, -1.0814e-02,  1.1988e-01,  2.1847e-02,
         6.5600e-02, -1.1962e-02,  2.4826e-02, -8.7976e-04,  2.5314e-02,
        -5.3090e-02,  5.3441e-02, -5.0502e-02, -2.4639e-02,  2.3413e-02,
        -1.2438e-02, -5.7678e-02,  3.7234e-02,  2.2494e-02,  4.3544e-02,
        -1.5340e-02, -3.8566e-02, -5.2280e-04, -3.3159e-02, -1.7034e-02,
         1.0810e-01,  5.2400e-02, -1.3194e-02,  3.1207e-02, -4.1624e-02,
         4.6998e-02, -4.8467e-02,  5.3332e-02, -1.0326e-01,  1.2791e-03,
         3.2614e-02,  4.2766e-02,  2.8099e-02, -3.8789e-02, -5.5689e-02,
         8.4308e-02, -2.4690e-02, -1.6123e-03,  8.2997e-02, -2.3253e-02,
        -7.3143e-02, -3.3662e-02, -1.1199e-01, -6.9110e-02, -4.9162e-02,
        -4.2480e-02, -5.3931e-02,  1.0826e-02,  1.6852e-03, -1.5302e-02,
        -2.0925e-02, -1.0779e-01, -5.8692e-02,  2.8574e-02, -6.3532e-02,
         5.4214e-03,  5.1369e-02,  9.0227e-02, -3.6669e-02,  4.0798e-02,
         1.0545e-02,  1.4052e-02,  5.0602e-02,  1.0224e-01,  4.3023e-02,
         6.6794e-03,  1.0185e-01,  4.1668e-02, -5.8097e-02, -5.2843e-08,
        -9.8475e-03, -7.1729e-02, -4.2652e-03, -1.2358e-02,  3.3373e-02,
        -3.7871e-02,  1.5487e-03,  4.6297e-03, -5.7833e-02,  3.0820e-02,
        -7.5993e-03,  1.0921e-01, -5.1768e-02, -4.2992e-02, -5.1644e-02,
         6.0934e-02,  8.2713e-02, -6.5179e-02, -2.5390e-02,  5.3186e-02,
         5.1919e-02, -4.2944e-02, -2.9011e-02, -5.0976e-02, -9.4729e-03,
        -1.5241e-02, -3.3105e-02,  9.4662e-03,  3.1461e-02,  1.6593e-02,
        -4.8214e-03,  8.5230e-02, -6.7805e-02, -4.2700e-02, -7.1437e-02,
         1.5593e-02,  5.2501e-02,  3.9016e-03, -2.1341e-03, -1.5281e-02,
         6.7980e-03, -5.3912e-02, -1.1494e-01,  1.4724e-03,  1.0899e-02,
        -3.7098e-03,  7.2904e-05, -1.7376e-02, -1.8218e-02, -4.1770e-02,
        -5.5904e-02, -3.4398e-02,  7.4854e-02,  6.4650e-03,  4.2186e-02,
         1.2769e-02,  4.2702e-02,  5.3085e-02,  3.0446e-02, -1.3728e-02,
        -1.0066e-02,  1.1281e-01,  9.3181e-02, -5.8746e-02], device='mps:0')"
Pulp Fiction,Plot,"A young Butch Coolidge is visited by Captain Koons, an Air Force pilot. Koons reveals a gold watch to Butch and explains that the watch is a family heirloom and belonged to Butch's father, who served with Koons and died in a POW camp in the Vietnam War. Koons continues the tradition by giving the watch to Butch.
In Los Angeles, two hitmen, Jules Winnfield and Vincent Vega, drive to an apartment to retrieve a briefcase from Brett, a dishonest business partner for their boss, gangster Marsellus Wallace. Vincent mentions that Marsellus has instructed him to take his wife, Mia, to dinner the following night. At the apartment, they find Brett and an informant for Marsellus, Marvin. Jules recites a paraphrased passage from the Book of Ezekiel before he and Vincent kill Brett. Another man bursts out of the bathroom and fires at them, but misses. Jules and Vincent kill him and leave with the briefcase and Marvin. 
While Jules is driving, Vincent accidentally shoots Marvin in the head, covering them in blood. They hide the car at the home of Jules' friend Jimmie, who demands they dispose of Marvin's corpse and the blood-stained car before his wife, Bonnie, comes home. Marsellus sends a cleaner, Winston Wolfe, who directs Jules and Vincent to hide the body in the trunk, clean the car, dispose of their bloody clothes and take the car to a junkyard. Afterwards, Jules and Vincent eat breakfast at a diner. Jules tells Vincent that he plans to retire from his life of crime, convinced that their survival at the apartment was divine intervention.
While Vincent is in the bathroom, a pair of thieves, Pumpkin and Honey Bunny, hold up the diner and demand Marsellus' briefcase from Jules. Jules overpowers Pumpkin and holds him at gunpoint, making Honey Bunny hysterical. She points her gun at Jules; Vincent returns and points his gun at her. Jules defuses the situation, allowing the two to keep the money from only his wallet and letting them leave. 
Jules and Vincent meet Marsellus at a bar, where Marsellus is bribing an aging Butch to intentionally lose in his upcoming boxing match. The following night, Vincent purchases heroin from his drug dealer, Lance. He shoots up and drives to meet Mia at her house. They eat at a 1950s-themed restaurant and participate in a twist contest, then return home. While Vincent is in the bathroom, Mia finds his heroin, mistakes it for cocaine, and snorts it. She passes out from an overdose, and Vincent rushes her to Lance's house, where they revive her by injecting her heart with adrenaline. Vincent and Mia agree never to tell Marsellus about the incident.
Butch double-crosses Marsellus by killing his opponent. He plans to flee with his girlfriend, Fabienne, but discovers that she has forgotten to pack the gold watch. Returning to his apartment to retrieve it, he notices a gun on the kitchen counter and hears the toilet flush. Vincent, who has been staking out Butch's apartment, emerges from the bathroom. Butch kills him with the gun and leaves. While returning to the motel, he sees Marsellus crossing the road. Marsellus chases Butch into a pawnshop. Maynard, the shop owner, captures them at gunpoint and gags them in the basement. Maynard and his accomplice, Zed, take Marsellus into another room and rape him. Butch breaks free and kills Maynard with a katana, freeing Marsellus. Marsellus tells Butch he is forgiven and instructs him to tell no one about the incident and leave Los Angeles forever. Butch picks up Fabienne on Zed's motorcycle.","tensor([-1.2451e-01,  1.4390e-02, -5.6776e-02, -2.5169e-04,  5.3681e-02,
         9.9039e-02,  3.9482e-02,  5.8108e-02,  5.8174e-02,  4.3633e-02,
         7.8269e-02,  3.3470e-02, -3.6974e-02,  2.2025e-02, -1.8561e-02,
        -2.5875e-02, -4.1240e-02,  2.9243e-02, -7.8327e-02,  1.8195e-02,
        -7.5287e-02, -7.7469e-02,  1.2017e-02,  2.9846e-02, -6.4977e-03,
        -1.9014e-02, -3.1920e-02,  4.4265e-02, -9.2003e-03,  4.5023e-02,
         4.5365e-02,  1.4114e-02,  7.6514e-03, -7.4111e-03, -1.9684e-02,
        -1.3581e-02,  1.5519e-01, -3.1104e-03,  4.0762e-02, -1.1207e-02,
        -6.2063e-03,  1.5754e-02, -6.4753e-02, -1.8490e-02,  5.4484e-02,
        -2.1837e-02, -1.0485e-02,  1.1105e-02,  1.0209e-01, -9.3770e-02,
        -8.5124e-02,  2.9229e-02,  4.9937e-02, -9.9785e-03,  8.3304e-03,
         5.4271e-02,  7.5008e-02, -4.8450e-02,  3.4870e-02, -3.0067e-03,
        -7.5152e-02, -9.5608e-02, -5.9701e-02,  1.9607e-03,  1.2559e-02,
        -8.1367e-02, -3.5735e-02,  1.5295e-02, -1.4581e-03,  8.5267e-02,
         2.2434e-02, -1.9744e-02, -7.5953e-02, -1.2114e-02, -3.7178e-02,
         5.8099e-03,  3.5529e-02,  3.0268e-02,  7.9722e-02, -9.6640e-02,
         4.4616e-02, -5.5545e-02, -5.5898e-03, -9.4436e-03,  1.4837e-02,
         1.5274e-02,  2.7047e-02, -9.6599e-02, -3.0310e-03,  8.3223e-02,
        -1.1380e-01, -8.5719e-02,  5.5479e-02, -4.0128e-02, -2.2618e-02,
         1.9070e-02,  7.1302e-02,  9.2558e-02, -3.2851e-02,  2.8802e-02,
         6.7596e-02,  4.1106e-02,  1.5513e-02, -2.9150e-02,  3.7703e-02,
         7.7054e-02, -1.8609e-03,  5.1689e-02,  4.2086e-02, -2.1005e-02,
        -3.2384e-02, -1.5960e-02, -2.8058e-02, -3.8125e-02, -2.6627e-02,
         7.9356e-02, -3.8646e-02,  7.4966e-02, -2.8625e-02,  5.7906e-02,
         6.8377e-02,  8.3536e-02, -6.3850e-02,  1.0782e-01, -1.4888e-02,
        -6.7743e-02,  6.2119e-02,  1.9687e-33,  7.5948e-02, -6.3756e-02,
        -4.9199e-02,  2.2661e-02,  3.1183e-02,  5.8908e-02, -3.1981e-02,
         6.0233e-02,  9.1408e-03, -1.9531e-02, -4.2056e-02, -1.2895e-01,
        -1.1165e-01,  6.9638e-03, -5.2541e-02,  7.3622e-02, -9.4048e-02,
        -6.3633e-02,  4.7671e-02, -2.6951e-02,  3.5598e-02, -1.1866e-03,
        -5.5989e-02,  2.5732e-02,  2.9777e-02, -2.4450e-02, -6.9941e-02,
         2.6083e-03, -3.9134e-03,  5.0450e-02, -8.4486e-02,  4.8034e-02,
         1.3268e-02,  4.4299e-03, -1.6399e-02, -2.7160e-02, -1.3413e-02,
        -2.6107e-02, -1.0915e-02,  5.6783e-02,  5.4332e-02,  1.5715e-02,
        -4.4409e-02, -3.4746e-02, -1.0789e-01, -6.0236e-02,  6.2412e-02,
         3.1445e-02,  2.2844e-02,  9.4707e-02,  3.6434e-03, -1.2108e-02,
         1.5095e-02, -5.0135e-02, -3.4420e-02,  8.9690e-02,  4.5145e-02,
        -6.1081e-02,  1.2038e-03,  1.8150e-02,  7.9684e-02,  1.0580e-01,
         6.2275e-02,  6.4443e-02, -8.3119e-02, -1.0026e-02, -4.7550e-03,
        -7.4183e-03,  7.4820e-03, -4.2502e-02, -1.0855e-01,  6.5525e-02,
         2.8879e-02, -1.1002e-01,  1.6084e-02,  2.2159e-02,  1.5971e-03,
        -2.4597e-02, -3.9085e-02, -1.0968e-01,  1.2306e-02, -5.3414e-03,
         1.0269e-02,  6.1482e-02, -9.7219e-02, -4.6347e-02,  2.3467e-02,
        -1.1011e-01, -9.3256e-02, -9.1019e-03, -2.3449e-02, -1.3139e-01,
        -2.6505e-02, -3.6672e-02, -7.2985e-02, -4.6427e-33,  1.6943e-02,
        -1.8248e-02,  6.3978e-02, -2.3537e-02,  1.1429e-02, -1.6510e-02,
        -3.3169e-02, -1.7977e-03,  6.7174e-02, -3.4945e-03, -6.0326e-02,
        -7.1327e-02, -1.5683e-02,  1.4176e-02,  7.3694e-02, -1.6256e-02,
        -3.7787e-02,  1.9609e-03, -4.0103e-02,  3.0231e-02, -1.5813e-02,
        -5.2250e-02,  1.3182e-02,  2.7404e-02,  1.0082e-01,  4.7281e-02,
         8.0924e-02, -1.3069e-02,  7.9961e-03,  4.3297e-02,  2.9394e-03,
        -6.4962e-02, -1.0508e-02,  3.3953e-03,  5.2730e-02,  2.7411e-02,
         4.2261e-02,  1.5547e-02, -1.8403e-02, -3.6832e-02,  9.8003e-02,
         2.4560e-02, -3.6992e-03,  6.7637e-02, -3.4251e-02,  9.1245e-03,
         6.9542e-03,  3.4026e-02, -2.8766e-02,  6.4606e-02,  5.1928e-03,
         4.0204e-03, -4.3065e-02,  1.0914e-01, -9.0609e-02, -1.0546e-01,
        -1.0363e-02,  6.5374e-02, -3.2011e-02,  1.6362e-02, -3.8298e-02,
        -3.2208e-02, -9.1163e-02,  7.9232e-02,  2.6888e-02, -5.0120e-02,
        -1.1232e-01,  3.2530e-02, -6.0969e-02,  2.5763e-02,  2.8796e-02,
        -4.9405e-02, -3.9959e-02, -5.3208e-02,  4.0730e-02,  4.9557e-02,
        -6.2191e-02, -5.8646e-02, -4.7169e-02,  3.6415e-02, -4.5708e-02,
        -7.9112e-02,  1.4245e-02,  8.4704e-02,  4.5780e-02, -3.6074e-02,
        -3.0395e-02,  3.5004e-02,  3.1167e-02, -2.0508e-02,  2.1807e-02,
        -2.4258e-02,  8.0526e-02, -2.2808e-02, -2.1302e-03, -6.6149e-08,
         2.4070e-02, -1.4068e-02, -4.7355e-02,  2.1293e-02,  1.2919e-02,
        -2.8962e-02, -4.3546e-02, -3.9250e-02, -4.4325e-02,  1.3719e-01,
        -1.7522e-02,  6.3297e-02,  2.0453e-02, -4.0230e-02, -1.4404e-02,
         2.8597e-02, -5.5131e-02, -8.7274e-02, -1.1997e-02,  2.4876e-02,
        -1.4162e-03,  2.5853e-03, -1.2363e-02,  3.7829e-02,  4.0961e-02,
        -5.1597e-03, -3.1885e-02, -5.3773e-03, -2.4458e-02,  5.1564e-02,
         5.7532e-02,  9.1858e-03, -6.3011e-02, -5.2510e-02, -5.8841e-02,
        -8.3823e-02,  2.4449e-02, -1.1339e-02,  7.2029e-03, -2.4970e-02,
         1.7436e-02, -5.1953e-03, -7.5315e-02, -4.2070e-03,  3.4974e-02,
        -6.8130e-03,  9.7364e-02, -1.4334e-02, -1.5419e-02,  2.9724e-02,
        -3.4047e-02,  1.5414e-02, -5.2397e-02,  4.6367e-02, -3.5206e-03,
        -8.6286e-02, -1.9981e-02,  1.7800e-02,  1.5599e-02,  6.3945e-03,
        -2.9449e-02,  8.9597e-02,  1.3881e-02, -7.2474e-03], device='mps:0')"
Pulp Fiction,Main characters,"John Travolta as Vincent Vega: Jules' partner-in-crime, working for Marsellus Wallace. Tarantino cast Travolta in Pulp Fiction because Michael Madsen, who had played Vic Vega in Reservoir Dogs (1992), chose to appear in Kevin Costner's Wyatt Earp instead. Madsen expressed regret over his decision. Harvey Weinstein pushed for Daniel Day-Lewis in the part. Travolta accepted a reduced rate; sources say either US$100,000 or US$140,000. The film's success and his Academy Award nomination for Best Actor revitalized his career. Vincent is the brother of Vic Vega, also known as Mr. Blonde in Reservoir Dogs, and in 2004, Tarantino discussed an idea for a movie starring Travolta and Madsen as the ""Vega Brothers"", though the concept never came to fruition.
 Samuel L. Jackson as Jules Winnfield: Vincent's partner-in-crime, working for Marsellus Wallace. Jackson's first audition was overshadowed by Paul Calderón; Jackson had assumed the audition was merely a reading. Weinstein convinced him to audition a second time and his performance of the final diner scene won over Tarantino. Jules was originally scripted with a giant afro, but Tarantino's personal assistant mistakenly bought a Jheri curled wig. Tarantino was enraged but Jackson persuaded him to keep it since the hairstyle had gained popularity through the rap group N.W.A. Film critic Owen Gleiberman took it as a ""tacit comic statement about the ghettoization of [Black people] in movies"". Jackson received an Oscar nomination for Best Supporting Actor. Calderón appears in the film as Paul, a bartender at Marsellus's social club, as well as Marsellus's assistant. Tarantino wrote the role for Laurence Fishburne, who turned it down. According to Tarantino, Fishburne refused it because his team did not see it as a starring role; Fishburne later said he turned it down because he felt the film glamorized heroin. Eddie Murphy was also considered.
 Uma Thurman as Mia Wallace: Marsellus Wallace's wife and an aspiring actress. Miramax favored Holly Hunter or Meg Ryan for the role of Mia. Robin Wright, Jennifer Beals, Debra Winger, Marisa Tomei, Alfre Woodard and Meg Tilly were also considered but Tarantino wanted Thurman after their first meeting. She dominated the film's promotional material, appearing on a bed with cigarette in one hand and pulp novel in the other. She was nominated for an Oscar for Best Supporting Actress. Despite being launched into the celebrity A-list, Thurman chose not to do any big-budget films until Batman & Robin (1997) three years later.
 Bruce Willis as Butch Coolidge: An aging boxer on the run from Marsellus after having double-crossed him. The role was originally written for Matt Dillon, who turned it down. Mickey Rourke also turned down the role. Willis was already a star but most of his recent films had been critical and box-office disappointments. As related by Peter Bart, participating in the modestly budgeted film ""meant lowering his salary and risking his star status but the strategy paid off royally: Pulp Fiction not only brought Willis new respect as an actor but also earned him several million dollars"". Willis' appearance and physical presence were crucial to Tarantino, ""Bruce has the look of a '50s actor. I can't think of any other star that has that look"". Butch's look was modeled on Aldo Ray in Nightfall and his demeanor based on Ralph Meeker's portrayal of Mike Hammer in Robert Aldrich's Kiss Me Deadly. Chandler Lindauer plays a young Butch.
 Harvey Keitel as Winston Wolfe: A ""cleaner"" who aids Jules and Vincent. Tarantino wrote the part of Wolfe for Keitel, who had starred in Reservoir Dogs and was instrumental in its production. In Tarantino's words, ""Harvey had been my favorite actor since I was 16 years old."" Keitel had played a similarly employed character in Point of No Return (1993).
Tim Roth as Ringo/""Pumpkin"": A robber and Yolanda's boyfriend. Roth had starred in Reservoir Dogs alongside Keitel. He had used an American accent in Reservoir Dogs but used his natural, London accent in Pulp Fiction. Though Tarantino had written the part with Roth in mind, TriStar head Mike Medavoy preferred Johnny Depp or Christian Slater. Early in development, Tarantino had contemplated casting Roth as Vincent and Gary Oldman as Jules, rewriting the characters as ""two English guys"".
Amanda Plummer as Yolanda/""Honey Bunny"": Ringo's girlfriend and partner in crime. Tarantino wrote the role of Yolanda for Plummer to partner her with Roth. Roth had introduced Tarantino to her, saying: ""I want to work with Amanda in one of your films but she has to have a really big gun.""
Maria de Medeiros as Fabienne: Butch's girlfriend. Tarantino met de Medeiros, a Portuguese actress, while traveling with Reservoir Dogs around the European film festival circuit.
 Ving Rhames as Marsellus Wallace: A crime boss and employer of Jules and Vincent. Before Rhames was cast, the part of Wallace was initially offered to Max Julien and Sid Haig, but both turned down the role. According to Bender, Rhames gave ""one of the best auditions I've ever seen"". His acclaimed performance led to him being cast in big-budget features such as Mission Impossible (1996), Con Air (1997) and Out of Sight (1998).
Eric Stoltz as Lance: Vincent's drug dealer. Tarantino initially wrote the role with John Cusack in mind. Gary Oldman was the preferred choice among TriStar executives, based on his portrayal of drug-dealing pimp Drexl Spivey in True Romance (1993).
Rosanna Arquette as Jody: Lance's wife. Pam Grier read for the role, but Tarantino did not believe audiences would find it plausible for Lance to yell at her. Tarantino later cast Grier as the lead role for Jackie Brown. Ellen DeGeneres also read for the part of Jody. Rosanna's sister Alexis (then known as Robert Arquette) also appears in the film, as a man emerging from a bathroom to shoot at and miss Vincent and Jules, who then kill him.
Christopher Walken as Captain Koons: A USAF veteran of the Vietnam War who delivers a young Butch his father's prized gold watch. During Koons' monologue, which is interspersed with colorful descriptions of the Viet Cong, he mentions a soldier called ""Winocki"". Joe Winocki (John Garfield) is a character in the 1943 film Air Force directed by Howard Hawks, one of Tarantino's favorite directors. Tarantino played a character named Desmond Winocki in a guest appearance on an episode of All-American Girl titled Pulp Sitcom.","tensor([-2.7343e-02, -9.1339e-02, -8.3572e-03,  1.2017e-02, -7.7733e-02,
        -1.9100e-03, -6.8580e-03,  1.5159e-02,  5.2360e-02, -7.9984e-02,
         6.4716e-02, -3.6018e-02, -3.8417e-02,  4.3554e-02, -6.1302e-02,
        -9.5647e-03,  3.0092e-02,  9.4390e-02,  1.7809e-02,  3.9428e-02,
        -3.3957e-02, -8.8409e-02, -1.6107e-02, -1.1434e-02, -3.3601e-02,
         2.2079e-02,  4.6875e-02, -2.4379e-02, -7.9857e-02,  4.7805e-02,
        -1.3339e-02, -5.3456e-02, -5.1427e-02, -5.3350e-02, -2.8161e-02,
         3.6872e-02, -4.9014e-02,  9.1742e-03,  6.2439e-03, -4.5511e-02,
        -4.0086e-02, -9.1356e-02,  1.9379e-02, -1.0027e-02,  8.1455e-02,
        -1.4645e-01,  7.0293e-03, -8.2342e-02,  5.4665e-02, -6.1293e-03,
        -5.1992e-02, -3.9226e-02,  6.1113e-02,  2.9432e-03, -9.1169e-02,
         1.5620e-02,  5.4800e-02,  6.4064e-02,  2.7457e-02,  5.5761e-02,
        -2.1993e-02, -2.8276e-02,  4.6405e-03, -9.9367e-03,  4.1272e-02,
        -2.7310e-02, -2.9868e-02,  3.7281e-02, -1.4022e-02,  3.0361e-02,
         1.2660e-03,  7.1083e-03,  8.9782e-03, -7.0159e-02,  3.2430e-03,
         9.7361e-02, -4.2078e-02,  7.0831e-02,  7.4331e-02, -6.1486e-02,
         9.8510e-02, -7.5487e-02, -1.2204e-01,  3.9637e-02,  1.0513e-01,
         5.8228e-02, -3.6685e-03, -4.5672e-02, -3.9822e-02,  8.5526e-02,
        -8.0606e-02,  2.8409e-02,  1.6110e-03, -2.4298e-02,  9.4771e-02,
        -4.6736e-02,  2.6970e-02,  6.3458e-02, -6.0398e-03, -1.1126e-02,
        -2.7139e-03, -9.0593e-02, -2.6515e-02, -6.4806e-02,  1.4052e-01,
         8.9279e-03,  2.5351e-02, -1.1522e-02,  5.3787e-02, -5.3930e-02,
        -7.9051e-02, -3.5236e-02,  1.5789e-02,  1.3758e-02,  7.1713e-02,
         2.1910e-02,  2.3417e-02,  9.7507e-03,  1.1714e-02, -2.9689e-02,
        -4.6490e-02,  2.5360e-02, -6.8454e-02,  1.5208e-03,  3.4112e-02,
        -6.4181e-02, -2.0008e-04,  2.2481e-33,  3.7325e-03, -3.1412e-02,
         2.6946e-02, -1.8798e-02,  4.0336e-02,  3.3260e-02, -2.9755e-02,
         1.4791e-02, -5.9456e-02, -2.8913e-02, -7.6525e-02, -8.5668e-02,
        -4.1374e-02,  8.2547e-03, -1.8764e-02,  6.5444e-02,  5.5519e-02,
         5.4230e-02,  6.7192e-02, -1.0115e-01, -4.7553e-02,  2.8997e-02,
        -8.1743e-02,  1.1273e-02, -3.3082e-02, -8.6463e-03, -6.6151e-02,
        -3.6185e-02,  3.4923e-02,  6.9176e-03, -1.0802e-01,  6.5075e-02,
         6.5703e-02,  1.4150e-02,  5.5406e-02, -4.4325e-03, -6.5560e-03,
        -2.6454e-02, -6.0240e-02,  5.0123e-02,  2.3284e-02,  6.9996e-02,
         3.3746e-02, -2.3902e-03, -1.7214e-01,  4.4516e-02, -2.5180e-02,
        -2.0204e-02,  3.4462e-02,  7.2594e-03,  1.2029e-02,  1.6736e-02,
        -3.9121e-02, -1.9207e-02, -2.6027e-02,  1.2916e-02,  4.7547e-02,
         2.9758e-03,  4.4018e-02,  8.0438e-03, -1.7608e-02,  8.9677e-02,
         1.2706e-02, -1.9465e-03, -7.9204e-02,  2.8499e-02,  1.7592e-02,
         2.7285e-02, -8.6195e-03,  3.1115e-02, -8.3773e-02, -1.4371e-03,
        -5.5305e-02, -1.1816e-01,  9.9164e-02,  1.3216e-02, -6.1536e-02,
         2.7218e-03, -1.0605e-01, -3.2379e-02, -4.4300e-02,  2.8891e-02,
         1.1966e-02,  8.7575e-04, -9.0866e-02,  5.9117e-02, -7.6844e-02,
         1.5540e-02,  3.8321e-02,  2.2189e-02,  5.1332e-02, -9.8289e-02,
        -1.2988e-02, -5.1672e-02, -6.3144e-02, -4.6250e-33, -5.6954e-02,
         9.4693e-03,  1.7259e-02, -5.3379e-03,  4.8506e-02,  2.9306e-02,
        -9.2644e-02, -1.6788e-02,  3.3495e-02, -5.7345e-02,  1.6094e-02,
        -1.2534e-02, -7.5005e-03,  5.9897e-03, -4.0768e-02,  9.4525e-02,
        -9.1031e-02, -3.9137e-02,  5.8313e-02,  1.6280e-02,  8.2435e-02,
        -4.6794e-02,  3.8916e-02,  1.2249e-01,  9.2110e-03, -2.3185e-02,
         4.5321e-02,  4.8968e-02,  2.2943e-02,  3.9156e-03, -5.2455e-02,
         1.9291e-05,  2.7724e-03, -4.3642e-02,  2.7173e-02,  1.0307e-01,
        -1.1460e-02, -8.4518e-03,  5.2886e-02,  9.9302e-02,  7.9688e-02,
        -8.4032e-02, -6.3084e-02,  2.4042e-02, -3.0452e-02, -1.2495e-02,
         6.5675e-02, -5.3027e-02, -3.4256e-02,  7.2422e-02,  2.8426e-02,
         3.5289e-02, -3.9037e-02,  6.1274e-02,  2.4018e-03,  1.9866e-02,
         4.5989e-02,  1.4526e-02,  2.7524e-03,  8.3302e-02, -3.3873e-02,
        -1.5859e-02,  3.1829e-02, -4.1088e-02, -7.6851e-02,  3.1458e-02,
        -6.8940e-02,  5.2697e-02, -3.8356e-02, -7.2394e-02,  3.8344e-02,
        -2.7519e-02,  3.6388e-02,  5.6006e-02,  2.7300e-02, -9.6107e-02,
         2.8892e-02, -6.2582e-03,  3.9100e-02,  8.3816e-03, -2.5386e-03,
         1.3225e-02,  6.3042e-02,  4.4016e-02,  3.0396e-02,  1.7972e-02,
        -7.4312e-03, -3.5767e-02,  2.2293e-02,  8.8441e-02,  8.0449e-02,
        -1.2166e-04,  5.2574e-02, -2.6623e-02, -4.0998e-02, -5.0233e-08,
        -8.6761e-03, -9.4772e-03,  2.6150e-02,  3.2208e-02,  1.0397e-02,
         1.4702e-02, -9.7610e-02,  2.9176e-02,  9.3695e-03,  1.3415e-01,
         1.6197e-03,  9.8108e-03, -1.2469e-02, -2.7173e-02, -5.9979e-02,
         6.0823e-02,  1.7170e-02, -6.8763e-03,  1.4554e-02,  6.3029e-02,
        -2.6907e-02, -1.5336e-02, -5.8519e-02,  4.9628e-03,  1.6073e-01,
        -6.7053e-02, -3.8439e-02,  8.0448e-03,  1.2469e-02,  1.1156e-02,
         1.4909e-02,  3.4596e-02, -1.0633e-01, -4.2724e-02,  1.3628e-02,
        -2.9922e-02, -6.3822e-02, -5.3707e-02, -4.3716e-02,  2.7144e-02,
        -2.2033e-02,  8.6676e-02, -3.2615e-02, -3.7896e-02,  5.9754e-02,
         6.9358e-02,  7.3806e-02, -5.1648e-02,  4.8491e-03,  7.0959e-02,
        -1.8491e-02,  2.3868e-02,  1.0971e-02,  5.9903e-02, -2.2595e-03,
        -8.9858e-02,  6.3592e-02,  6.1462e-02, -1.1438e-02, -3.6249e-02,
        -2.3837e-02, -2.5571e-02,  7.6782e-02, -4.7930e-03], device='mps:0')"
Pulp Fiction,Secondary characters,"Bronagh Gallagher plays Jody's friend Trudi, who does little but smoke a bong during the scene where Vincent revives Mia. According to author Jason Bailey, ""Quentin thought it would be funny to have this casual observer who just happened to be there. All of this was born out of the experience of, when you go to someone's house to buy drugs, there are always people who are just there"".
Phil LaMarr portrays Marvin, an associate of Jules and Vincent. LaMarr auditioned for Tarantino after both had done a show for an improv group a few months prior. He read for the roles of Jules Winnfield and Brett before being cast as Marvin.
Tarantino appears as Jules' friend Jimmie, in whose house they clean up a homicide. Tarantino was unsure whether to play Jimmie or Lance, choosing Jimmie as he wanted to be behind the camera during Mia's overdose scene.
Frank Whaley portrays Brett, who has a briefcase requested by Marsellus. Whaley met Tarantino while he was filming Reservoir Dogs at a lab in Sundance Institute. He recalls, ""We ended up meeting and spending time together, and I liked him, so I was really happy when he asked me to be in this movie.""
Burr Steers appears as Roger, a friend of Brett's nicknamed ""Flock of Seagulls"" by Jules. The scene of the confrontation between Brett and Jules went through several takes due to Steers making mistakes. Steers recalled in an interview that he had found acting difficult due to the loudness of the gunshots.
Angela Jones portrays Esmarelda Villa Lobos, a cab driver who aids Butch's escape. Her casting and character were inspired by her performance in the 1991 short film Curdled, later remade as a 1996 feature film with finance from Tarantino and again starring Jones.
Duane Whitaker, Peter Greene, and Stephen Hibbert play Maynard, Zed, and the gimp. According to The Daily Beast, these ""three psycho hillbillies"" that rape Marsellus in Maynard's shop's basement allude to the film Deliverance.
Steve Buscemi makes a cameo appearance as a waiter at Jack Rabbit Slim's, dressed as Buddy Holly. Buscemi, who had appeared in Reservoir Dogs, was originally considered for the role of Jimmie but was unable to commit.
Kathy Griffin appears as herself.
Michael Gilden and Joseph Pilato also appear at Jack Rabbit Slim's as waiter Phillip Morris Page and a Dean Martin impersonator, respectively.
Emil Sitka is seen via archival footage from the Three Stooges short Brideless Groom (1947)
Karen Maruyama appears as ""Gawker #1"" after Butch's car accident,
Julia Sweeney portrays Raquel, the daughter of the owner of the junkyard in which Marvin's body is disposed of.
Producer Lawrence Bender makes a cameo as a victim of the diner robbery, credited as ""Long Hair Yuppie-Scum"".
Jerome Patrick Hoban appears in the Jack Rabbit Slim's segment as an Ed Sullivan impersonator.
Susan Griffiths appears alongside Hoban as a Marilyn Monroe impersonator.","tensor([-8.4442e-02, -9.9169e-02, -2.9914e-02, -6.2025e-02, -9.2088e-03,
         7.0149e-02,  7.9265e-03,  4.9085e-02,  7.7442e-02, -8.1270e-02,
         4.1689e-02, -5.7667e-02,  3.6450e-02,  1.7512e-02,  2.9152e-02,
        -7.0791e-02, -1.5147e-02, -1.1410e-02, -2.4008e-02,  2.0923e-02,
        -1.5533e-01, -7.6986e-02, -3.4060e-02,  1.3390e-02,  1.0124e-02,
         7.6685e-03,  1.3458e-02, -1.1750e-02, -4.6903e-02,  4.7796e-02,
        -5.2748e-03,  1.0282e-02, -4.5050e-02,  1.4800e-02,  4.1955e-02,
         3.6373e-02,  7.2649e-02,  4.1575e-02, -9.3670e-03, -2.7143e-02,
        -6.2861e-02, -3.8506e-02, -6.8378e-02,  2.8222e-04,  4.0358e-02,
        -1.0459e-01,  4.6468e-02, -3.8826e-02,  8.6383e-02, -7.7976e-02,
        -7.9586e-02,  3.4011e-02,  4.0713e-02,  9.8332e-03,  2.0637e-02,
         6.0848e-02,  3.8885e-02,  3.3108e-02,  1.7484e-02, -1.8299e-02,
        -1.0821e-01, -6.8038e-02,  2.6485e-02, -4.0879e-03,  7.7937e-02,
         4.9937e-03, -1.3217e-02,  5.9664e-02,  2.1994e-02,  2.4330e-02,
        -1.5772e-02, -2.2153e-02, -6.0913e-02, -6.9116e-03,  4.7926e-02,
        -4.1651e-02, -3.6722e-02, -4.9894e-03,  1.0225e-01, -3.0216e-02,
         4.8660e-02, -2.4965e-02, -3.5651e-02,  1.2066e-02,  2.2183e-02,
         4.0432e-02,  5.9021e-04, -8.1232e-02, -4.6910e-02,  9.9196e-02,
        -1.4760e-01, -7.9634e-02, -1.5757e-02, -6.2173e-02, -5.4620e-02,
         7.3757e-03,  3.1508e-02,  6.5515e-02, -1.0155e-02,  1.2528e-02,
        -1.5122e-02, -1.7060e-02,  1.6845e-02, -5.8584e-02,  8.3046e-02,
         3.7595e-02,  8.4243e-02,  5.2321e-02,  5.1735e-02, -3.0050e-02,
        -5.7411e-02, -4.1329e-02,  2.3655e-02, -2.6373e-03,  4.7931e-02,
         8.4120e-02,  3.3752e-02,  1.7778e-02, -2.0693e-02,  3.9566e-02,
        -1.1500e-02,  5.4247e-02, -2.8592e-02,  4.4410e-02,  1.2726e-02,
        -2.8796e-03,  4.4565e-02,  2.7556e-33,  2.6364e-02, -1.7987e-02,
         6.4803e-02,  4.9493e-02,  3.6781e-02,  1.1681e-02, -3.1994e-02,
         9.8940e-02, -4.8629e-02, -3.4719e-02, -5.8583e-02, -6.5250e-02,
        -1.0782e-01,  1.7474e-02, -4.2634e-03,  4.6836e-02, -7.2823e-02,
         3.1794e-02,  1.2395e-02, -4.0280e-03,  1.1805e-02,  6.3989e-03,
        -5.9045e-02,  4.6272e-02, -4.5156e-02, -6.8392e-02, -1.1824e-02,
        -3.5122e-02,  6.8119e-03,  5.4394e-02, -1.2429e-01,  8.5204e-02,
         2.7023e-02, -9.2688e-03, -4.9951e-02,  2.6073e-02, -7.2602e-02,
        -2.8760e-02, -5.9612e-02,  5.8548e-02,  3.9783e-02,  4.2893e-02,
        -4.4729e-02, -2.8737e-02, -2.1250e-01, -2.0670e-02,  2.3535e-02,
        -1.2640e-02, -1.6014e-02,  5.5328e-03,  6.7738e-02, -2.4828e-02,
         6.0809e-03, -2.5568e-02,  1.0629e-02,  7.7935e-02,  3.1692e-02,
        -6.8080e-02,  3.6166e-02,  5.6890e-02,  4.4177e-02,  9.2249e-02,
         3.5871e-02,  4.5383e-02, -3.4127e-02, -3.4325e-02,  5.5826e-02,
        -2.9185e-04,  7.4486e-03,  9.7338e-03, -1.1397e-01, -4.7962e-03,
        -1.3978e-02, -7.3802e-02,  6.4963e-02, -1.3246e-02, -4.4285e-02,
        -5.2918e-03, -7.3444e-02, -8.6269e-03,  3.6188e-03, -5.8772e-02,
         1.5462e-02,  2.1434e-02, -9.1286e-02, -3.3812e-02,  6.7955e-02,
        -2.8185e-02, -7.6924e-02,  1.3566e-02, -7.7134e-03, -7.3421e-02,
         3.5592e-02, -7.4979e-03, -6.2294e-02, -5.4346e-33,  2.5730e-02,
        -5.9428e-02,  2.6968e-02, -8.0241e-02, -2.9977e-02,  5.0871e-02,
        -1.8381e-02, -2.9126e-03,  8.5927e-02, -1.7639e-02,  1.7822e-02,
        -3.0011e-02,  1.3121e-02, -1.1400e-02, -3.8271e-02,  3.1574e-02,
        -7.4006e-02, -7.3940e-02,  6.1728e-03,  2.4584e-02,  6.5735e-03,
        -1.1705e-01, -9.2319e-03,  8.9907e-02,  2.3083e-02,  3.2849e-02,
         5.6792e-02,  8.9601e-02,  4.4653e-02,  8.4132e-03, -3.1713e-02,
        -1.7713e-02,  2.4256e-02, -4.5772e-02, -2.4558e-02,  8.4962e-02,
         3.3041e-03,  4.3319e-02, -2.5447e-02, -3.5845e-02,  6.6311e-02,
        -2.5010e-02, -1.1496e-01,  6.2675e-02, -3.1412e-02,  5.2947e-02,
         9.7864e-02, -6.9851e-02,  6.8146e-03,  6.7290e-02,  4.1021e-02,
         6.5899e-03, -5.4516e-02,  1.0332e-01, -7.1154e-02, -9.0301e-03,
        -3.4470e-02,  6.4884e-02,  3.2121e-03,  8.8959e-03, -2.5587e-02,
         4.0904e-02,  5.6311e-03,  4.4837e-02, -6.4400e-03, -8.1213e-02,
        -8.3100e-02, -6.1278e-02, -5.8975e-02, -3.1191e-02, -3.3900e-02,
        -3.2674e-02,  3.3689e-02,  1.0965e-02,  9.1282e-02, -1.2394e-02,
        -2.7561e-02, -8.1095e-02, -2.0342e-02,  7.4133e-03, -8.9294e-02,
        -4.1521e-02, -2.9450e-02,  1.2791e-01, -2.4103e-02, -1.5089e-02,
        -2.1315e-02,  8.8163e-02,  5.7432e-02,  4.4144e-02,  6.0104e-02,
         2.9352e-02,  1.3601e-02, -8.6175e-02, -4.2025e-02, -7.3704e-08,
         1.8658e-02, -8.4103e-03,  7.3363e-03,  1.9550e-02, -8.9898e-02,
         1.3752e-02, -9.7878e-03,  1.1175e-02,  2.0138e-02,  1.0244e-01,
        -6.8636e-03,  5.0147e-02,  1.5099e-02, -6.3140e-02, -3.7887e-02,
         8.9449e-02, -8.8275e-03, -7.1396e-03, -2.8635e-02,  1.0625e-01,
        -3.2916e-02, -3.9611e-02,  3.3775e-02,  7.1518e-02,  7.6806e-02,
        -4.5240e-02, -4.7474e-02, -5.1504e-02, -2.3281e-02,  9.3340e-03,
         2.3372e-02, -1.9443e-02, -3.3071e-02, -1.3908e-02, -4.6405e-02,
        -3.4346e-02,  9.1104e-03, -5.2531e-02, -2.9181e-02,  7.8137e-02,
         2.9346e-03, -5.6996e-02, -9.5840e-02, -3.0180e-02,  8.2037e-02,
         3.8912e-02,  1.0253e-01, -7.4752e-03, -2.0572e-02,  1.4326e-02,
         4.4523e-03,  1.2120e-02, -7.6981e-03,  6.1139e-03,  2.2317e-02,
         2.4202e-02, -1.8874e-02, -1.6934e-02,  8.6417e-02, -5.3871e-03,
        -3.3033e-02,  6.2645e-02,  6.3010e-02, -2.3745e-02], device='mps:0')"
Pulp Fiction,Writing,"The roots of Pulp Fiction can be traced back to the late 1980s, when Quentin Tarantino and Roger Avary worked together at Video Archives, a video store in Southern California. Avary recalls that their initial concept was to create three short films with three different filmmakers—himself, Tarantino, and a friend, Adam Rifkin. Avary wrote the first element of what would become the film's screenplay in the fall of 1990, titled ""Pandemonium Reigns,"" which eventually expanded into a feature-length screenplay. While Tarantino's short film similarly evolved into a full script, Rifkin never completed his contribution, leaving Pulp Fiction initially uncertain. The initial inspiration was the three-part horror anthology film Black Sabbath (1963), by Italian filmmaker Mario Bava. The Tarantino–Avary project was provisionally titled ""Black Mask"", after the seminal hardboiled crime fiction magazine. Tarantino's script was produced as Reservoir Dogs, his directorial debut; Avary created the basis for the ""Gold Watch"" storyline of Pulp Fiction.
With work on Reservoir Dogs completed, Tarantino returned to the notion of a trilogy film: ""I got the idea of doing something that novelists get a chance to do but filmmakers don't: telling three separate stories, having characters float in and out with different weights depending on the story."" Tarantino explains that the idea ""was basically to take like the oldest chestnuts that you've ever seen when it comes to crime stories – the oldest stories in the book ... You know, 'Vincent Vega and Marsellus Wallace's Wife' – the oldest story about ... the guy's gotta go out with the big man's wife and don't touch her. You know, you've seen the story a zillion times."" ""I'm using old forms of storytelling and then purposely having them run awry"", he says. ""Part of the trick is to take these movie characters, these genre characters and these genre situations and actually apply them to some of real life's rules and see how they unravel."" In at least one case, boxer Butch Coolidge, Tarantino had in mind a specific character from a classic Hollywood crime story: ""I wanted him to be basically like Ralph Meeker as Mike Hammer in Aldrich's Kiss Me Deadly [1955]. I wanted him to be a bully and a jerk"".
Tarantino went to work on the script for Pulp Fiction in Amsterdam in March 1992, possibly at the Winston Hotel in the Red Light District. He was joined there by Avary, who contributed ""Pandemonium Reigns"" to the project and participated in its rewriting as well as the development of the new storylines that would link up with it. Two scenes originally written by Avary for the True Romance screenplay, exclusively credited to Tarantino, were incorporated into the opening of ""The Bonnie Situation"": the ""miraculous"" missed shots by the hidden gunman and the rear seat automobile killing. The notion of the crimeworld ""cleaner"" that became the heart of the episode was inspired by a short, Curdled, that Tarantino saw at a film festival. He cast the lead actress, Angela Jones, in Pulp Fiction and later backed the filmmakers' production of a feature-length version of the short, likewise titled Curdled. The script included a couple of made-up commercial brands that often featured in later Tarantino films: Big Kahuna burgers (a Big Kahuna soda cup appears in Reservoir Dogs) and Red Apple cigarettes. As he worked on the script, Tarantino also accompanied Reservoir Dogs around the European film festivals. Released in the United States in October 1992, the picture was a critical and commercial success. In January 1993, the Pulp Fiction script was complete.
The adrenaline scene was inspired by the Martin Scorsese documentary American Boy: A Profile of Steven Prince about Taxi Driver actor Steven Prince, who played arms dealer Easy Andy in the film. Prince recalls injecting adrenaline into the heart of a woman who overdosed, with the help of a medical dictionary and a Magic Marker.","tensor([-4.5921e-02, -5.5283e-02, -5.8165e-02, -5.0347e-04, -4.3015e-02,
         6.2070e-02, -9.3743e-02, -1.1613e-02,  1.1851e-01, -7.7159e-02,
        -4.7993e-02, -3.3254e-02,  1.6103e-02,  1.8889e-02, -7.9772e-02,
         1.4471e-02, -6.9571e-03,  5.0772e-02,  3.0770e-02,  5.0557e-04,
         6.6935e-02, -1.5623e-02, -1.5809e-02, -8.6078e-02, -1.3743e-03,
         7.5101e-02, -1.8700e-02, -4.7150e-02, -5.4992e-02,  4.0834e-02,
        -4.7782e-02,  2.2110e-02,  4.2735e-03, -6.9461e-02,  4.8704e-02,
         5.6515e-03, -1.1500e-02,  7.5965e-02, -9.7350e-02, -5.5019e-02,
        -3.2262e-02,  2.2724e-02,  1.4980e-02,  4.2654e-02, -1.8291e-02,
        -9.4588e-02, -1.0974e-02, -7.7698e-02, -1.4382e-02, -6.7703e-02,
        -5.7805e-02,  2.5478e-02,  5.5000e-02,  2.6420e-02, -1.1592e-02,
        -5.7353e-02, -4.2925e-02,  2.0838e-02,  3.9032e-02, -3.4634e-02,
        -5.4707e-03, -4.6764e-02, -1.4019e-02, -1.0537e-02,  1.2825e-01,
         3.0618e-02,  5.6845e-02,  2.4037e-02, -9.2943e-02,  8.4482e-02,
        -9.9890e-02,  3.0518e-02, -5.2222e-02,  1.0876e-02, -1.3670e-02,
         6.4017e-02, -2.8955e-02,  5.8266e-02, -4.0097e-02, -1.1484e-01,
         8.7343e-02, -7.1474e-02, -1.6639e-02,  7.9332e-02, -1.1015e-02,
         4.6512e-02,  1.4267e-02,  6.7233e-02, -6.4163e-02,  2.7870e-02,
        -1.4098e-02,  4.5581e-03,  9.6723e-03, -1.0937e-01,  4.0804e-02,
        -8.5547e-02, -1.0503e-01,  4.8267e-02,  9.9722e-02, -4.5157e-03,
         2.5367e-02, -9.4184e-02, -6.9986e-02, -7.5432e-02,  1.3972e-01,
         3.0853e-03,  1.1094e-02,  2.6952e-03,  2.3959e-02, -1.6551e-02,
        -1.1659e-02,  5.9377e-02, -9.2395e-03,  1.4365e-02,  1.1203e-01,
         3.1033e-02,  2.9748e-02,  7.8719e-03, -4.1721e-02,  1.5965e-01,
         4.1004e-02, -2.0403e-02, -1.0094e-01, -3.0075e-02, -4.9467e-02,
        -5.7855e-03,  4.3019e-03,  1.5356e-33,  9.2032e-02, -1.4452e-02,
        -2.4612e-02, -1.5959e-02,  1.1067e-01,  5.7010e-02, -1.6092e-02,
         8.2194e-02, -5.2235e-02,  1.7641e-02,  1.7607e-02, -3.2115e-02,
        -4.7437e-02, -1.9261e-02,  3.7041e-02, -9.1342e-03, -8.5615e-03,
        -5.5903e-02,  5.6921e-02, -1.6705e-01, -6.9763e-02,  3.6697e-02,
        -8.3237e-03,  3.3170e-02, -7.2890e-02, -3.8550e-02, -3.8076e-02,
        -8.1346e-02,  2.7659e-03, -1.3157e-02, -3.9520e-02,  7.6929e-02,
        -2.1684e-02, -7.9943e-02,  1.8597e-02, -7.6792e-04, -1.7848e-02,
        -1.0030e-02,  1.8117e-02,  3.6571e-02, -8.4755e-03,  3.2990e-03,
        -4.5343e-02, -8.2199e-02, -6.2005e-02,  2.0542e-02,  4.3891e-03,
        -2.5199e-02, -1.4900e-02,  8.4953e-02,  3.6299e-02, -6.6539e-03,
         3.2707e-02, -6.5917e-02, -3.0599e-02,  7.0026e-02,  1.4705e-02,
        -7.0587e-02,  3.1456e-03,  3.7345e-02, -2.5178e-02,  6.3513e-02,
        -3.8004e-02,  3.3314e-02, -6.6481e-02,  6.1568e-02,  5.4301e-02,
         6.3988e-02, -2.8125e-02,  4.0684e-02, -6.6897e-02, -4.7166e-02,
        -5.4051e-02, -2.0424e-02,  1.7097e-02,  9.9148e-03, -1.8237e-02,
        -8.3198e-03, -1.0773e-01,  2.1625e-02, -2.9017e-02,  4.8653e-02,
         4.0326e-02, -6.2880e-02, -9.7538e-02,  5.9635e-02, -3.4427e-02,
         4.0677e-02, -3.4940e-04, -6.7012e-02, -9.2793e-03, -6.6426e-02,
         1.4501e-02,  2.7560e-02,  4.4266e-04, -3.7676e-33,  2.7727e-02,
        -9.3329e-02, -9.4926e-03, -2.5752e-02,  3.4508e-03,  6.4446e-02,
        -8.0799e-02, -5.0087e-03,  1.2764e-02, -5.8768e-02, -1.1875e-02,
         3.5483e-03,  4.1198e-02,  4.9458e-02, -3.7792e-02, -4.4360e-03,
        -5.1759e-02, -5.4361e-03, -8.6045e-03,  5.4688e-02,  1.2368e-02,
         2.0918e-02, -8.8661e-03,  5.5666e-02,  6.6811e-02, -1.5035e-02,
         7.1984e-02,  8.8096e-02,  2.5089e-02,  1.4232e-02, -7.7591e-03,
         1.2335e-02, -4.8501e-02, -1.3600e-02, -3.7405e-02,  4.0273e-02,
         4.9026e-02, -3.3917e-02, -2.3642e-02,  1.2361e-02,  5.2348e-03,
         1.9012e-02, -2.1238e-02, -3.2516e-02, -5.2223e-02,  2.2784e-02,
         2.4201e-02,  7.4696e-02, -3.4941e-02,  5.7514e-03, -4.2877e-02,
         1.8741e-02,  4.9996e-02,  2.8042e-02, -4.0503e-02, -1.9458e-02,
        -1.6694e-02, -5.7236e-02,  7.9822e-03,  4.4710e-02, -5.4002e-02,
         6.6741e-02,  6.9160e-03, -8.7370e-02,  1.2370e-02,  1.5971e-02,
         2.2672e-02,  8.3576e-02, -6.1590e-02, -8.3011e-02, -6.7694e-02,
        -1.2075e-02,  1.6381e-02,  9.3242e-02,  1.6390e-02,  7.8303e-03,
        -4.2907e-02, -7.5225e-02, -8.1545e-02,  3.9946e-02, -1.6317e-02,
         4.7397e-02, -8.4602e-04,  7.8235e-02, -3.1009e-03,  4.7283e-02,
         6.3094e-02,  1.7193e-02,  7.3128e-02,  3.3046e-02,  4.0440e-02,
         6.5888e-02,  4.0126e-02,  7.8700e-02, -9.4881e-03, -5.9436e-08,
         2.9392e-02,  2.0610e-02,  3.7052e-02,  8.2473e-02,  7.1038e-02,
         6.4669e-03, -2.8836e-03,  3.6126e-03,  9.5317e-03, -4.5626e-03,
        -7.7165e-02, -1.6888e-02, -3.0271e-02,  7.9337e-03, -1.2039e-01,
         4.9483e-02,  1.0685e-01, -2.3266e-02,  5.8008e-02,  8.5390e-02,
        -1.8259e-02, -2.7493e-02,  8.7518e-02, -3.8311e-02,  3.9990e-02,
        -2.7930e-02, -3.7799e-02, -9.3725e-02,  3.1625e-02,  9.5555e-02,
        -2.5885e-02,  7.3647e-02,  9.0654e-04, -3.3248e-02, -5.8920e-02,
         6.8655e-03,  8.4426e-02, -3.7343e-02, -1.6623e-02, -3.6049e-02,
         2.8226e-02,  9.3206e-02, -1.3994e-02, -3.2212e-02, -2.8828e-02,
        -1.2214e-02, -3.3184e-02, -3.5352e-02,  4.7082e-02,  4.5326e-02,
         5.4394e-02,  1.6773e-02,  5.6741e-02,  7.0390e-02,  8.0761e-02,
        -5.1591e-02,  2.1738e-02,  1.9891e-02,  1.1918e-02,  4.4216e-02,
         4.0580e-02, -3.8185e-02,  5.3491e-02, -4.1035e-02], device='mps:0')"
Pulp Fiction,Financing,"Tarantino and his producer, Lawrence Bender, brought the script to Jersey Films. Before even seeing Reservoir Dogs, Jersey had attempted to sign Tarantino for his next project. Ultimately a development deal worth around $1 million had been struck: The deal gave A Band Apart, Bender and Tarantino's newly formed production company, initial financing and office facilities; Jersey got a share of the project and the right to shop the script to a studio. Jersey had a distribution and ""first look"" deal with Columbia TriStar, which paid Tarantino for the right to consider exercising its option. In February, Pulp Fiction appeared on a Variety list of films in pre-production at TriStar. In June, however, the studio put the script into turnaround. According to a studio executive, TriStar chief Mike Medavoy found it ""too demented"". There were suggestions that TriStar was resistant to back a film featuring a heroin user; there were also indications that the studio simply saw the project as too low-budget for its desired star-driven image. Avary—who was about to start shooting his own directorial debut, Killing Zoe—has said that TriStar's objections were comprehensive, encompassing the script's fundamental structure. He characterizes the studio's position: ""'This is the worst thing ever written. It makes no sense. Someone's dead and then they're alive. It's too long, violent, and unfilmable.' ... So I thought, 'That's that!'""
Bender brought the script to Miramax Films, the formerly independent studio that had recently been acquired by Disney. Harvey Weinstein—co-chairman of Miramax Films, along with his brother Bob—was instantly enthralled by the script and the company picked it up. Michael Shamberg, the executive producer, reflected on the bidding process, saying, ""Only Harvey [Weinstein] placed a bid. Harvey believed he was engaged in a bidding war, but he wasn't. Even now, whenever I see Bob Shaye, he expresses regret for turning down Pulp Fiction. Quentin initially wanted to collaborate with Mike Medavoy, given Medavoy's history with the great Orion films. Ironically, when the opportunity arose, Mike deemed the script too violent."" Pulp Fiction, the first Miramax Films project to get a green light after the Disney acquisition, was budgeted at $8.5 million, and at the end $500,000 was returned, bringing the final budget to $8 million. According to Bender, a lower budget meant that the producers could maintain more control over the movie itself.
It became the first movie that Miramax Films completely financed. Helping hold costs down was the plan Bender executed to pay all the main actors the same amount per week, regardless of their industry status. The New York Times reported, ""Most of the actors received relatively small salaries along with a percentage of the profits."" The biggest star to sign on to the project was Bruce Willis. Though he had recently appeared in several big-budget flops, he was still a major overseas draw. On the strength of his name, Miramax Films garnered $11 million for the film's worldwide rights, virtually ensuring its profitability.","tensor([-8.9650e-02, -6.0508e-02,  2.2083e-02, -4.4424e-02, -6.9558e-02,
         4.1496e-02, -1.4122e-02,  2.6954e-02,  5.3171e-02,  5.0150e-02,
        -1.2528e-02,  3.2457e-02,  2.3236e-02, -4.2973e-03,  7.1936e-03,
        -5.5376e-02,  4.7945e-02,  1.0740e-03,  4.6776e-02,  4.7054e-02,
         1.1834e-02, -2.7350e-02, -2.5585e-02, -9.3012e-02,  5.5524e-02,
         4.8697e-02,  1.7127e-02,  1.9242e-02, -8.8566e-02, -3.5825e-03,
        -1.6365e-02,  9.3242e-02, -4.2710e-02, -5.1454e-02,  1.2693e-01,
         1.3436e-02,  4.6409e-02,  2.1995e-02, -4.9022e-02, -4.3468e-03,
        -5.6030e-02,  3.6412e-02, -3.9013e-02,  5.7749e-02,  4.5717e-02,
        -8.3269e-02, -8.3667e-02, -2.6127e-02, -5.0065e-03, -2.6892e-02,
        -8.1043e-02, -4.2216e-02,  7.6263e-02, -8.1679e-02, -1.6901e-02,
        -3.0069e-02,  2.6255e-02,  1.1227e-01,  3.7847e-02,  3.9455e-02,
         4.1258e-02, -6.8363e-02, -2.3442e-02,  1.0108e-02,  1.2572e-01,
        -2.5333e-02,  4.2125e-02,  6.9733e-02, -5.3147e-02,  3.7191e-03,
        -1.5659e-02, -4.6096e-03, -2.2009e-02, -6.0759e-02, -4.7644e-02,
        -4.3049e-02,  1.6719e-02,  3.1683e-02, -2.2218e-02, -9.9535e-02,
         2.7674e-02, -5.9972e-02, -3.8165e-03,  6.7894e-02, -2.7828e-02,
         7.8734e-02, -5.5115e-03,  3.5093e-02,  4.2392e-02,  1.1796e-01,
        -2.1669e-02, -1.6535e-02,  3.8193e-02, -9.5032e-02,  8.7998e-03,
         2.5801e-02, -8.3988e-02,  4.4973e-02,  7.6212e-02, -2.3916e-02,
         2.0066e-02, -8.2142e-02,  2.1788e-02, -6.8883e-02,  1.5909e-01,
         1.0041e-02,  8.6136e-02,  3.5783e-02,  6.7552e-02,  3.9027e-02,
        -8.7118e-02,  5.3584e-02, -2.0981e-02,  4.7002e-02,  6.6011e-02,
         5.8869e-02,  8.6007e-02,  1.8601e-02,  4.5192e-02, -3.1993e-03,
         4.1164e-02, -1.1475e-02, -1.1901e-01, -3.3788e-02, -9.5875e-02,
        -3.8949e-04, -6.2400e-02, -1.1539e-33,  5.7409e-02,  4.0178e-02,
        -2.8552e-02,  7.6925e-04,  1.8549e-02,  2.0064e-04,  2.7538e-02,
         6.2190e-02, -1.3550e-01, -4.9254e-04, -9.8411e-03, -6.9102e-02,
        -6.9580e-02,  7.5774e-02, -6.3545e-02, -2.3347e-02, -1.5569e-02,
        -1.4174e-02, -4.8182e-02, -8.6281e-02, -5.7769e-02,  3.1947e-03,
        -2.3925e-02,  2.7694e-02, -8.6981e-02, -2.3467e-02, -5.6683e-02,
        -1.2894e-02, -3.8321e-02, -5.5984e-04, -1.3144e-01,  1.7999e-02,
         1.2807e-01,  1.2588e-04,  4.2671e-02, -1.9079e-02, -2.9283e-02,
        -3.7910e-02, -5.3124e-03,  3.0159e-02, -1.6341e-02,  5.7766e-02,
        -6.7702e-02,  1.2758e-02, -8.3629e-02,  3.0398e-02, -8.4078e-02,
         3.7449e-02, -1.9241e-02,  5.4912e-02,  1.7521e-02,  1.1315e-01,
         3.9651e-02, -2.7606e-02, -9.5230e-02,  7.8521e-02,  2.1847e-02,
        -7.2914e-02,  7.0721e-02,  8.3454e-03,  1.8107e-02,  1.0212e-01,
        -3.2867e-02,  3.6200e-02, -6.4720e-02,  7.6852e-02,  5.1106e-02,
         4.1061e-02,  3.2940e-02,  4.9838e-02, -1.1405e-01,  1.2069e-02,
        -1.0676e-02, -1.0537e-02,  7.1162e-02,  4.9930e-03,  9.0306e-03,
         5.7044e-02, -3.7571e-02,  2.3877e-02,  1.1538e-02, -1.4180e-02,
        -2.7356e-02, -2.7055e-02, -3.5054e-02, -1.5678e-02,  1.3013e-02,
         9.2962e-03,  6.3625e-03, -7.7295e-03,  1.1058e-01, -9.0738e-02,
        -1.8686e-02,  1.2616e-02, -2.3517e-02, -1.2800e-33,  1.3073e-02,
        -1.2598e-02, -3.9689e-02, -4.2535e-02, -3.8599e-02, -1.3746e-02,
        -9.0913e-02, -5.9818e-02,  5.2746e-02, -3.1283e-02, -5.3283e-04,
         3.0439e-03, -9.9770e-05,  2.7446e-02, -8.3778e-02,  3.6359e-02,
         3.2261e-03, -9.7596e-02,  1.5814e-02, -1.3471e-02,  2.8024e-02,
        -3.8334e-02, -3.0198e-03,  9.5247e-02, -3.5895e-02,  1.9711e-02,
        -2.8763e-02,  2.2174e-02, -8.9857e-02,  9.3024e-03,  2.5605e-03,
        -6.0233e-02, -8.4109e-03, -3.2633e-02, -1.4703e-02,  4.6987e-02,
        -2.1358e-02, -4.1818e-02, -1.0577e-02, -1.3408e-02,  3.4446e-02,
        -7.0834e-02, -5.8634e-02,  6.0479e-02, -3.7139e-02, -1.6034e-02,
         6.8958e-02, -5.4295e-02, -4.7703e-02,  3.0845e-02, -2.6960e-02,
         9.0235e-02, -1.8800e-03,  7.9272e-02, -2.5154e-02, -3.1746e-02,
        -2.0411e-03, -1.3630e-02, -3.2995e-02,  7.0478e-02,  1.1882e-02,
         3.3404e-02, -2.5017e-02, -7.4415e-02,  3.9120e-02, -8.6249e-03,
         3.3491e-03,  1.8414e-02, -3.7363e-02, -4.7050e-02, -2.9492e-02,
         3.6489e-02, -3.9520e-03,  2.4293e-03, -3.3911e-02, -4.9503e-02,
        -2.8551e-02, -8.3519e-02, -7.9464e-02,  9.6066e-02,  6.7779e-03,
         4.9903e-02,  1.7949e-03,  7.2339e-02,  4.4522e-02,  2.1930e-03,
        -2.2609e-03,  1.7255e-02, -8.1818e-03,  4.6435e-02,  1.4424e-02,
         1.5425e-02, -1.2171e-03,  8.6914e-02, -3.4337e-02, -5.9077e-08,
        -6.2853e-02,  2.3027e-02,  9.0312e-03,  3.5110e-02,  3.5285e-02,
        -3.8974e-02, -1.7127e-02,  5.9681e-02,  3.4480e-02,  2.8564e-02,
         1.0764e-03, -7.4794e-03, -3.0388e-02, -3.0843e-02, -2.3900e-02,
         1.9679e-02, -1.6668e-02,  7.2562e-02, -3.1261e-02,  7.5308e-02,
        -3.1978e-02,  3.7777e-02,  1.9131e-02, -2.5984e-02,  2.0579e-02,
        -4.0713e-02, -3.2420e-02, -4.5755e-02,  1.8064e-02,  2.5092e-02,
        -6.3394e-02,  3.3666e-02, -1.9879e-02,  1.2319e-02, -7.9785e-02,
        -6.6286e-02,  6.7421e-02, -5.7573e-03, -9.1449e-03, -3.5952e-02,
        -2.8272e-02,  1.0734e-01, -1.0731e-01,  5.8967e-02,  4.4041e-02,
        -5.4306e-03,  6.1176e-02, -9.9921e-02,  3.3133e-03, -4.6235e-02,
         3.4370e-02,  6.8474e-02,  1.2438e-02,  4.9921e-02,  5.1775e-02,
        -2.0443e-02, -5.2056e-02,  1.1374e-01,  8.5898e-03,  2.6337e-02,
        -2.7434e-02, -5.6969e-02,  1.4371e-01, -3.2589e-03], device='mps:0')"
Pulp Fiction,Casting,"Danny DeVito, one of the film's executive producers, recalls that Weinstein suggested casting Daniel Day-Lewis, who had just won an Academy Award for My Left Foot. DeVito responded by stating that Tarantino wanted John Travolta and reminded Weinstein that he had final cut and cast approval. He later reflected: ""I think he [Weinstein] called me every name in the book, but of course, Quentin got what he wanted, and he was absolutely right, and the rest is history."" 
Bender noted that during the casting process, while Samuel L. Jackson's initial audition was impressive, another candidate later delivered a performance that ""blew them away."" This prompted Bender to inform Jackson's agent that they might need to consider the other actor. The agent firmly insisted, ""No, no, no, you can't do that. Sam will come back."" Initially hesitant to ask him for another audition, Bender discovered that Jackson believed he was simply reading for the role, not auditioning.  On his return audition, Jackson said that he was annoyed that he had to come back, and when he arrived an assistant called him ""Mr. Fishburne"", which made him even more angry. He had also been hungry and had bought a hamburger, which he still had with him. He went on to read his lines, angrily waving the hamburger, which was so real that it became part of the scene and guaranteed him the job.
Tim Roth, initially interested in the role meant for Willis, suggested Amanda Plummer as a co-star, insisting she should have a gun as he thought it would be ""terrifying"" - a notion Tarantino later incorporated into the script.
Harvey Keitel played a crucial role in getting Reservoir Dogs made and introduced Bruce Willis to Tarantino. Bender and Tarantino went to see Willis at his house in Malibu, where they learned that he could recite practically the entire movie of Reservoir Dogs, a movie he loved. After a conversation, Tarantino and Willis took a walk on the beach, where Willis revealed he'd read the Pulp Fiction script and expressed interest in playing Vincent or Jules. Tarantino encouraged him to read the script one last time with the Butch character in mind. Willis called Tarantino the next day and said, ""the shortest sentence in the Bible is, 'Jesus wept.' The shortest sentence in Hollywood is, 'I'm in.'""","tensor([-9.8224e-02, -2.1596e-02, -3.3117e-02,  2.6746e-02,  4.5741e-05,
        -3.9164e-02,  1.2856e-01,  4.7906e-02,  7.8957e-04, -8.9315e-02,
        -2.4972e-03, -1.8317e-03, -9.6740e-02,  3.6862e-02,  3.2705e-02,
        -8.0839e-03,  7.3563e-02,  8.5524e-02, -4.2487e-02,  5.2243e-02,
         2.0286e-02,  2.4990e-02, -2.2602e-02, -4.2488e-02, -8.3814e-03,
        -2.9235e-03,  9.6176e-02,  1.3461e-02, -7.3338e-02, -2.7500e-02,
         1.9184e-02,  2.0731e-02, -4.3412e-03,  4.2599e-02, -4.7379e-03,
        -4.7036e-02, -2.3158e-02,  1.5908e-02,  1.0654e-02, -2.4458e-02,
         6.0165e-03, -5.2439e-02,  6.9955e-03,  2.3398e-02, -8.0801e-02,
        -1.2632e-01, -1.5426e-02, -5.1289e-02,  4.6262e-02,  1.8532e-02,
        -6.2837e-02,  1.1188e-03,  2.5880e-02, -4.8989e-02, -3.7976e-02,
         2.2924e-02,  1.0518e-01,  1.6904e-02,  1.7696e-02,  5.8409e-02,
        -4.7939e-02, -4.8254e-02,  1.6509e-02,  2.6586e-02,  3.5487e-02,
        -3.0625e-02, -2.6676e-02, -7.2323e-02,  2.1065e-02,  7.7976e-03,
         2.2153e-02, -4.9788e-02,  4.0169e-03, -8.0173e-02, -2.7991e-02,
        -1.2763e-02,  1.6974e-02,  1.0196e-01,  9.2250e-03, -6.8297e-02,
        -1.1982e-02, -9.9035e-02, -9.4361e-02,  2.0917e-03,  3.3223e-02,
         5.6137e-02, -1.0227e-02, -2.0742e-02, -2.7229e-02,  7.3604e-02,
        -3.3350e-02,  2.9419e-02, -2.5188e-02, -3.3636e-02,  4.6024e-02,
         1.5650e-02, -4.1961e-02,  4.7974e-02, -5.3851e-02,  2.6048e-02,
        -4.4371e-02,  4.8130e-02, -4.1643e-02, -4.0260e-02,  2.5942e-02,
        -5.8353e-02,  7.3114e-02, -1.1642e-02, -9.4781e-03, -8.8989e-02,
        -1.0271e-02,  7.7416e-03,  1.0904e-01,  1.0478e-01,  9.9883e-02,
        -1.2584e-02, -6.7745e-03,  8.3650e-02,  5.2438e-02,  1.5843e-02,
         9.6450e-04,  1.5838e-01,  2.7255e-02,  3.1006e-02, -8.4919e-02,
        -9.4562e-03,  4.1990e-02, -2.7175e-34,  8.5777e-03,  9.0569e-03,
        -5.2648e-02, -9.0954e-02,  6.8385e-02,  6.9017e-04, -6.8248e-02,
         6.6099e-02,  6.1822e-02,  1.3963e-04, -4.8755e-02, -9.9698e-02,
        -4.2368e-02, -6.8836e-02, -5.1630e-02,  1.6796e-01,  3.1821e-02,
         2.7938e-02, -2.8550e-02, -3.6975e-03,  2.1184e-02,  5.3446e-02,
        -2.2813e-02, -2.4504e-02, -7.3887e-02,  1.1203e-01, -2.7375e-02,
        -3.5745e-02, -3.2236e-03,  2.0275e-02, -1.0512e-01,  2.6785e-02,
         1.2203e-01,  3.0862e-02,  1.5626e-01, -3.2352e-02, -2.6283e-02,
        -4.6973e-04, -4.3296e-02,  2.6491e-02, -5.1936e-02, -8.3340e-03,
        -5.4967e-02,  2.4004e-02, -1.4155e-01, -1.6015e-02, -2.8385e-02,
         1.1857e-01,  1.6521e-02,  2.4313e-02,  5.0066e-02,  3.4504e-02,
         6.9017e-02, -1.0794e-02, -9.6801e-02, -3.6255e-02, -7.2367e-03,
        -2.1392e-03,  6.9246e-02, -2.6950e-02, -4.7202e-02,  8.5123e-02,
        -5.6642e-02,  2.9753e-02, -1.3466e-01, -1.8032e-02,  3.0716e-03,
         2.0155e-02, -2.0675e-02, -1.7010e-02, -5.3821e-02, -2.8253e-02,
        -1.8211e-02,  1.6415e-02, -5.0456e-02, -7.8473e-02, -2.2818e-02,
         7.7122e-03, -4.1162e-02, -5.1067e-03, -4.9535e-02, -6.8809e-04,
         1.8318e-03, -1.1532e-01, -6.2087e-02, -9.9190e-03,  9.6989e-04,
        -5.4009e-02,  2.8700e-02,  3.5328e-02, -2.7696e-02, -8.2472e-02,
        -6.9499e-02, -2.2305e-02,  1.4170e-02, -3.9674e-33,  6.9927e-03,
        -6.0911e-03, -7.3657e-02, -4.9507e-02,  7.1854e-04, -4.5012e-02,
        -4.7436e-02,  1.6870e-02,  8.4200e-02, -8.4028e-02, -4.6056e-02,
         8.0136e-03,  1.9160e-02, -8.2102e-02, -5.9123e-02, -4.3011e-02,
        -1.1580e-02, -2.3945e-02,  8.3088e-02,  1.8665e-02,  1.1254e-01,
         4.0751e-03, -2.8816e-02,  4.5683e-02,  2.5768e-02, -5.0464e-02,
         9.4513e-02,  5.0073e-02, -1.1228e-01,  1.3098e-02,  5.9412e-02,
         2.4867e-03,  2.0496e-02, -4.5831e-02, -3.6118e-02,  9.6281e-02,
        -3.8109e-02,  3.0114e-02, -3.9505e-04,  2.9934e-02,  6.0575e-02,
        -9.4777e-02,  3.0591e-03,  4.4539e-02,  2.7411e-02,  6.9351e-03,
         2.0246e-02, -8.8653e-03, -5.9740e-02,  6.2146e-03, -1.8538e-02,
         7.5809e-02, -5.4871e-02, -1.7483e-02, -4.8768e-02, -1.9988e-02,
         1.6656e-02, -6.5447e-02,  3.0536e-02,  3.7898e-02, -8.3318e-02,
        -6.4862e-02,  1.0158e-01, -7.4712e-04,  2.0911e-02,  3.7771e-02,
         3.4917e-02,  1.1671e-02,  4.9949e-02, -1.4831e-02,  1.9062e-02,
        -7.4053e-02,  3.7532e-02,  9.7608e-02, -4.9964e-02, -1.3061e-02,
        -6.5482e-02,  4.4827e-02, -9.0276e-03, -2.0950e-02, -1.6391e-02,
        -4.8501e-02, -2.7958e-02,  8.3729e-03,  6.0280e-02,  1.3022e-02,
         1.0626e-02,  1.2894e-02, -2.5759e-02,  1.4501e-02,  6.1128e-02,
        -7.6657e-03,  4.8721e-02,  2.6372e-03, -2.3440e-02, -6.4406e-08,
         1.5822e-03,  4.7525e-02,  3.4176e-02,  9.0710e-02,  6.8308e-02,
        -5.4216e-02, -1.1782e-01,  5.6099e-02, -1.1474e-03,  2.7958e-02,
        -1.4565e-02, -3.6016e-02, -9.0375e-03, -2.7173e-02,  2.6479e-02,
         2.8560e-02,  2.6505e-02, -1.4804e-02, -9.5104e-03,  1.5413e-02,
         4.6204e-02, -7.9280e-02, -4.1102e-02,  6.1012e-03,  8.7676e-02,
        -2.5638e-02, -2.8008e-02,  3.7261e-02, -2.2476e-02,  8.7638e-02,
         5.6711e-02,  7.7549e-03, -4.3591e-02,  6.2856e-02, -1.7266e-02,
        -2.3409e-02,  2.5847e-02, -4.0195e-02,  4.8915e-02, -3.6728e-03,
        -5.3843e-02,  8.1701e-02,  8.0093e-03, -9.6111e-03, -3.3226e-02,
         1.7192e-02,  2.1139e-02, -3.5652e-02,  2.9971e-02,  3.7206e-02,
         2.1278e-02, -4.0848e-02, -1.9305e-02,  5.2077e-02,  5.3815e-02,
        -3.3449e-02,  5.2993e-02,  2.9208e-02, -8.5384e-02, -4.0050e-02,
         4.3766e-02,  6.8107e-03, -3.9796e-02,  2.2647e-02], device='mps:0')"
Pulp Fiction,Filming,"Principal photography commenced on September 20, 1993. The lead offscreen talent had all worked with Tarantino on Reservoir Dogs – cinematographer Andrzej Sekuła, film editor Sally Menke, production designer David Wasco, and costume designer Betsy Heimann. According to Tarantino: ""[W]e had $8 million. I wanted it to look like a $20–25 million movie. I wanted it to look like an epic. It's an epic in everything – in invention, in ambition, in length, in scope, in everything except the price tag."" The film, he says, was shot ""on 50 ASA film stock, which is the slowest stock they make. The reason we use it is that it creates an almost no-grain image, it's lustrous. It's the closest thing we have to 50s Technicolor."" The largest chunk of the budget – $150,000 – went to creating the Jack Rabbit Slim's set. It was built in a Culver City warehouse, where it was joined by several other sets, as well as the film's production offices. The diner sequence was shot on location in Hawthorne at the Hawthorne Grill, known for its Googie architecture. For the costumes, Tarantino took his inspiration from French director Jean-Pierre Melville, who believed that the clothes his characters wore were their symbolic suits of armor. Tarantino cast himself in a modest-sized role as he had in Reservoir Dogs. One of his pop totems, Fruit Brute, a long-discontinued General Mills cereal, also returned from the earlier film. The shoot wrapped on November 30. Before Pulp Fiction's premiere, Tarantino convinced Avary to forfeit his agreed-on cowriting credit and accept a ""story by"" credit, so the line ""Written and directed by Quentin Tarantino"" could be used in advertising and onscreen.","tensor([-1.3631e-02,  8.5139e-04,  3.4531e-02,  4.1327e-03, -6.1914e-02,
        -6.8245e-03,  1.6025e-02,  2.3634e-02,  5.5382e-02, -4.6564e-04,
        -2.2123e-02, -5.6154e-03,  5.3120e-02,  5.3678e-02, -6.4461e-02,
        -2.8748e-02,  1.6427e-01, -8.3898e-02,  3.2713e-02, -1.8501e-03,
         7.9138e-03, -7.2118e-02,  6.6705e-02, -2.8989e-02,  1.2536e-02,
        -2.2445e-02, -4.8878e-02, -5.0303e-02, -7.4078e-02, -8.7159e-02,
        -5.0524e-02,  2.5279e-02, -2.7274e-02, -6.3827e-02,  1.0535e-01,
        -3.2791e-02,  9.0412e-02,  5.6923e-02,  3.1650e-02,  2.2983e-02,
        -6.6382e-02, -2.2896e-02, -7.4109e-02,  2.2024e-03,  3.1690e-02,
        -5.9135e-02, -8.8730e-03, -5.5059e-02,  3.1800e-02, -4.1765e-02,
        -7.0970e-02,  3.3242e-02, -1.2129e-03, -7.2911e-02,  1.3660e-02,
        -2.6516e-02, -6.5378e-02, -1.8485e-02,  3.4179e-02, -3.7737e-02,
        -2.6417e-02, -1.7095e-02, -1.5172e-02,  2.3261e-03,  1.1455e-01,
        -3.1962e-02, -7.0573e-03, -6.2532e-02,  2.4151e-02, -5.0353e-02,
         4.5288e-02,  9.3938e-04, -1.1140e-02, -5.4555e-02,  7.2820e-04,
        -4.1929e-02,  7.6077e-03,  2.7492e-02,  1.1124e-02, -7.4229e-02,
         1.0679e-01, -5.4294e-02, -1.6116e-02,  4.0972e-02, -4.4577e-02,
         6.6349e-02,  4.7444e-02,  5.0098e-02, -6.6369e-02, -1.4955e-02,
        -4.5515e-02, -9.7332e-02, -4.2011e-02, -1.9843e-02,  6.4745e-02,
        -5.5588e-02, -7.3368e-02,  1.5957e-02,  9.3561e-02,  2.3233e-02,
         8.7599e-02, -2.5560e-02,  5.3362e-02, -8.9167e-02,  1.2655e-01,
        -6.0400e-02,  7.3633e-02,  8.5983e-02,  5.5097e-02, -2.3417e-02,
        -3.8744e-02, -6.1153e-03,  1.1184e-02,  3.5069e-02,  5.9660e-02,
         1.6714e-02, -4.9282e-02, -3.6150e-02,  5.7362e-03,  7.3021e-05,
         7.8486e-02, -3.4133e-02, -1.0179e-01,  3.7130e-02, -1.1126e-01,
        -1.8058e-02, -2.3585e-02,  9.9806e-34,  9.8363e-02,  6.1026e-02,
         3.0158e-02, -3.1973e-02,  6.8588e-02, -5.2771e-03,  4.5370e-02,
         4.5845e-02, -8.7677e-02,  2.1168e-02, -2.8982e-02, -7.7036e-02,
        -8.3211e-02,  6.2878e-02,  5.4093e-02, -5.7990e-02, -3.0636e-02,
         2.1935e-02,  7.6805e-02, -8.9611e-02, -1.1527e-01,  3.8677e-02,
        -3.2892e-02, -6.1845e-03,  8.3995e-03,  2.3082e-02, -6.9912e-02,
         6.5770e-03,  3.8356e-02,  1.6742e-02, -4.4345e-02,  3.9166e-02,
         7.6618e-02,  2.1211e-03, -2.3710e-03, -1.1404e-01, -3.8089e-02,
        -8.2270e-02,  4.2295e-02,  4.5973e-02,  6.4605e-02,  9.8793e-02,
        -8.4566e-02,  3.1525e-02, -1.1462e-01,  8.6179e-02, -2.8845e-02,
         1.0578e-01, -4.1134e-02,  7.5027e-02,  1.2841e-02,  1.4075e-02,
        -1.4060e-02,  6.6703e-02, -7.5185e-02,  1.2961e-02,  1.7752e-02,
        -1.4304e-01,  6.3317e-02,  2.1018e-02, -7.0862e-03,  1.2232e-01,
        -6.8633e-03,  5.0498e-02, -2.8290e-02,  5.4993e-02,  4.9144e-02,
         9.7370e-02, -8.0148e-03,  7.9444e-02, -4.3163e-02, -2.2453e-02,
        -1.8372e-02, -1.0866e-01,  8.0355e-02, -3.6195e-02, -8.3481e-03,
         5.0376e-02, -5.9864e-02,  7.1934e-02,  2.5454e-03,  8.3978e-02,
        -3.2340e-02, -2.6465e-02, -4.3198e-02,  3.8200e-02,  4.7899e-02,
         3.0244e-02,  1.9256e-02,  2.2565e-02,  1.2790e-05, -7.4672e-02,
        -7.0542e-04, -1.0157e-02, -4.1584e-02, -1.0668e-33,  3.5123e-02,
        -2.7859e-02, -3.4771e-03,  3.8938e-02,  1.8210e-02, -6.2645e-02,
        -1.4127e-02, -2.0199e-02,  6.7282e-02,  8.8943e-03, -5.7965e-02,
         4.6007e-02,  2.8171e-02,  1.6656e-03, -8.5656e-02,  4.5551e-02,
         8.4797e-03, -8.7475e-02, -3.8339e-03, -2.3494e-02,  3.8618e-02,
        -3.5257e-02,  1.9043e-02,  1.2171e-01, -1.4899e-02,  1.1465e-01,
        -2.2454e-02, -2.2190e-02, -1.2712e-02, -1.2892e-02,  1.7496e-02,
        -6.8575e-02, -2.7731e-02,  3.8083e-03, -7.6781e-02,  9.9587e-03,
         7.6390e-03,  2.8037e-02, -5.6455e-02, -9.9216e-04,  2.3822e-02,
        -2.3135e-02, -7.0490e-02,  5.7011e-02,  6.1396e-02, -4.2225e-02,
         3.2859e-02, -8.1218e-02,  4.5483e-02,  2.2377e-02, -4.8038e-02,
        -9.1937e-03,  1.1716e-02,  4.1488e-02, -2.2831e-02,  2.0659e-02,
         3.7673e-02,  4.4017e-02,  3.9862e-02,  1.8648e-02, -7.8138e-03,
         2.1422e-02, -6.0938e-02, -2.0704e-02, -3.8970e-02,  2.6637e-02,
         9.4349e-03, -2.5795e-02, -3.3269e-02, -7.0380e-02,  6.6878e-03,
        -2.1128e-02,  3.8985e-02,  1.6409e-02, -5.8449e-02,  4.6708e-02,
         2.2195e-02,  2.4100e-03,  6.4150e-02,  6.2257e-02, -5.7274e-02,
        -3.1476e-02, -1.1056e-02,  4.3338e-02,  2.7639e-02,  1.0116e-01,
        -1.8381e-02,  5.2112e-02, -1.7400e-02,  1.0666e-01,  4.4467e-02,
         8.9945e-03,  5.5320e-02,  4.0668e-02, -2.9021e-02, -6.4998e-08,
         8.0641e-03,  4.4515e-02,  3.2577e-02,  5.1904e-02,  4.2069e-02,
        -8.4578e-02,  7.3962e-02,  8.3313e-02,  8.1265e-02,  9.6053e-04,
        -3.7085e-02, -3.6823e-02, -5.1979e-03, -1.4379e-02,  1.0450e-02,
        -2.0685e-02,  6.6270e-02,  5.5347e-02, -1.5197e-02,  1.7470e-02,
        -2.9443e-02, -2.6556e-02,  8.6994e-02, -2.1337e-02, -4.5649e-02,
        -4.1945e-02,  1.2572e-03, -3.0957e-02, -4.3953e-02,  2.5734e-02,
        -7.1761e-02,  1.8671e-02, -1.0468e-01, -5.0648e-02,  3.1871e-02,
        -9.8651e-02, -5.9510e-03,  4.8464e-04, -8.2155e-03, -3.9972e-02,
        -3.1738e-02, -1.2183e-02,  4.5035e-03,  8.0025e-03,  7.5105e-02,
         7.4791e-03, -3.1169e-02, -5.4495e-02,  1.3388e-02,  1.8574e-02,
         5.6384e-03,  5.9363e-02, -5.4755e-02,  1.6266e-02,  2.3608e-02,
        -5.3655e-02,  3.3270e-03, -2.6208e-02, -2.3047e-02,  2.8043e-02,
         2.4819e-02, -7.8241e-02,  1.6123e-02,  2.4349e-02], device='mps:0')"
Pulp Fiction,Music,"No film score was composed for Pulp Fiction; Quentin Tarantino instead used an eclectic assortment of surf music, rock and roll, soul, and pop songs. Dick Dale's rendition of ""Misirlou"" plays during the opening credits. Tarantino chose surf music as the basic musical style for the film, but not, he insists, because of its association with surfing culture: ""To me it just sounds like rock and roll, even Morricone music. It sounds like rock and roll spaghetti Western music."" Tarantino planned to use a power pop song, ""My Sharona"" by The Knack, during the film's rape scene, but ultimately discounted it.
Some of the songs were suggested to Tarantino by his friends Chuck Kelley and Laura Lovelace, who were credited as music consultants. Lovelace also appeared in the film as Laura, a waitress; she reprises the role in Jackie Brown. The soundtrack album was released along with the film in 1994. The album peaked on the Billboard 200 chart at number 21. The single, Urge Overkill's cover of the Neil Diamond song ""Girl, You'll Be a Woman Soon"", reached number 59.
Estella Tincknell describes how the particular combination of well-known and obscure recordings helps establish the film as a ""self-consciously 'cool' text. [The] use of the mono-tracked, beat-heavy style of early 1960s U.S. 'underground' pop mixed with 'classic' ballads such as Dusty Springfield's 'Son of a Preacher Man' is crucial to the film's postmodern knowingness."" She contrasts the soundtrack with that of Forrest Gump, the highest-grossing film of 1994, which also relies on period pop recordings: ""[T]he version of 'the sixties' offered by Pulp Fiction ... is certainly not that of the publicly recognized counter-culture featured in Forrest Gump, but is, rather, a more genuinely marginal form of sub-culture based around a lifestyle – surfing, 'hanging' – that is resolutely apolitical."" The soundtrack is central, she says, to the film's engagement with the ""younger, cinematically knowledgeable spectator"" it solicits.","tensor([-7.0872e-02, -6.1698e-02, -4.2666e-02, -1.3532e-02,  6.6264e-03,
         5.7481e-03,  8.8883e-02,  2.3797e-02,  3.2580e-02, -1.9514e-02,
        -5.4535e-02, -2.5562e-02,  3.9530e-02, -1.2002e-02,  3.3411e-02,
         9.1967e-02,  1.4849e-01,  3.5455e-02,  2.2206e-02,  5.1537e-02,
        -3.1532e-04,  6.2330e-02,  3.1529e-02, -2.1538e-02, -8.3162e-02,
         2.5336e-02, -2.5012e-03,  1.2364e-02, -1.2412e-01,  3.4350e-02,
        -3.3146e-02,  1.2315e-01,  1.8571e-02, -6.1766e-02, -2.5129e-02,
        -7.3389e-03, -4.1738e-02,  5.3186e-02,  4.1637e-02,  1.4555e-02,
        -6.6832e-02,  2.4495e-02, -2.7260e-02,  3.3624e-02, -2.9097e-02,
        -4.6946e-02, -4.6433e-02, -3.6759e-02,  2.7493e-02, -2.0401e-02,
        -6.6668e-02,  3.6165e-02, -2.3325e-03, -3.2514e-02,  3.9956e-02,
        -5.4483e-02,  9.8078e-02,  8.2300e-02,  4.5623e-02,  3.6284e-02,
        -6.6622e-02, -1.0524e-01,  3.0525e-02, -9.0253e-02,  1.2895e-01,
         1.4120e-02,  5.2434e-03, -5.0196e-02, -1.0089e-01,  2.8436e-02,
        -7.5023e-02, -1.4422e-02, -4.0572e-02,  4.6360e-02,  4.5098e-03,
        -1.8474e-02,  3.9294e-04,  4.2131e-02, -6.6944e-02, -2.7725e-02,
         1.4536e-02, -1.1512e-01, -1.6339e-02, -6.1761e-02,  9.6881e-03,
         3.2766e-02,  1.8924e-02,  9.4737e-03,  5.3502e-04,  6.4030e-03,
        -1.2174e-01, -4.8106e-02, -1.0816e-01, -2.4768e-02,  4.9963e-02,
        -7.8098e-02, -1.1844e-01, -6.4573e-02, -2.5323e-02,  1.9731e-02,
         7.1736e-02,  1.2491e-02, -1.6262e-02, -6.8045e-02,  3.5876e-02,
        -4.2705e-02,  7.1819e-02,  7.6311e-02,  8.8960e-03,  2.3445e-02,
         1.1164e-02,  2.1168e-02,  1.9421e-02,  1.4324e-02,  3.9550e-02,
         8.9814e-04,  6.3046e-02,  6.5305e-03, -1.3469e-02,  2.3658e-02,
         7.8552e-02, -2.8534e-02, -7.0996e-02,  3.5316e-02, -8.5544e-02,
        -8.8885e-02, -3.4377e-02, -1.1527e-33,  2.3841e-02, -4.2410e-02,
         3.1891e-02,  2.0722e-02,  8.2653e-02, -3.5568e-02,  9.3136e-03,
         4.4224e-02, -1.6287e-04,  4.3292e-02, -3.4842e-02, -5.5954e-02,
        -6.1023e-02, -3.1549e-02, -1.8882e-02,  4.5369e-02,  3.1695e-02,
        -4.6803e-02,  5.4840e-03,  1.5220e-02,  2.1471e-02,  4.9243e-02,
        -2.5187e-02, -3.2844e-02,  9.2874e-03, -4.7655e-03, -3.1374e-02,
        -4.0716e-02,  9.3000e-02,  5.3368e-04, -8.1878e-02,  1.1441e-02,
         3.8393e-02, -2.8398e-02,  1.7024e-03,  1.2160e-02, -1.0706e-01,
         4.9308e-02, -1.0145e-02, -2.5950e-02, -8.3259e-03,  3.5762e-02,
         5.2709e-02, -2.7013e-02, -1.0752e-01,  3.8103e-02,  4.2541e-02,
         7.5554e-02, -1.5734e-02,  2.5918e-02,  1.6457e-02, -4.7237e-02,
        -3.1994e-02,  9.5793e-02, -7.9774e-02,  2.6128e-02,  1.0379e-01,
        -4.4937e-02,  1.5114e-03, -1.0291e-02, -5.3691e-03, -2.3608e-02,
         2.7658e-03, -6.7467e-02, -3.6465e-02,  7.8242e-02,  5.8667e-02,
         1.0893e-02,  2.1163e-02,  5.7980e-02, -7.6600e-02,  2.3427e-02,
        -3.5643e-02,  6.2256e-02, -5.5017e-02, -3.2804e-04,  5.1501e-02,
        -1.3871e-03,  3.7387e-02, -1.1139e-02,  8.4381e-02,  2.7813e-02,
        -2.7103e-02, -1.4108e-02, -3.0145e-02,  1.1050e-02,  4.7643e-02,
        -4.9757e-02, -4.2399e-02, -9.1564e-02, -4.3206e-02, -3.5211e-02,
         6.0484e-03, -1.3264e-02, -6.9213e-02, -1.8130e-33,  5.2234e-02,
        -3.5320e-02,  6.8870e-02,  2.7553e-02,  1.2374e-01,  2.9552e-02,
         4.5226e-02, -1.2145e-02,  2.4588e-02, -4.9729e-02, -5.4829e-03,
        -1.5236e-01, -2.5725e-03,  1.7900e-02,  2.0377e-02,  9.9994e-03,
        -1.0569e-01,  1.6598e-02,  3.0040e-02,  1.1082e-03, -1.3434e-01,
         3.9615e-02,  1.0595e-01,  5.3612e-02, -3.5383e-02, -1.7938e-02,
         2.8438e-02,  6.7112e-02,  1.7049e-02,  7.6244e-02, -6.9792e-03,
        -7.2307e-03, -8.8169e-02, -8.1951e-02, -2.4441e-02,  6.2607e-02,
        -7.8198e-02, -5.5504e-02,  2.2111e-02,  6.8704e-02, -7.5235e-02,
         1.6145e-02, -4.5433e-02,  1.2319e-02, -5.2397e-02, -4.7971e-02,
         6.1461e-03,  1.1812e-01, -3.3434e-03,  4.4033e-02,  2.3244e-02,
         2.7785e-02,  4.6376e-02,  3.7226e-02, -3.8528e-02, -3.8939e-02,
        -9.3772e-03,  4.5142e-03,  1.1431e-02,  3.8383e-02, -4.3607e-02,
         3.8789e-02, -1.6191e-02, -8.3716e-02,  1.2424e-02,  5.0589e-02,
         7.0270e-02, -3.1494e-02, -3.7595e-02,  7.9561e-02, -6.6810e-02,
        -1.4947e-02,  1.4134e-02,  8.4108e-02, -1.2112e-05, -9.6673e-02,
        -8.2292e-02, -1.7340e-02, -6.7396e-02, -7.0132e-03, -2.3355e-04,
         4.9451e-02, -3.7782e-02,  9.5413e-02,  1.9564e-02,  5.1277e-02,
         3.1533e-02, -2.1144e-03, -5.2176e-02,  6.6079e-03,  4.3599e-02,
         2.3543e-02, -2.9924e-02,  2.3232e-02, -9.8635e-02, -6.4060e-08,
         1.9814e-02,  7.1084e-02,  1.9832e-03, -5.9071e-02,  6.5455e-02,
        -3.6105e-04,  6.0635e-02, -2.6394e-02, -7.6440e-05, -2.0397e-02,
        -1.2272e-03, -1.2691e-02,  2.5117e-02,  2.0466e-02, -8.8451e-02,
         5.4820e-02, -2.4620e-03, -1.9728e-02,  1.8882e-02,  4.3966e-04,
         8.9780e-02, -4.8570e-02,  4.4034e-02, -6.3999e-02,  3.6614e-02,
         5.3629e-02, -1.5825e-02, -2.0125e-02, -1.4222e-02,  7.0057e-02,
         3.0773e-02, -2.5524e-02,  4.7295e-03, -2.9982e-02, -9.1615e-02,
        -4.0770e-02,  5.8406e-02,  3.4502e-03, -8.4032e-02,  8.0890e-02,
         4.5174e-02,  9.4492e-02, -2.5638e-02,  2.3895e-02, -4.6563e-02,
        -3.2718e-02,  3.3056e-02, -3.1787e-02, -1.9916e-02,  6.5465e-02,
         5.0438e-02,  7.3981e-02,  1.8568e-02,  4.8512e-02,  4.4053e-02,
         4.2155e-02, -7.2372e-02,  6.2572e-02,  3.2190e-03,  3.2756e-02,
        -2.6733e-02, -3.1021e-02,  6.3935e-02, -6.1089e-02], device='mps:0')"
Pulp Fiction,Release and box office,"Pulp Fiction premiered in May 1994 at the Cannes Film Festival. The Weinsteins ""hit the beach like commandos,"" bringing the picture's entire cast over to France. The film was unveiled at a midnight hour screening and caused a sensation. It won the Palme d'Or, the festival's top prize, generating a further wave of publicity.
The first U.S. review of the film was published on May 23 in industry trade magazine Variety. Todd McCarthy called Pulp Fiction a ""spectacularly entertaining piece of pop culture ... a startling, massive success."" From Cannes forward, Tarantino was on the road continuously, promoting the film. Over the next few months, it played in smaller festivals around Europe, building buzz: Nottingham, Munich, Taormina, Locarno, Norway, and San Sebastián. Tarantino later said: ""One thing that's cool is that by breaking up the linear structure, when I watch the film with an audience, it does break [the audience's] alpha state. It's like, all of a sudden, 'I gotta watch this ... I gotta pay attention.' You can almost feel everybody moving in their seats. It's actually fun to watch an audience in some ways chase after a movie."" In late September, it opened the New York Film Festival. The New York Times published its review the day of the opening. Janet Maslin called the film a ""triumphant, cleverly disorienting journey through a demimonde that springs entirely from Mr. Tarantino's ripe imagination, a landscape of danger, shock, hilarity and vibrant local color ... [He] has come up with a work of such depth, wit and blazing originality that it places him in the front ranks of American film makers.""

On October 14, 1994, Pulp Fiction went into general release in the United States. As Peter Biskind described: ""It was not platformed, that is, it did not open in a handful of theaters and roll out slowly as word of mouth built, the traditional way of releasing an indie film; it went wide immediately, into 1,100 theaters."" In the eyes of some cultural critics, Reservoir Dogs had given Tarantino a reputation for glamorizing violence. Miramax played with the issue in its marketing campaign: ""You won't know the facts till you've seen the fiction"", went one slogan. Pulp Fiction was the top-grossing film at the US box office its first weekend with a gross of $9,311,882, edging out a Sylvester Stallone vehicle, The Specialist, which was in its second week and playing at more than twice as many theaters. The gross claimed by Miramax Films was disputed by others. Warner Bros. initially reported an estimated gross of $8.9 million for The Specialist, with Bob Weinstein then reporting a gross for Pulp Fiction of $9.1 million, claiming that the film was on another 100 screens that had previously been overlooked. Warner Bros. then updated their gross to $9.3 million, claiming they had made a calculation error.
Early Monday morning, Miramax Films reported a gross of $9.3 million with Warner Bros. reporting $8.9 million for The Specialist, placing Pulp Fiction first but other industry sources did not believe Miramax Films' numbers. Variety estimated that Pulp Fiction grossed $8.6 to $9 million for the weekend.
Against its budget of $8.5 million and about $10 million in marketing costs, Pulp Fiction grossed $107.93 million at the U.S. box office, making it the first Miramax film to surpass $100 million in the United States and Canada. Worldwide, it took in nearly $213 million. In terms of domestic grosses, it was the tenth biggest film of 1994, even though it played on substantially fewer screens than any other film in the top 20. Popular engagement with the film, such as speculation about the contents of the precious briefcase, ""indicates the kind of cult status that Pulp Fiction achieved almost immediately."" As MovieMaker puts it, ""The movie was nothing less than a national cultural phenomenon."" Abroad, as well: in Britain, where it opened a week after its U.S. release, not only was the film a big hit, but in book form its screenplay became the most successful in UK publishing history, a top-ten bestseller.","tensor([ 1.8313e-02, -1.1262e-01,  3.0710e-03,  3.3181e-03,  2.9695e-02,
         1.3672e-02, -6.2937e-02, -3.5252e-02,  8.1517e-02,  3.1718e-02,
         9.9394e-02,  2.4511e-02, -3.6359e-02,  1.9102e-02,  7.6911e-03,
        -4.5136e-02,  1.4463e-01, -3.8832e-02,  2.0046e-03,  7.8923e-02,
         3.4842e-03, -3.1531e-02,  2.8457e-02, -2.8031e-02,  1.8372e-02,
        -7.1993e-02, -2.3574e-02,  6.5624e-03, -3.6491e-02,  1.7578e-02,
         5.1310e-02,  6.9631e-02, -3.9275e-02, -2.7072e-02,  1.0462e-01,
        -1.0439e-02,  7.6864e-02, -9.3158e-02,  7.9087e-03, -5.3815e-02,
        -5.7425e-02, -2.5443e-02,  6.6099e-02,  7.4712e-02,  9.0453e-02,
        -9.0130e-02, -3.0573e-03, -2.6527e-02,  3.9411e-02,  2.0245e-03,
        -1.2957e-02, -1.8098e-02,  9.5428e-02, -7.3121e-02, -2.0012e-02,
        -1.8282e-02,  2.1685e-02,  1.0847e-01,  5.2049e-02,  3.0076e-02,
         2.4045e-02, -8.4364e-02, -3.6445e-02, -1.0866e-02,  9.4010e-02,
        -1.4667e-02,  6.0436e-02,  3.4839e-02, -6.2664e-02,  1.5364e-03,
        -4.9087e-02, -2.6656e-02,  3.2516e-02, -1.9961e-02,  2.6971e-02,
        -1.4040e-02, -9.9589e-02,  5.8376e-02, -2.7657e-02, -2.2996e-02,
         7.4754e-02, -9.2381e-02, -6.7231e-03,  1.6869e-02, -8.1665e-02,
        -2.1738e-02,  6.4361e-02,  7.5035e-02, -1.8265e-02,  9.5320e-02,
        -7.1964e-02,  1.8386e-02, -8.2147e-02,  6.8988e-03, -1.8106e-02,
        -3.9756e-02, -2.9302e-02,  5.2361e-02,  1.1360e-01, -1.0490e-02,
         5.8238e-02,  4.9350e-02, -4.6649e-03, -6.2597e-02,  3.1218e-02,
         1.3151e-02,  1.0566e-02, -1.6579e-02,  8.0311e-03, -5.6447e-03,
        -8.4741e-02,  1.0467e-01, -8.2813e-03, -2.1860e-02,  4.0558e-02,
         3.5980e-02,  5.3627e-02,  6.5858e-03, -1.0629e-02,  6.4213e-02,
         7.7582e-02, -2.2452e-02, -1.0567e-01,  3.6709e-02, -3.4373e-02,
        -4.6107e-02,  4.5302e-02, -3.2847e-33,  6.7938e-02, -6.1347e-02,
        -3.0995e-02,  3.0828e-02,  8.1523e-02, -4.0740e-03, -3.9292e-02,
         3.9665e-02, -8.5200e-02,  2.2367e-02, -2.4673e-02, -1.5243e-01,
        -7.8571e-02,  1.7296e-02,  1.0670e-01, -1.2098e-02,  2.4814e-03,
        -8.6549e-02, -5.6704e-03, -7.5887e-02, -5.2552e-02, -3.6627e-02,
         6.8607e-03, -3.6633e-02, -3.5003e-02,  8.9087e-03, -5.1939e-02,
        -1.5503e-02,  5.1808e-02,  2.3850e-02, -1.1593e-01,  1.2124e-02,
         3.5312e-02, -1.7381e-02,  2.9963e-02,  2.6053e-02,  6.1031e-03,
        -1.3447e-02,  1.3540e-02,  1.3672e-02,  1.6768e-02,  6.1799e-02,
        -1.0366e-01, -4.3310e-02, -2.9963e-02,  7.1524e-02, -2.9278e-02,
         2.3903e-02,  1.0951e-02,  3.1971e-02,  4.3200e-03, -6.6750e-03,
         2.8472e-02, -1.0215e-03, -9.7998e-03,  6.3168e-02,  1.5641e-02,
        -1.1687e-01, -4.2486e-02, -5.1443e-02, -1.0671e-02,  4.0079e-02,
        -3.1657e-02,  6.8138e-02, -1.1117e-01,  1.2823e-01,  4.1239e-02,
         7.0997e-02, -8.8290e-04,  3.4395e-02, -1.0200e-01,  1.0883e-02,
        -5.5691e-02, -6.2227e-02,  2.5071e-02,  2.1297e-02,  1.7451e-02,
        -6.3357e-05,  8.7717e-03,  3.8558e-02, -3.5650e-02,  2.4153e-02,
        -1.9726e-02, -6.2132e-02, -1.9004e-02,  7.9118e-02, -6.2192e-02,
         4.5274e-03,  5.0388e-03, -5.1805e-02,  9.9651e-03, -6.2856e-02,
         4.5360e-02,  5.5595e-02, -2.8087e-02, -4.9625e-34,  1.9388e-02,
        -7.0519e-03, -2.8804e-02, -5.6317e-02, -3.4390e-02,  3.4510e-02,
        -1.8191e-01,  1.8652e-02,  5.2417e-02, -3.5084e-02, -9.2650e-02,
        -6.6092e-02, -3.1763e-02, -2.0849e-02, -2.7918e-02,  1.9756e-02,
        -2.7217e-02, -4.8119e-02, -1.9336e-02,  7.3501e-02,  1.5574e-02,
        -1.0513e-02,  3.2463e-02,  2.6006e-03,  1.8262e-02,  3.4919e-02,
         1.3474e-02,  2.3472e-02,  5.4092e-03, -5.8986e-04, -3.4471e-02,
        -2.1813e-02, -1.3497e-02, -5.2625e-03,  5.4652e-03,  1.0996e-01,
        -1.9490e-02, -2.2054e-02, -7.6462e-03,  3.1451e-02, -1.7585e-02,
         1.8461e-02, -9.7414e-02, -3.1692e-02, -9.8047e-02, -1.2141e-02,
        -9.4718e-03, -3.1688e-02, -2.8221e-02,  3.0763e-02, -2.8564e-02,
         9.1090e-02, -2.9944e-02,  2.6875e-02, -1.3722e-02, -3.4010e-03,
        -8.8775e-02, -3.5158e-04, -4.8070e-02,  1.9856e-02, -8.2363e-02,
         7.0109e-02, -9.1415e-02, -1.4531e-02,  1.3178e-02,  3.3279e-04,
        -1.0381e-01,  4.2049e-02, -5.4627e-02,  8.4981e-03, -7.4712e-02,
         5.7172e-02, -6.4177e-02,  1.9877e-02, -7.7639e-02, -2.9093e-02,
        -1.2360e-02, -2.9248e-02, -1.9787e-02,  1.0972e-01,  1.1572e-02,
         9.7449e-02, -5.3077e-02,  1.2995e-02,  1.7751e-02,  8.3571e-02,
        -1.2711e-02,  2.9338e-03,  1.1727e-02,  5.6134e-02,  8.2121e-02,
         2.2283e-02,  2.8602e-02,  4.5060e-02, -1.5750e-02, -6.7497e-08,
        -5.9569e-02,  3.9846e-02, -2.7669e-02,  5.4405e-02,  1.2748e-02,
        -7.5483e-02,  4.6856e-02,  1.1105e-01, -1.7675e-02,  1.1500e-02,
        -5.0802e-02, -2.8612e-03, -4.6944e-02, -2.4242e-03, -4.1094e-02,
         9.8489e-03, -9.8699e-03,  2.2187e-02, -2.1475e-02,  7.5376e-02,
         1.1879e-02, -3.9787e-02,  7.2548e-02, -2.1556e-02, -3.4946e-02,
        -1.2150e-02, -5.9658e-02, -7.1490e-02,  5.6133e-02,  3.2641e-02,
        -4.4558e-02, -1.2926e-02, -5.0616e-02, -2.2955e-02, -1.2132e-01,
        -8.2111e-04,  7.8261e-02, -3.6752e-02, -1.3582e-02,  2.9935e-02,
         1.4196e-02,  2.0285e-02, -2.6027e-02,  3.1339e-02,  2.1344e-02,
         4.3438e-02,  6.0568e-02, -2.0497e-02, -7.9547e-03,  6.8127e-02,
         4.4387e-02, -2.9532e-02, -1.0846e-02,  3.7386e-02,  3.4657e-02,
         4.5695e-02, -1.6085e-02,  1.1791e-01,  4.0597e-02,  4.2815e-02,
        -2.3071e-02, -6.8417e-02,  4.2226e-02,  4.9946e-02], device='mps:0')"
Pulp Fiction,Critical response,"On the review aggregator website Rotten Tomatoes, 92% of 185 critics' reviews are positive, with an average rating of 9.3/10. The website's consensus reads: ""Injecting its compendium of crime tales with the patois of everyday conversation, Pulp Fiction is a cinematic shot of adrenaline that cements writer-director Quentin Tarantino as an audacious purveyor of killer kino."" On Metacritic, the film has a weighted average score of 95 out of 100, based on 25 critics, indicating ""universal acclaim"". Audiences polled by CinemaScore gave the film an average grade of ""B+"" on an A+ to F scale.
The response of major American film reviewers was widely favorable. Roger Ebert called it ""a comedy about blood, guts, violence, strange sex, drugs, fixed fights, dead body disposal, leather freaks and a wristwatch that makes a dark journey down through the generations... The screenplay by Tarantino and Roger Avary so well-written in a scruffy, fanzine way that you want to rub noses in it – the noses of those zombie writers who take 'screenwriting' classes that teach them the formulas for 'hit films'"". Richard Corliss of Time wrote: ""It towers over the year's other movies as majestically and menacingly as a gang lord at a preschool. It dares Hollywood films to be this smart about going this far. If good directors accept Tarantino's implicit challenge, the movie theater could again be a great place to live in."" In Newsweek, David Ansen wrote: ""The miracle of Quentin Tarantino's Pulp Fiction is how, being composed of secondhand, debased parts, it succeeds in gleaming like something new."" ""You get intoxicated by it,"" wrote Entertainment Weekly's Owen Gleiberman, ""high on the rediscovery of how pleasurable a movie can be. I'm not sure I've ever encountered a filmmaker who combined discipline and control with sheer wild-ass joy the way that Tarantino does."" ""There's a special kick that comes from watching something this thrillingly alive"", wrote Peter Travers of Rolling Stone. ""Pulp Fiction is indisputably great.""
The Los Angeles Times was one of the few major news outlets to publish a negative review on the film's opening weekend. Kenneth Turan wrote: ""The writer-director appears to be straining for his effects. Some sequences, especially one involving bondage harnesses and homosexual rape, have the uncomfortable feeling of creative desperation, of someone who's afraid of losing his reputation scrambling for any way to offend sensibilities."" Some who reviewed it in the following weeks took more exception to the predominant critical reaction than to Pulp Fiction itself. While not panning the film, Stanley Kauffmann of The New Republic felt that ""the way that [it] has been so widely ravened up and drooled over verges on the disgusting. Pulp Fiction nourishes, abets, cultural slumming."" Responding to comparisons between Tarantino's film and the work of French New Wave director Jean-Luc Godard, especially his first, most famous feature, Jonathan Rosenbaum of the Chicago Reader wrote: ""The fact that Pulp Fiction is garnering more extravagant raves than Breathless ever did tells you plenty about which kind of cultural references are regarded as more fruitful – namely, the ones we already have and don't wish to expand."" Observing in the National Review that ""[n]o film arrives with more advance hype"", John Simon was unswayed: ""titillation cures neither hollowness nor shallowness"".
Debate about the film spread beyond the review pages, with its violence often being the theme. In The Washington Post, Donna Britt described how she was happy not to see Pulp Fiction on a recent weekend and thus avoid ""discussing the rousing scene in which a gunshot sprays somebody's brains around a car interior"". Some commentators took exception to the film's frequent use of the word ""nigger"" (mentioned 18 times). In the Chicago Tribune, Todd Boyd argued that the word's recurrence ""has the ability to signify the ultimate level of hipness for white males who have historically used their perception of black masculinity as the embodiment of cool"". In Britain, James Wood, writing in The Guardian, set the tone for much subsequent criticism: ""Tarantino represents the final triumph of postmodernism, which is to empty the artwork of all content, thus avoiding its capacity to do anything except helplessly represent our agonies ... Only in this age could a writer as talented as Tarantino produce artworks so vacuous, so entirely stripped of any politics, metaphysics, or moral interest.""","tensor([-4.2124e-03, -7.5261e-02, -8.9110e-02,  6.2783e-02, -3.5545e-02,
         6.5978e-02,  5.6284e-03,  7.4814e-02,  5.1773e-02,  3.7565e-02,
         1.5878e-02,  8.4345e-03,  3.4595e-02,  1.5806e-02, -5.0343e-02,
         1.9690e-02,  1.8285e-01,  3.1138e-03, -3.1887e-02,  4.4867e-02,
         2.8408e-02,  2.5157e-02,  1.0097e-01, -3.6014e-02,  3.6731e-02,
        -1.1385e-01, -5.0539e-02,  1.5599e-02, -9.5164e-02,  3.4187e-02,
        -4.0149e-02,  7.4104e-02,  2.3889e-02, -8.1354e-02, -2.6384e-02,
        -4.8533e-02,  8.6001e-02, -1.7502e-02, -1.3872e-02, -3.0185e-02,
         2.7798e-03,  1.6720e-02,  7.1052e-02,  3.4800e-02,  6.3531e-02,
        -1.0728e-01, -9.1257e-02, -2.4728e-02,  3.7641e-02, -2.6839e-02,
        -7.8247e-02,  1.1076e-02,  3.4569e-02, -3.8745e-02, -8.4500e-02,
        -3.2300e-02,  2.5440e-02,  2.7999e-02,  2.0782e-02, -4.5138e-02,
         2.6161e-02, -5.3148e-02,  4.2082e-02, -1.3646e-02,  1.3380e-01,
        -5.4477e-02,  1.4821e-02,  2.6503e-02, -4.7404e-02,  7.7200e-02,
        -7.4493e-02, -4.8879e-02,  7.3468e-02, -1.7915e-02, -1.6685e-02,
         5.6499e-02, -1.1866e-01,  3.3032e-02, -1.0307e-02, -3.8506e-02,
         1.0627e-01, -6.1470e-02, -6.3169e-03,  2.2194e-02, -5.7962e-03,
        -1.8492e-02,  9.9931e-02,  4.9105e-02, -6.7369e-02,  1.2903e-01,
        -2.8230e-02, -1.0217e-02, -6.4074e-03, -6.6794e-02,  7.5557e-03,
        -1.8966e-02, -8.3938e-02,  1.8237e-02,  2.0403e-02, -4.0869e-02,
         1.6861e-02,  2.4881e-02, -6.7085e-02, -7.2439e-02,  9.6273e-02,
         2.6672e-02,  4.5244e-04,  7.0910e-03,  3.6913e-02, -1.5619e-03,
        -6.1139e-02,  9.3774e-02,  6.7736e-04, -1.7812e-02,  1.1391e-01,
         3.6129e-02,  6.8460e-02,  2.0901e-02,  3.8431e-02,  7.0279e-02,
         6.2317e-02,  2.6880e-02, -7.0539e-02, -2.2657e-02,  5.7134e-03,
        -4.6247e-02, -3.9546e-03,  8.0809e-34,  3.0893e-02,  3.7877e-02,
         4.8648e-03, -1.3820e-02, -6.1452e-03, -4.7025e-04, -9.1672e-02,
         1.2663e-02, -4.3719e-02,  2.1025e-02, -8.1412e-02, -6.5473e-02,
        -4.0999e-03,  9.1305e-02,  3.3519e-02,  1.3326e-02, -4.4274e-02,
        -4.0291e-02,  2.6449e-02, -4.1698e-02, -2.6572e-02,  3.2243e-04,
        -1.0564e-02, -2.4209e-02, -6.9958e-02,  4.4033e-04, -7.4059e-02,
         1.4464e-03, -4.9236e-02, -2.2835e-02, -5.6335e-02,  2.2548e-02,
         5.8903e-02, -8.6548e-02,  3.5777e-04, -5.4286e-02, -6.2873e-02,
         4.7905e-02,  3.0436e-02,  1.0892e-02, -1.5461e-02,  8.0982e-02,
        -1.0027e-01,  4.6331e-03, -1.9007e-02,  8.0919e-02,  1.0685e-03,
        -2.5887e-02, -7.6812e-02,  8.3026e-02,  1.2420e-02, -2.9169e-02,
         3.8983e-02,  8.5633e-02, -9.9832e-02,  9.5550e-02,  2.3838e-02,
        -8.2889e-02, -1.5761e-02, -4.5530e-02,  5.7984e-02,  9.8146e-02,
        -4.6756e-02, -7.3674e-02, -1.2322e-01,  1.1628e-01,  3.8741e-02,
         6.7491e-02, -4.8565e-03,  4.8103e-02, -5.6453e-02,  3.7616e-02,
        -7.5757e-02, -1.5508e-02, -5.0386e-03,  7.8390e-03,  1.8834e-02,
        -6.4635e-02, -1.4598e-02, -2.3640e-02, -9.7432e-03,  7.0213e-03,
         1.7051e-02, -9.8999e-02, -2.0554e-02,  2.6439e-02, -5.9277e-02,
        -2.4183e-02,  3.7714e-02, -6.3590e-03,  4.3965e-02, -9.4877e-02,
         1.5734e-02,  3.2433e-02, -2.7719e-03, -2.8279e-33, -3.5423e-02,
        -3.4348e-02, -5.8935e-02,  3.6241e-02, -9.5166e-02,  1.0861e-02,
        -1.3635e-01, -3.4623e-02,  8.8182e-02, -3.0127e-02, -2.4270e-02,
        -3.2430e-02,  1.4285e-02,  4.5700e-02,  7.8425e-02, -2.0060e-02,
        -6.6812e-02, -5.6579e-02, -3.2020e-02,  1.4362e-02,  5.9571e-02,
         2.3506e-02,  1.7788e-02,  2.7953e-02,  4.8276e-02,  1.4363e-02,
        -3.5964e-02, -1.1704e-02,  1.9187e-02, -2.1775e-02,  1.0820e-01,
        -4.0147e-03, -1.0493e-02,  2.7070e-02,  2.0559e-03, -1.2403e-02,
         7.7442e-03, -5.5929e-02, -4.7711e-03,  4.9141e-02,  1.7882e-02,
         1.7334e-02, -9.0207e-02, -5.6252e-02, -6.2730e-02,  2.1193e-02,
         4.6833e-03, -1.5227e-02, -5.2579e-03,  4.2881e-02, -4.6293e-02,
         6.7925e-02, -2.3236e-02,  9.6422e-02, -5.5189e-02, -4.3811e-02,
        -6.0644e-02, -5.0134e-02, -3.9041e-02,  6.7486e-02, -2.0590e-02,
         7.3668e-02, -7.7421e-02,  2.3645e-02,  1.9309e-02,  2.8490e-02,
        -3.0036e-02, -1.5146e-03, -8.4991e-02,  2.0319e-03, -2.1916e-02,
         1.7112e-02, -1.4859e-02,  2.2462e-02, -3.9525e-02, -8.6530e-03,
         7.7625e-04, -2.2596e-02, -3.9980e-02,  6.8475e-02,  1.3922e-02,
         1.5808e-02,  3.0097e-02,  7.7005e-04, -1.7206e-02,  4.8967e-03,
        -1.6316e-02,  6.2571e-02, -1.7406e-03,  1.0022e-01,  5.7114e-02,
        -2.7461e-02, -1.1806e-02, -2.1604e-02, -4.9512e-03, -5.3437e-08,
        -3.4752e-02, -2.5475e-02,  1.9887e-02,  6.3407e-02, -1.7242e-02,
         2.5368e-02, -4.9081e-02,  7.9891e-02, -6.4695e-03,  4.7666e-02,
         4.2780e-02, -9.5150e-03, -1.1809e-01, -2.6726e-02, -6.3204e-02,
         3.5767e-03,  2.9120e-02,  7.6530e-02,  2.4457e-02,  1.4605e-02,
         1.0955e-02, -2.4835e-02,  2.9307e-02, -4.9086e-02,  7.7195e-03,
         6.9669e-04, -1.5861e-02, -1.2588e-01, -1.7484e-03,  2.4618e-02,
         4.0639e-02,  1.0352e-02, -6.5185e-02, -2.3265e-03, -7.2540e-02,
         3.6868e-02,  6.9255e-02, -2.7449e-03,  1.0640e-02,  4.8755e-02,
         1.2764e-02, -1.8205e-02, -3.3944e-02, -1.3616e-02,  4.5316e-02,
         3.7054e-03,  3.4461e-02, -7.1005e-02,  2.8635e-02,  2.5790e-02,
         8.1374e-02,  4.9607e-03,  5.9402e-03,  5.9753e-02,  4.2154e-02,
        -3.8651e-02, -5.9485e-02,  6.7634e-02, -3.0574e-02,  1.7331e-02,
         4.9541e-02, -8.7439e-02,  1.0282e-01,  1.4557e-02], device='mps:0')"
Pulp Fiction,Awards season,"Around the turn of the year, Pulp Fiction was named Best Picture by the National Society of Film Critics, National Board of Review, Los Angeles Film Critics Association, Boston Society of Film Critics, Society of Texas Film Critics, Southeastern Film Critics Association, and Kansas City Film Critics Circle. Tarantino was named Best Director by all seven of those organizations as well as by the New York Film Critics Circle and Chicago Film Critics Association. The screenplay won several prizes, with various awarding bodies ascribing credit differently. At the 52nd Golden Globe Awards, Tarantino, named as sole recipient of the Best Screenplay honor, failed to mention Avary in his acceptance speech. In February 1995, the film received seven Oscar nominations – Best Picture, Director, Actor (Travolta), Supporting Actor (Jackson), Supporting Actress (Thurman), Original Screenplay, and Film Editing. Travolta, Jackson, and Thurman were each nominated as well for the 1st Screen Actors Guild Awards, presented on February 25, but none took home the honor. At the Academy Awards ceremony the following month, Tarantino and Avary were announced as joint winners of the Academy Award for Best Original Screenplay. The furor around the film was still going strong: much of the March issue of Artforum was devoted to its critical dissection. Pulp Fiction garnered four honors at the Independent Spirit Awards, held at the end of the month – Best Feature, Best Director, Male Lead (Jackson), and Best Screenplay (Tarantino). At the British Academy Film Awards (BAFTA), Tarantino and Avary shared the BAFTA Award for Best Original Screenplay, and Jackson won for Best Supporting Actor. The film was nominated for the Grand Prix of the Belgian Film Critics Association.
The February 2020 issue of New York Magazine listed Pulp Fiction alongside Citizen Kane, Sunset Boulevard, Dr. Strangelove, Butch Cassidy and the Sundance Kid, The Conversation, Nashville, Taxi Driver, The Elephant Man, In the Bedroom, There Will Be Blood, and Roma as ""The Best Movies That Lost Best Picture at the Oscars"".","tensor([-7.6796e-02, -6.9931e-02, -7.2840e-03,  1.9622e-02,  5.2992e-03,
         5.0891e-02,  6.5128e-03,  5.7898e-02,  3.5114e-02, -2.5369e-02,
        -6.0999e-03,  2.2518e-02, -6.1513e-02,  3.8479e-02, -5.8177e-02,
         6.0156e-02,  8.1948e-02,  6.3010e-03,  2.9958e-02, -3.8223e-02,
         2.9880e-02,  5.4366e-03, -5.4494e-02, -5.0358e-02, -3.4373e-02,
        -3.7565e-02, -5.3009e-02, -1.0400e-02, -1.1088e-01,  2.5627e-02,
        -8.1051e-02,  6.2549e-03, -3.1015e-02,  1.4888e-02, -1.1608e-01,
         5.5465e-02, -1.8190e-02,  2.6265e-02, -1.9232e-02, -6.5638e-02,
        -1.1092e-02,  2.5837e-02,  4.9128e-02,  4.5886e-02,  8.4316e-02,
        -1.3932e-01, -5.0453e-02, -2.5720e-02, -2.4977e-03,  7.4483e-02,
        -5.2789e-02, -4.2366e-02,  1.3914e-02, -1.6647e-02, -8.3471e-02,
         1.2472e-02,  4.1302e-02,  3.7125e-03,  4.4112e-02, -1.5809e-02,
        -3.1722e-02, -7.4078e-02, -6.2469e-03, -5.4795e-02,  8.3645e-03,
        -5.8767e-02,  4.5597e-02, -9.2013e-03, -7.1317e-02,  3.5490e-02,
         3.7159e-05,  4.3851e-02, -4.9251e-03, -6.0954e-02,  7.0656e-02,
         7.3343e-03, -8.4912e-02,  7.2497e-02,  1.7784e-02, -4.1197e-02,
         7.1523e-02, -5.0400e-02,  1.0459e-03, -1.4041e-02, -1.6431e-02,
         2.3366e-03,  3.7605e-02,  1.0722e-01, -2.3297e-02,  6.7306e-02,
        -4.5748e-04,  3.4666e-03, -1.7389e-02, -6.5157e-02,  4.5116e-02,
        -7.3165e-02, -6.4696e-02, -4.0710e-02,  8.5167e-02, -3.8458e-02,
         1.5671e-03, -1.7486e-02, -2.7735e-02, -7.1173e-02,  9.8346e-02,
         2.7619e-02,  8.9259e-02, -1.0285e-01, -3.2716e-02, -8.3137e-03,
        -6.2633e-02,  8.2017e-02,  5.6132e-02,  1.9795e-02,  7.3929e-02,
         3.7218e-02,  2.9805e-02,  2.6291e-02,  4.6579e-02, -5.7337e-02,
         1.0472e-02,  8.0426e-02,  7.2595e-03, -2.8902e-02, -5.3072e-02,
        -2.2433e-02,  4.0263e-02,  1.3794e-33,  3.5378e-02, -3.8685e-03,
         4.4294e-02, -3.0261e-02, -7.2247e-02, -1.0230e-03,  9.1650e-03,
         3.6026e-02, -8.8830e-02, -6.1129e-02,  1.6998e-03, -9.2896e-02,
        -7.2006e-03, -3.5641e-02,  3.9232e-02,  5.3570e-02,  7.1498e-03,
        -1.8219e-02,  3.5337e-02, -2.6413e-02, -7.0394e-02,  1.6714e-02,
        -3.1674e-02,  1.8391e-02, -7.3558e-02, -4.9027e-02, -4.5806e-02,
        -3.5888e-02, -5.8072e-02, -3.3399e-03, -7.3068e-03,  2.1397e-02,
         8.1987e-02, -2.4040e-02,  6.1470e-02, -3.3544e-02, -2.2242e-02,
         3.2123e-03,  7.0793e-02,  2.7484e-02, -5.0558e-02,  7.0568e-02,
        -8.4151e-02, -2.4008e-02, -1.7102e-02,  1.2365e-01, -6.4811e-02,
         4.5458e-02, -7.9491e-03,  1.0679e-01, -2.2093e-02,  1.1593e-02,
         3.2436e-02,  7.3775e-03, -9.1192e-02,  9.2692e-02,  6.5641e-02,
        -4.8950e-02, -1.8652e-02, -6.3480e-02, -8.2066e-03,  1.1675e-01,
        -2.5566e-02, -9.9266e-03, -1.6598e-01,  3.2948e-02,  6.6584e-02,
         3.6096e-02, -2.2270e-02,  9.8501e-02, -6.0413e-02,  1.0329e-02,
        -8.3892e-02, -4.0487e-02,  2.6259e-02,  4.2382e-02,  2.7116e-02,
        -4.2564e-04, -3.9103e-02, -7.2343e-03, -8.4716e-02,  6.6990e-02,
        -4.7295e-03, -1.4534e-01,  3.2716e-02,  2.5026e-02, -4.5974e-02,
         2.8569e-02, -5.8236e-03,  6.0517e-02,  5.7483e-02, -2.5374e-02,
         1.6689e-02,  6.5164e-02, -2.2271e-02, -4.3565e-33,  1.5187e-02,
        -5.3440e-03,  1.2564e-02,  4.0097e-02, -5.3795e-02,  2.7343e-02,
        -9.2533e-02,  1.5936e-02,  9.9277e-02,  1.5122e-02,  1.5947e-02,
        -2.1255e-02, -3.4059e-03, -5.1784e-02,  6.3225e-02,  5.0511e-02,
        -4.4360e-02, -5.9263e-04, -3.9787e-02,  4.3407e-02,  9.9229e-02,
         4.4614e-02, -1.1909e-02,  4.7253e-02,  6.0568e-03, -3.8408e-03,
        -6.3155e-03,  3.2578e-02, -1.1035e-02, -7.8434e-02,  1.6341e-02,
        -6.2989e-02, -1.4192e-03,  2.5500e-02,  7.0748e-02,  1.1142e-02,
         3.7241e-03, -1.3650e-01, -6.7539e-04,  8.8786e-02,  4.8552e-02,
        -2.1031e-02, -7.2338e-02,  5.5048e-02, -8.9735e-02, -4.0795e-02,
        -8.1842e-02, -1.2688e-02, -2.4354e-02,  3.8122e-03, -1.2783e-01,
         1.7164e-02,  6.8086e-03,  5.0356e-02,  1.8381e-02,  6.3561e-02,
        -2.7873e-04,  5.2039e-02,  5.7453e-02,  6.2723e-02, -7.8191e-02,
         1.0888e-02,  3.3007e-02, -1.1833e-01,  3.8085e-02, -2.8257e-02,
         8.9815e-03,  4.3338e-02, -3.7458e-02, -3.0650e-02,  3.5265e-03,
         5.6632e-02,  2.1837e-03,  3.8406e-02, -3.3012e-02,  7.6199e-02,
         4.5124e-02, -2.4456e-03, -2.5639e-02,  4.5375e-02, -3.1614e-02,
         9.9225e-02, -4.8791e-03,  9.7934e-03,  2.4312e-02,  5.8054e-02,
         5.8935e-02, -1.9902e-02,  2.7097e-02,  9.3550e-02,  7.4236e-02,
         4.9634e-03,  1.1472e-01, -3.8199e-02,  3.8594e-03, -5.2402e-08,
        -6.9248e-02,  8.4175e-03, -9.1480e-03,  1.9669e-02, -3.6079e-02,
        -4.6016e-02, -7.5548e-04,  9.7812e-02, -5.8019e-02,  2.4807e-02,
         6.7095e-02,  3.6596e-02, -4.6549e-02, -8.7239e-03, -4.8516e-02,
        -7.0427e-02, -6.3618e-02,  2.9761e-02,  2.4813e-02,  2.0235e-02,
        -4.2012e-03, -6.7019e-02, -4.4509e-03, -4.1261e-02, -3.8127e-02,
        -3.8205e-02, -1.3214e-02, -8.6466e-02, -2.5895e-02,  4.2490e-02,
        -8.0145e-03, -1.5217e-02, -4.5460e-02,  3.3009e-02, -6.0424e-02,
        -1.0327e-03,  1.9859e-02, -6.4767e-02,  2.7812e-02,  4.9215e-02,
         1.6775e-02,  2.3734e-02, -5.0405e-02, -1.3840e-02,  2.6424e-02,
         6.3641e-02,  8.1911e-02, -5.0484e-02,  6.5567e-03, -9.0594e-03,
        -4.1017e-02, -6.8563e-02, -2.4414e-02,  5.9722e-02,  2.2251e-02,
        -5.7165e-03,  1.5143e-03,  2.3530e-02,  3.6016e-02, -2.1003e-02,
        -6.8202e-02, -3.5258e-02,  7.1067e-02,  1.2232e-01], device='mps:0')"
Pulp Fiction,Legacy and influence,"Pulp Fiction quickly came to be regarded as one of the most significant films of its era. In 1995, in a special edition of Siskel & Ebert devoted to Tarantino, Gene Siskel argued that the work posed a major challenge to the ""ossification of American movies with their brutal formulas"". In Siskel's view,

the violent intensity of Pulp Fiction calls to mind other violent watershed films that were considered classics in their time and still are. Hitchcock's Psycho [1960], Arthur Penn's Bonnie and Clyde [1967], and Stanley Kubrick's A Clockwork Orange [1971]. Each film shook up a tired, bloated movie industry and used a world of lively lowlifes to reflect how dull other movies had become. And that, I predict, will be the ultimate honor for Pulp Fiction. Like all great films, it criticizes other movies.

Ken Dancyger writes that its ""imitative and innovative style"" – like that of its predecessor, Reservoir Dogs – represents

a new phenomenon, the movie whose style is created from the context of movie life rather than real life. The consequence is twofold – the presumption of deep knowledge on the part of the audience of those forms such as the gangster films or Westerns, horror films or adventure films. And that the parody or alteration of that film creates a new form, a different experience for the audience.

In a widely covered speech on May 31, 1995, Bob Dole, Senate Majority Leader and Republican presidential candidate for the then-upcoming 1996 presidential election (as well as the party's vice presidential nominee in the 1976 presidential election), attacked the American entertainment industry for peddling ""nightmares of depravity"". Pulp Fiction was soon associated with his charges concerning gratuitous violence. Dole had not mentioned the film, instead citing two less-celebrated movies based on Tarantino screenplays, Oliver Stone's Natural Born Killers and Tony Scott's True Romance. In September 1996, Dole did accuse Pulp Fiction – which he had not seen at the time – of promoting ""the romance of heroin"".
Paula Rabinowitz expresses the general film industry opinion that Pulp Fiction ""simultaneously resurrected John Travolta and film noir"". In Peter Biskind's description, it created a ""guys-with-guns frenzy"". The film has also been labeled as a black comedy and a ""neo-noir"". Critic Geoffrey O'Brien, however, argued against the classification of Pulp Fiction into the neo-noir genre: ""The old-time noir passions, the brooding melancholy and operatic death scenes, would be altogether out of place in the crisp and brightly lit wonderland that Tarantino conjures up. [It is] neither neo-noir nor a parody of noir."" Similarly, Nicholas Christopher calls it ""more gangland camp than neo-noir"", and Foster Hirsch suggests that its ""trippy fantasy landscape"" characterizes it more definitively than any genre label. Regardless, the stylistic influence of Pulp Fiction soon became apparent. Less than a year after the picture's release, British critic Jon Ronson attended the National Film School's end-of-semester screenings and assessed the impact: ""Out of the five student movies I watched, four incorporated violent shoot-outs over a soundtrack of iconoclastic 70s pop hits, two climaxed with all the main characters shooting each other at once, and one had two hitmen discussing the idiosyncrasies of The Brady Bunch before offing their victim. Not since Citizen Kane has one man appeared from relative obscurity to redefine the art of moviemaking."" Among the first Hollywood films cited as its imitators were Destiny Turns on the Radio (1995), in which Tarantino acted, Things to Do in Denver When You're Dead (1995), and 2 Days in the Valley (1996). It ""triggered a myriad of clones"", writes Fiona Villella. Internationally, according to David Desser, it ""not only influenced a British brand of noir, but extended the noir vision virtually around the world"". Pulp Fiction's effect on film form was still reverberating in 2007, when David Denby of The New Yorker credited it with initiating the ongoing cycle of disordered cinematic narratives.
According to Variety, the trajectory of Pulp Fiction from Cannes launch to commercial smash ""forever altered the game"" of so-called independent cinema. It ""cemented Miramax's place as the reigning indie superpower"", writes Biskind. ""Pulp became the Star Wars of independents, exploding expectations for what an indie film could do at the box office."" The film's large financial return on its small budget

transform[ed] the industry's attitude toward the lowly indies ... spawning a flock of me-too classics divisions ... [S]mart studio executives suddenly woke up to the fact that grosses and market share, which got all the press, were not the same as profits ... Once the studios realized that they could exploit the economies of (small) scale, they more or less gave up buying or remaking the films themselves, and either bought the distributors, as Disney had Miramax, or started their own ... copy[ing] Miramax's marketing and distribution strategies.

In 2001, Variety, noting the increasing number of actors switching back and forth between expensive studio films and low-budget independent or indie-style projects, suggested that the ""watershed moment for movie stars"" came with the decision by Willis – one of Hollywood's highest-paid performers – to appear in Pulp Fiction. In 2024, on the film's 30th anniversary, the magazine wrote that the film ""revived the career of John Travolta, minted a star in Samuel L. Jackson and spawned a still-thriving cottage industry of knockoffs and imitation films.""
It has been described as a ""major cultural event"", an ""international phenomenon"" that influenced television, music, literature, and advertising. Not long after its release, it was identified as a significant focus of attention within the growing community of Internet users. Adding Pulp Fiction to his roster of The Great Movies in 2001, Roger Ebert called it ""the most influential film of the decade"". Four years later, Time's Corliss wrote much the same: ""(unquestionably) the most influential American movie of the 90s"".
Several scenes and images from the film achieved iconic status; in 2008, Entertainment Weekly declared, ""You'd be hard-pressed, by now, to name a moment from Quentin Tarantino's film that isn't iconic."" Jules and Vincent's ""Royale with Cheese"" dialogue became famous. It was referenced more than a decade and a half later in the Travolta vehicle From Paris with Love. The adrenalin shot to Mia Wallace's heart is on Premiere's list of ""100 Greatest Movie Moments"". The scene of Travolta and Thurman's characters dancing has been frequently homaged, most unambiguously in the 2005 film Be Cool, starring the same two actors. The image of Travolta and Jackson's characters standing side by side in suit and tie, pointing their guns, has also become widely familiar. In 2007, BBC News reported that ""London transport workers have painted over an iconic mural by 'guerrilla artist' Banksy ... The image depicted a scene from Quentin Tarantino's Pulp Fiction, with Samuel L. Jackson and John Travolta clutching bananas instead of guns."" Certain lines were adopted popularly as catchphrases, in particular Marsellus's threat, ""I'm 'a get medieval on your ass."" Jules's ""Ezekiel"" recitation was voted the fourth greatest movie speech of all time in a 2004 poll. One of the more notable homages to Jules's ""Biblical"" quote was one Jackson himself played a part in, near the end of 2014's Captain America: The Winter Soldier, Jackson's character Col. Nick Fury, presumed dead, visits his own gravestone, on which, below Fury's name is inscribed ""The path of the righteous man ..."" Ezekiel 25:17. In 2019, it was reported that Dominic Cummings, special political adviser to British Prime Minister Boris Johnson, quoted Jules by telling Conservative MPs to ""be cool like Fonzies"" as political pressure built to request an extension to the date of the UK's withdrawal from the European Union.
Pulp Fiction now appears in several critical assessments of all-time great films. In 2008, Entertainment Weekly named it the best film of the past quarter-century. That same year, the American Film Institute's ""Ten Top Ten"" poll ranked it number 7 all-time in the gangster film genre. In 2007, it was voted 94th overall on the AFI's 100 Years ... 100 Movies list. In 2005, it was named one of ""Time's All-Time 100 Movies"". As of September 2018, it is number 54 on Metacritic's list of all-time highest scores. The film ranks very highly in popular surveys. A 2008 Empire poll combining the opinions of readers, movie industry professionals, and critics named Pulp Fiction the ninth-best film of all time. In a 2006 readers' poll by the British magazine Total Film, it ranked as the number three film in history. It was voted as the fourth-greatest film of all time in a nationwide poll for Britain's Channel 4 in 2001. In 2015, Pulp Fiction ranked 28th on BBC's ""100 Greatest American Films"" list, voted on by film critics from around the world.
In April 2026, U S. Secretary of Defense Pete Hegseth led a prayer in which he used wording that closely match the famous “Ezekiel 25:17” speech form the movie, by Samuel L. Jackson.","tensor([-4.3797e-02, -5.4157e-02, -2.2025e-02,  2.5291e-02,  2.5762e-02,
         9.1048e-02, -2.7760e-02,  3.9797e-02,  1.2415e-01, -7.9189e-02,
        -4.6400e-02,  8.2317e-02,  3.2464e-02,  1.1117e-02, -3.8520e-02,
         9.0735e-03,  7.3963e-02,  4.8598e-02, -1.8009e-02,  1.2896e-02,
        -6.5863e-03, -8.8519e-02,  1.0907e-02, -2.1528e-02, -5.0977e-02,
         3.8005e-02,  2.4617e-02, -2.6336e-02, -9.8027e-02,  1.4094e-02,
        -5.8815e-03,  2.3157e-02, -1.0594e-02, -4.7266e-02,  8.8789e-02,
        -4.9810e-02,  1.1433e-01,  5.7886e-02, -2.7845e-02, -5.3359e-02,
        -6.7949e-02,  5.5488e-03,  1.6378e-02,  5.4549e-02,  5.5362e-02,
        -3.6183e-02, -6.5975e-02, -8.0488e-02, -1.5881e-02, -6.8001e-02,
        -1.1369e-01, -8.5414e-03,  4.6626e-02, -5.5323e-02,  2.8888e-02,
        -9.7861e-03,  2.7832e-02,  7.5037e-02,  3.8008e-02,  2.9016e-02,
        -1.9306e-02, -1.0564e-01, -8.5837e-03, -1.0551e-02,  1.0778e-01,
        -2.5530e-02,  3.9776e-03,  5.4185e-02, -4.0639e-02,  4.7352e-02,
        -3.8046e-02, -5.2255e-03, -1.4024e-02, -7.2884e-03, -2.2439e-02,
        -3.4471e-02, -1.0971e-01,  3.9557e-02, -1.9087e-02, -2.4652e-02,
         6.2023e-02, -4.8019e-02, -5.7670e-02, -2.5176e-02, -2.3819e-02,
         2.7522e-02, -8.6402e-03,  6.4916e-02, -5.7283e-02,  1.4301e-01,
        -5.3837e-02, -6.5093e-02,  3.2118e-03, -6.5849e-02,  7.8134e-02,
        -2.7805e-02, -7.7014e-02,  3.3329e-02,  6.1086e-02, -8.4996e-03,
         4.5639e-02, -2.4176e-02, -6.8464e-02, -5.4448e-02,  1.5795e-01,
        -5.1013e-02,  4.2553e-02, -1.8327e-02,  1.2446e-03,  4.6822e-03,
        -2.8037e-02, -2.1841e-03,  2.4729e-02,  4.2107e-02,  1.0401e-01,
        -2.5517e-05,  4.1648e-02,  1.1097e-02, -1.1994e-02,  6.8194e-02,
         8.5219e-02, -8.1953e-03, -1.0012e-01,  1.5812e-02, -4.9563e-02,
        -4.6658e-02, -5.7530e-03,  8.6758e-34,  2.3219e-02, -1.9988e-02,
        -5.6805e-03, -2.2379e-03,  2.9358e-02, -2.1063e-02, -4.3352e-02,
        -3.5198e-02,  2.4126e-02,  1.3152e-02, -4.0200e-02, -5.1908e-02,
        -9.0583e-02,  4.6475e-02,  2.6575e-02,  3.6556e-02, -7.5286e-02,
         2.8774e-02,  2.7876e-02, -4.5819e-02, -1.0926e-02,  4.9338e-02,
        -4.2189e-02, -6.2171e-03, -7.2543e-02, -6.9866e-02, -1.0547e-01,
        -5.1053e-02,  8.7226e-03,  4.2369e-03, -3.9818e-02,  2.3265e-02,
         5.1843e-03, -7.8776e-03,  1.8811e-02, -6.0903e-02, -2.0573e-02,
        -1.6050e-02,  4.1662e-02,  7.7904e-02, -2.9050e-02,  4.9464e-02,
        -1.0171e-01,  1.1986e-02, -2.5005e-02,  6.1045e-02,  3.9455e-02,
         4.5362e-02, -9.5493e-02,  5.2926e-02, -2.6108e-03,  1.1790e-02,
         6.1700e-02, -1.7513e-02, -7.1445e-02,  6.9586e-02,  2.4289e-02,
        -7.9133e-02,  3.5457e-02, -2.2763e-02,  3.3399e-02,  4.6271e-02,
        -2.9043e-03, -5.4758e-03, -2.1575e-02,  7.8244e-02, -4.6386e-03,
         1.0885e-01,  5.9765e-04,  1.0433e-01, -7.5293e-02, -1.5113e-02,
        -9.2164e-02, -3.2405e-02,  2.8916e-02, -1.2712e-02,  3.8892e-02,
         1.7714e-02, -8.5519e-02, -1.9110e-02, -2.8357e-02, -2.8314e-03,
        -2.6422e-02, -2.0058e-02, -2.5322e-02,  6.3385e-02, -4.1261e-03,
         1.3553e-02, -1.6155e-02, -2.4066e-03, -4.1509e-03, -1.3565e-01,
         3.2211e-02,  4.1468e-02, -5.1056e-02, -3.9014e-33,  5.3393e-02,
        -7.9306e-02, -2.9711e-02,  6.6423e-03,  2.1547e-02,  2.1423e-02,
        -1.6738e-01, -5.0844e-02,  2.0528e-02, -2.4447e-02, -2.3759e-02,
        -6.6035e-03,  5.0281e-03,  9.4218e-02, -4.5041e-03, -1.9689e-02,
        -7.0048e-02,  1.9402e-02, -3.7643e-02,  3.4673e-02, -5.6317e-02,
        -9.2360e-03, -7.5493e-03,  1.6075e-02,  3.7767e-02,  4.1264e-02,
        -7.8664e-02, -1.1114e-02,  1.1983e-02,  4.5438e-02,  1.3226e-02,
         1.3504e-02, -3.7409e-04, -1.9108e-02, -2.8799e-04,  7.5824e-02,
         8.2764e-02, -1.1519e-01, -3.5122e-02,  3.4109e-02,  3.9517e-02,
         1.6688e-02, -1.0013e-01, -5.6573e-02, -5.6128e-02,  2.8442e-02,
         8.2493e-03,  1.9553e-02, -3.6277e-02, -1.3271e-02, -2.2066e-02,
         9.3411e-02, -1.1007e-02,  4.7935e-02, -6.0139e-02, -7.5233e-02,
        -1.2666e-02, -6.7440e-03, -2.4470e-02,  7.0949e-02, -7.4591e-02,
        -1.5004e-02, -6.3189e-02, -4.2101e-02,  1.9121e-02, -1.4772e-02,
        -1.6874e-02,  6.8437e-02, -9.1695e-02, -4.5123e-02, -2.9003e-02,
         3.5351e-03, -2.9130e-02,  8.6765e-02, -2.1784e-02, -1.9585e-02,
        -3.2142e-02, -7.4343e-03, -7.0584e-02,  1.1022e-01, -6.0036e-02,
         1.2197e-02,  2.3726e-02,  4.9038e-02, -1.7836e-02,  7.7395e-02,
        -9.8777e-03,  1.7805e-02,  3.4914e-02, -8.9618e-03,  5.2112e-02,
        -3.9166e-02,  1.4558e-02,  1.0128e-01, -7.4156e-02, -6.4644e-08,
        -4.7861e-03, -1.4911e-02,  2.3565e-02,  4.0762e-02,  5.7744e-03,
        -4.0333e-02, -3.2033e-02,  8.9206e-02, -2.3754e-02,  5.9724e-02,
        -3.3365e-02, -7.9658e-03, -1.8579e-02, -2.1117e-02, -3.8981e-02,
         5.1035e-02,  3.8840e-02, -2.7832e-04,  2.7480e-02,  6.3735e-02,
         5.5095e-02, -3.5844e-02,  5.4666e-02, -1.3022e-02, -2.5969e-02,
         1.6605e-02, -3.1460e-02, -7.4295e-02,  3.8741e-02,  9.5563e-02,
        -3.3839e-03,  3.5626e-02, -5.1412e-02, -6.2436e-02, -6.8251e-02,
        -3.3901e-02,  8.5335e-02, -8.1621e-04, -3.9216e-02, -8.9540e-03,
        -3.8852e-03, -1.9675e-03, -1.0979e-01,  1.9511e-02,  6.7183e-02,
         1.2272e-02,  8.2483e-02, -3.6066e-02, -5.2301e-02,  5.9775e-02,
         5.4627e-02,  7.5599e-02,  4.8374e-02,  8.7170e-02,  4.6067e-02,
         1.1894e-02, -2.5180e-02,  4.7702e-02, -4.3222e-02, -5.7048e-02,
         5.7656e-02,  6.0487e-02,  1.3356e-01, -1.9055e-02], device='mps:0')"
Pulp Fiction,Critical analysis,"Tarantino has stated that he originally planned ""to do a Black Mask movie"", referring to the magazine largely responsible for popularizing hardboiled detective fiction. ""[I]t kind of went somewhere else"". Geoffrey O'Brien sees the result as connected ""rather powerfully to a parallel pulp tradition: the tales of terror and the uncanny practiced by such writers as Cornell Woolrich [and] Fredric Brown ... Both dealt heavily in the realm of improbable coincidences and cruel cosmic jokes, a realm that Pulp Fiction makes its own."" In particular, O'Brien finds a strong affinity between the intricate plot mechanics and twists of Brown's novels and the recursive, interweaving structure of Pulp Fiction. Philip French describes the film's narrative as a ""circular movement or Möbius strip of a kind Resnais and Robbe-Grillet would admire"". James Mottram regards crime novelist Elmore Leonard, whose influence Tarantino has acknowledged, as the film's primary literary antecedent. He suggests that Leonard's ""rich dialogue"" is reflected in Tarantino's ""popular-culture-strewn jive""; he also points to the acute, extremely dark sense of humor Leonard applies to the realm of violence as a source of inspiration.
Film scholar/historian Robert Kolker sees the ""flourishes, the apparent witty banality of the dialogue, the goofy fracturing of temporality [as] a patina over a pastiche. The pastiche ... is essentially of two films that Tarantino can't seem to get out of his mind: Mean Streets [1973; directed by Martin Scorsese, who loved Pulp Fiction and the way the film was told] and The Killing [1956; directed by Stanley Kubrick]."" He contrasts Pulp Fiction with postmodern Hollywood predecessors Hudson Hawk (1991; starring Willis) and Last Action Hero (1993; starring Arnold Schwarzenegger) that ""took the joke too far ... simply mocked or suggested that they were smarter than the audience"" and flopped. Todd McCarthy writes that the film's ""striking widescreen compositions often contain objects in extreme close-up as well as vivid contrasts, sometimes bringing to mind the visual strategies of Sergio Leone"", an acknowledged hero of Tarantino's. To Martin Rubin, the ""expansive, brightly colored widescreen visuals"" evoke comedy directors such as Frank Tashlin and Blake Edwards.
The movie's host of pop culture allusions, ranging from the famous image of Marilyn Monroe's skirt flying up over a subway grating to Jules addressing a soon-to-be victim as ""Flock of Seagulls"" because of his haircut, have led many critics to discuss it within the framework of postmodernism. Describing the film in 2005 as Tarantino's ""postmodern masterpiece ... to date"", David Walker writes that it ""is marked by its playful reverence for the 1950s ... and its constantly teasing and often deferential references to other films"". He characterizes its convoluted narrative technique as ""postmodern tricksiness"". Calling the film a ""terminally hip postmodern collage"", Foster Hirsch finds Pulp Fiction far from a masterpiece: ""authoritative, influential, and meaningless"". Set ""in a world that could exist only in the movies"", it is ""a succulent guilty pleasure, beautifully made junk food for cinéastes"". O'Brien, dismissing attempts to associate the movie with film noir, argues that ""Pulp Fiction is more a guided tour of an infernal theme park decorated with cultural detritus, Buddy Holly and Mamie Van Doren, fragments of blaxploitation and Roger Corman and Shogun Assassin, music out of a twenty-four-hour oldies station for which all the decades since the fifties exist simultaneously."" Catherine Constable takes the moment in which a needle filled with adrenalin is plunged into the comatose Mia's heart as exemplary. She proposes that it ""can be seen as effecting her resurrection from the dead, simultaneously recalling and undermining the Gothic convention of the vampire's stake. On this model, the referencing of previous aesthetic forms and styles moves beyond ... empty pastiche, sustaining an 'inventive and affirmative' mode of postmodernism.""
Mark T. Conard asks, ""[W]hat is the film about?"" and answers, ""American nihilism."" Hirsch suggests, ""If the film is actually about anything other than its own cleverness, it seems dedicated to the dubious thesis that hit men are part of the human family."" Richard Alleva argues that ""Pulp Fiction has about as much to do with actual criminality or violence as Cyrano de Bergerac with the realities of seventeenth-century France or The Prisoner of Zenda with Balkan politics."" He reads the movie as a form of romance whose allure is centered in the characters' nonnaturalistic discourse, ""wise-guy literate, media-smart, obscenely epigrammatic"". In Alan Stone's view, the ""absurd dialogue"", like that between Vincent and Jules in the scene where the former accidentally kills Marvin, ""unexpectedly transforms the meaning of the violence cliché ... Pulp Fiction unmasks the macho myth by making it laughable and deheroicizes the power trip glorified by standard Hollywood violence."" Stone reads the film as ""politically correct. There is no nudity and no violence directed against women ... [It] celebrates interracial friendship and cultural diversity; there are strong women and strong black men, and the director swims against the current of class stereotype.""
Where Stone sees a celebration, Kolker finds a vacuum: ""The postmodern insouciance, violence, homophobia, and racism of Pulp Fiction were perfectly acceptable because the film didn't pretend seriousness and therefore didn't mock it."" Calling it the ""acme of postmodern nineties filmmaking"", he explains, ""the postmodern is about surfaces; it is flattened spatiality in which event and character are in a steady state of reminding us that they are pop-cultural figures."" According to Kolker:

That's why Pulp Fiction was so popular. Not because all audiences got all or any of its references to Scorsese and Kubrick, but because the narrative and spatial structure of the film never threatened to go beyond themselves into signification. The film's cycle of racist and homophobic jokes might threaten to break out into a quite nasty view of the world, but this nastiness keeps being laughed off – by the mock intensity of the action, the prowling, confronting, perverse, confined, and airless nastiness of the world Tarantino creates.

Henry A. Giroux argues that Tarantino ""empties violence of any critical social consequences, offering viewers only the immediacy of shock, humor, and irony-without-insight as elements of mediation. None of these elements gets beyond the seduction of voyeuristic gazing ... [t]he facile consumption of shocking images and hallucinatory delight.""
Regarding the violence and nihilism in the film, Pamela Demory has suggested that Pulp Fiction should be seen in light of the short stories of Flannery O'Connor, which likewise feature ""religious elements, banality, and violence with grotesque humor."" Discussing ""the connection between violence and redemption,"" Demory concludes that while O'Connor's purpose is to convince readers ""of the powerful force of evil in the world and of our need for grace,"" Tarantino ""seeks to demonstrate that in spite of everything we have seen in the film – all the violence, degradation, death, crime, amoral behavior – grace is still possible; there might still be a God who doesn't judge us on merits.""","tensor([-2.0245e-02, -8.6365e-02, -1.0519e-02,  5.8840e-02, -1.3786e-02,
        -6.5250e-03,  1.4402e-02,  2.2867e-02,  6.0389e-02, -8.0877e-02,
        -5.2502e-02,  7.0104e-03,  7.8749e-03, -2.1841e-02, -2.7823e-02,
         1.8769e-02,  6.3527e-02,  1.2189e-02,  1.6575e-02,  1.0457e-02,
         3.0827e-02, -9.4336e-03,  3.8140e-02, -4.7757e-02, -3.2016e-02,
        -6.3520e-02,  2.3107e-02, -8.2384e-02, -9.0101e-02, -4.6195e-03,
        -2.8224e-02,  2.7351e-03, -1.2206e-02, -3.4205e-02,  3.2302e-02,
         2.6086e-02,  7.3620e-02,  9.6643e-02, -2.5025e-02, -2.3480e-02,
        -1.0842e-01,  2.0962e-02, -2.8407e-02,  9.5384e-02,  3.1253e-02,
        -1.0147e-01, -9.4897e-05, -3.8496e-03, -6.7091e-02, -3.1414e-02,
        -9.4039e-02, -6.7471e-03, -2.9694e-02, -7.4890e-03, -7.3032e-03,
        -2.9192e-03,  3.8956e-02,  6.2470e-02,  1.0043e-01, -4.8354e-02,
        -1.0121e-02, -6.6447e-02,  4.6647e-02, -9.3491e-03,  1.2650e-01,
         2.9804e-02,  3.7775e-02,  7.9861e-02, -7.3498e-02,  1.2260e-02,
         3.5439e-03, -2.9646e-02, -1.8864e-02,  7.8311e-03,  3.0942e-02,
        -1.8028e-02, -5.7396e-02,  1.3890e-02, -4.7864e-02, -1.1829e-02,
         9.0213e-02, -8.9063e-03,  4.6074e-06,  5.3007e-02, -4.9780e-02,
         2.6347e-02, -3.1375e-02, -4.3014e-02, -5.8160e-03,  4.1231e-02,
        -4.9711e-02, -6.2083e-02, -3.7234e-02, -6.7890e-02,  1.0669e-01,
        -5.0843e-02, -5.9602e-02,  2.3208e-02,  2.6030e-02,  8.9118e-03,
         2.2688e-02, -5.0108e-02, -1.8906e-02, -4.8918e-02,  7.8998e-02,
        -2.9108e-02,  4.1165e-02, -5.1663e-02,  1.6577e-02, -3.2318e-02,
        -1.7469e-02,  4.9894e-02, -2.3552e-02,  1.4369e-02,  1.3683e-01,
         2.3773e-02,  3.6033e-02,  7.8855e-03, -1.7411e-02,  9.6444e-02,
         5.8548e-02,  5.7382e-02, -1.2052e-01,  8.8516e-03, -7.7771e-02,
        -7.8658e-02,  2.4109e-02,  3.5447e-33,  9.7618e-02,  3.5273e-02,
        -6.4220e-02,  4.4726e-02,  9.5655e-02, -2.3200e-02, -5.0953e-02,
        -5.8305e-02, -7.7467e-02,  6.6634e-02, -2.0379e-03, -7.7626e-02,
        -6.9522e-02,  6.7647e-02, -1.6249e-02,  1.5134e-04, -5.8068e-02,
        -2.1315e-02,  7.1382e-02, -8.0482e-02, -2.6724e-02,  9.5826e-02,
        -8.0547e-03, -2.0789e-02, -4.7384e-02, -3.3212e-02, -7.9159e-03,
        -6.4904e-02, -1.2511e-02,  3.0280e-02, -1.0832e-01,  6.4212e-02,
         1.2502e-02, -6.5948e-02,  3.1292e-02, -6.9955e-03, -5.0970e-02,
        -4.2743e-02,  2.3252e-02,  6.9079e-02, -3.6224e-02,  4.6071e-02,
        -4.8032e-02, -5.2530e-02, -1.5528e-02,  8.2577e-02, -1.3980e-02,
         2.7424e-03, -8.3592e-02,  5.3388e-02,  6.4445e-02, -2.1511e-02,
         4.0195e-02, -5.0053e-02, -3.8010e-03,  4.2203e-02,  3.1067e-02,
        -7.8155e-02,  8.5560e-02,  2.8311e-03,  5.7179e-02,  4.8236e-02,
         2.7239e-02, -2.5284e-02, -9.6791e-03,  8.6567e-02, -5.4763e-02,
         1.4323e-02, -8.0071e-03,  1.9653e-02, -7.8852e-02,  2.9520e-02,
        -7.9069e-02, -2.5261e-02, -7.9126e-02,  2.1137e-02, -2.8602e-02,
         6.2798e-02, -3.2490e-02,  3.1078e-02, -5.5627e-02, -2.8904e-02,
        -3.1773e-02, -6.7012e-02, -6.3987e-02,  3.7482e-02,  1.4619e-02,
        -2.7431e-02, -1.4368e-02,  2.1738e-02,  6.3755e-02, -6.8895e-02,
        -3.2714e-02, -1.6238e-03, -1.5863e-02, -5.2156e-33, -2.7446e-03,
        -8.6578e-02, -9.3080e-03,  4.1922e-02, -1.1244e-01, -5.5502e-03,
        -9.5634e-02, -6.5529e-04,  6.3655e-02, -7.0249e-03, -7.6657e-02,
        -3.2124e-04,  7.6978e-03,  1.8232e-03,  8.4708e-02, -2.6110e-02,
         1.5866e-02, -7.3270e-03, -3.7962e-02,  7.6025e-02,  1.9313e-02,
        -5.2611e-02, -3.9310e-02, -4.7722e-02, -2.7951e-02,  8.6443e-02,
        -1.3881e-02,  3.0534e-02, -4.2261e-02,  1.7607e-02,  2.4762e-02,
         1.4738e-02, -2.8022e-02, -5.0753e-02, -5.6993e-03,  8.6613e-02,
         3.7394e-02, -4.7945e-02,  9.7183e-03, -5.5106e-02, -1.0826e-02,
         1.3578e-02, -5.7113e-02, -2.3965e-02, -6.7751e-02,  1.4629e-02,
         2.1183e-02,  1.0499e-02,  1.7026e-02, -7.1422e-03,  3.0344e-02,
         8.9695e-02,  1.6404e-02,  7.3815e-02, -7.3475e-02, -2.0294e-02,
        -6.6528e-02, -1.0811e-02, -2.0945e-02,  5.2625e-02, -1.0695e-01,
         4.8777e-02, -2.6094e-02, -4.1173e-03,  4.5459e-02, -7.2210e-02,
        -4.9080e-02, -6.5960e-02, -7.8083e-02, -2.9767e-02, -3.3877e-02,
        -6.3631e-02,  3.4565e-02,  4.0369e-02,  2.2097e-02,  3.9549e-03,
         5.3805e-02, -7.4810e-03, -8.4266e-02,  1.4144e-01, -2.3440e-02,
         4.1676e-02,  2.7668e-02,  8.1199e-02, -4.9317e-03,  5.2431e-02,
        -4.8832e-02,  6.0913e-02,  7.7866e-02,  2.4482e-02,  4.1064e-02,
        -3.2065e-02,  3.4898e-02,  3.3305e-02,  4.4716e-02, -6.8621e-08,
        -7.4348e-02, -4.7313e-02, -7.9401e-03,  6.9190e-02,  7.2948e-03,
        -3.6961e-03, -4.4042e-02,  3.4920e-02, -2.8809e-02,  4.6069e-02,
        -5.7112e-02,  6.7947e-02, -3.8215e-02, -4.1634e-02, -5.9858e-02,
         1.9904e-02,  4.3210e-02, -1.0209e-01,  1.0399e-02,  6.6022e-02,
         5.5736e-02, -1.8579e-02,  9.8996e-02, -6.9289e-03, -2.7543e-02,
         5.0663e-02, -5.3507e-02, -1.3702e-01, -3.6031e-03,  1.5517e-01,
        -1.6694e-03,  5.4888e-02, -5.1055e-02, -2.6658e-02, -5.8897e-02,
        -3.5647e-02,  4.6728e-02,  3.7212e-02,  2.2341e-02, -1.3136e-02,
         4.2647e-02, -1.8985e-02,  4.7203e-02,  1.3539e-02,  2.7604e-02,
         3.2252e-03,  3.7859e-03, -2.7586e-02, -3.2449e-03,  7.8156e-02,
         2.4213e-02, -2.7492e-02,  4.3576e-02,  1.2308e-01,  3.3265e-02,
        -9.5001e-02,  7.4963e-03,  8.6403e-02, -2.9287e-02,  1.4783e-02,
         3.5399e-02, -4.4183e-02,  7.1286e-02, -5.9373e-02], device='mps:0')"
Pulp Fiction,Cinema,"Pulp Fiction is full of homages to other movies. ""Tarantino's characters"", writes Gary Groth, ""inhabit a world where the entire landscape is composed of Hollywood product. Tarantino is a cinematic kleptomaniac – he literally can't help himself."" Two scenes in particular have prompted discussion of the film's highly intertextual style. Many have assumed that the dance sequence at Jack Rabbit Slim's was intended as a reference to Travolta's star-making performance as Tony Manero in the epochal Saturday Night Fever (1977); Tarantino, however, credits a scene in the Jean-Luc Godard film Bande à part (1964) with the inspiration. According to the filmmaker, he clarified that the dance scene was not written specifically to showcase John Travolta's dancing; the scene was written in the script before Travolta was cast. However, once Travolta joined the film, Tarantino embraced the opportunity to feature him dancing, citing Jean-Luc Godard's films as his favorite example of musical sequences, admiring how they appear unpredictably and bring a sense of warmth and spontaneity. Tarantino noted that the charm lies in the fact that these films are not musical, yet they pause the narrative to include a musical moment, which he found particularly endearing.
Jerome Charyn argues that, beyond ""all the better"", Travolta's presence is essential to the power of the scene, and of the film:

Travolta's entire career becomes ""backstory"", the myth of a movie star who has fallen out of favor, but still resides in our memory as the king of disco. We keep waiting for him to shed his paunch, put on a white polyester suit, and enter the 2001 Odyssey club in Bay Ridge, Brooklyn, where he will dance for us and never, never stop. Daniel Day-Lewis couldn't have woken such a powerful longing in us. He isn't part of America's own mad cosmology ... Tony Manero [is] an angel sitting on Vince's shoulder ... [Vince and Mia's] actual dance may be closer to the choreography of Anna Karina's shuffle with her two bumbling gangster boyfriends in Bande à part, but even that reference is lost to us, and we're with Tony again ...

Estella Tincknell notes that while the ""diner setting seems to be a simulacrum of a 'fifties' restaurant ... the twist contest is a musical sequence which evokes 'the sixties,' while Travolta's dance performance inevitably references 'the seventies' and his appearance in Saturday Night Fever. ... The 'past' thus becomes a more general 'pastness' in which the stylistic signifiers of various decades are loaded in to a single moment."" She also argues that in this passage the film ""briefly shifts from its habitually ironic discourse to one that references the conventions of the classic film musical and in doing so makes it possible for the film to inhabit an affective space that goes beyond stylistic allusion.""
The pivotal moment in which Marsellus crosses the street in front of Butch's car and notices him evokes the scene in which Marion Crane's boss sees her under similar circumstances in Psycho (1960). Marsellus and Butch are soon held captive by Maynard and Zed, ""two sadistic honkies straight out of Deliverance"" (1972), directed by John Boorman. Zed shares a name with Sean Connery's character in Boorman's follow-up, the science-fiction film Zardoz (1974). When Butch decides to rescue Marsellus, in Glyn White's words, ""he finds a trove of items with film-hero resonances"". Critics have identified these weapons with a range of possible allusions:

Hammer – The Toolbox Murders (1978)
Baseball bat – Walking Tall (1973); The Untouchables (1987)
Chainsaw – The Texas Chain Saw Massacre (1974); Evil Dead II (1987)
Katana (samurai sword) – many, including Seven Samurai (1954); The Yakuza (1975); and Shogun Assassin (1980)
At the conclusion of the scene, a portentous line of Marsellus's echoes one from the crime drama Charley Varrick (1973), directed by another of Tarantino's heroes, Don Siegel; the name of the character who speaks it there is Maynard.
David Bell argues that far from going against the ""current of class stereotype"", this scene, like Deliverance, ""mobilize[s] a certain construction of poor white country folk – and particularly their sexualization ... 'rustic sexual expression often takes the form of homosexual rape' in American movies."" Stephen Paul Miller believes the Pulp Fiction scene goes down much easier than the one it echoes: ""The buggery perpetrated is not at all as shocking as it was in Deliverance ... The nineties film reduces seventies competition, horror, and taboo into an entertainingly subtle adrenaline play – a fiction, a pulp fiction."" Giroux reads the rape scene homage similarly: ""in the end Tarantino's use of parody is about repetition, transgression, and softening the face of violence by reducing it to the property of film history."" In Groth's view, the crucial difference is that ""in Deliverance the rape created the film's central moral dilemma whereas in Pulp Fiction it was merely 'the single weirdest day of [Butch's] life.'"" (""American Me did it too,"" Tarantino observed. ""There's like three butt-fucking scenes in American Me. That's definitely the one to beat in that particular category!"")
Neil Fulwood focuses on Butch's weapon selection, writing, ""Here, Tarantino's love of movies is at its most open and nonjudgemental, tipping a nod to the noble and the notorious, as well as sending up his own reputation as an enfant terrible of movie violence. Moreover, the scene makes a sly comment about the readiness of cinema to seize upon whatever is to hand for its moments of mayhem and murder."" White asserts that ""the katana he finally, and significantly, selects identifies him with ... honourable heroes."" Conard argues that the first three items symbolize a nihilism that Butch is rejecting. The traditional Japanese sword, in contrasts, represents a culture with a well-defined moral code and thus connects Butch with a more meaningful approach to life.
The biker film Nam's Angels is also shown with Fabienne characterizing it as ""A motorcycle movie, I'm not sure the name.""","tensor([ 8.7102e-03, -8.6077e-02,  3.6450e-02, -2.8974e-03, -4.6639e-02,
         2.0424e-02,  5.6064e-02,  1.4361e-04,  4.4558e-02, -8.1413e-02,
        -7.4354e-03, -3.9494e-03, -1.9034e-02,  2.7662e-02,  2.0652e-02,
        -7.0942e-02,  5.5512e-02,  4.4193e-02,  5.3844e-02,  5.0791e-02,
         4.3846e-02, -9.8594e-02, -2.1350e-02,  6.1591e-04, -1.4488e-02,
         1.3114e-02,  2.6174e-02,  2.0517e-02, -5.9924e-02,  3.9182e-02,
         3.4190e-03,  5.6794e-02, -2.2660e-02, -4.1364e-02,  2.3972e-02,
         2.1301e-02,  4.8879e-02, -4.5688e-05, -7.3900e-02,  2.2941e-02,
        -3.5088e-02, -3.1487e-02,  3.1799e-03,  5.6994e-02,  8.4389e-02,
        -1.3275e-01,  3.0497e-02, -7.8885e-02, -8.0284e-03,  5.6702e-02,
        -9.8374e-02, -1.1214e-02,  2.8777e-02, -1.3874e-02, -2.8227e-02,
         8.1519e-02,  7.2693e-02, -1.9676e-02,  4.3859e-02,  1.7965e-03,
        -4.5532e-02, -4.0994e-02,  4.2486e-02, -3.9073e-02,  6.7679e-02,
        -7.8540e-02, -3.8555e-03,  2.5305e-02, -5.0585e-02,  4.6358e-02,
        -6.3583e-02, -2.1543e-02, -3.3517e-02, -1.7816e-02, -1.1341e-01,
         7.9721e-02, -2.0906e-02, -1.3654e-02, -2.1620e-02, -6.9885e-02,
         1.1884e-01, -1.1414e-01, -2.5176e-02,  3.8587e-03, -7.4615e-03,
         4.3018e-02,  6.2562e-02, -2.1411e-02, -7.4589e-02,  5.2343e-02,
        -9.0437e-02,  6.1951e-03, -6.6588e-02, -7.8072e-02,  1.3734e-01,
        -5.1534e-02, -1.5739e-02, -3.1225e-02,  7.6878e-02,  4.8465e-02,
         2.3365e-02, -6.5442e-02, -1.0509e-02,  9.0394e-03,  8.2403e-02,
        -6.0040e-02,  1.5154e-02,  3.9091e-02,  4.0409e-02, -5.8100e-02,
        -8.1918e-02,  4.3019e-02,  7.6961e-02,  7.7995e-02,  1.3417e-01,
         8.1726e-03,  5.9713e-02,  2.7345e-03, -2.7373e-02,  1.0623e-01,
         7.0320e-02, -3.5281e-02, -2.3158e-02,  4.8392e-02, -4.2224e-02,
        -4.2228e-02,  4.7490e-02,  3.1342e-33,  1.1269e-01,  4.9345e-02,
         6.7624e-02, -7.8879e-02,  8.6841e-02, -1.2327e-02, -7.2422e-02,
        -3.8441e-04, -1.8480e-02,  1.9491e-02, -3.2396e-02, -1.2562e-01,
        -2.4513e-02,  7.7120e-02,  4.5673e-02,  3.7186e-02, -5.4018e-02,
         2.1089e-02,  1.1771e-01, -9.5481e-02, -8.7393e-02,  4.6039e-02,
        -8.7887e-02, -7.3845e-03, -9.0564e-03,  2.8622e-02, -3.2238e-02,
        -1.4149e-02, -1.1539e-03, -1.8843e-02, -7.9478e-02,  7.3277e-02,
         6.0514e-02, -7.1359e-03,  7.9512e-02, -6.7166e-02, -7.4897e-02,
        -6.7602e-02, -2.5807e-02,  5.1985e-02,  4.0307e-02, -6.2161e-03,
        -2.2510e-02, -4.7014e-02, -7.7338e-02,  2.8794e-02,  5.0449e-03,
         6.9955e-02, -1.3206e-02,  3.4636e-02,  7.2870e-02,  1.0866e-01,
         2.3573e-02, -8.3000e-02, -2.7304e-02,  1.8271e-02, -5.3935e-03,
        -5.4426e-02,  1.7027e-02,  4.0693e-03,  6.4468e-02,  1.9734e-02,
         4.7670e-02, -1.1788e-01, -9.8224e-02,  3.1330e-02, -2.1164e-02,
         2.1972e-02, -3.2308e-02,  3.8102e-02, -5.6937e-02, -5.5637e-03,
        -8.0029e-02, -4.2406e-02,  3.7369e-02, -6.3101e-02, -9.0456e-03,
         5.1435e-02, -6.5129e-02, -8.9028e-02, -3.8645e-02,  4.2809e-02,
         7.0104e-02, -1.0436e-01, -1.3376e-02, -2.7384e-03,  1.7644e-02,
         6.1213e-02, -2.7796e-02, -3.9643e-02,  2.4628e-02, -6.9390e-02,
        -9.9313e-03,  1.5741e-02, -3.8289e-02, -4.9880e-33, -3.8022e-02,
        -2.7066e-02, -4.2010e-03,  8.0518e-03,  1.9754e-02,  2.4102e-02,
        -1.0005e-01, -1.5407e-03,  5.4553e-02, -4.9126e-03,  2.4135e-02,
        -3.8074e-02, -2.2589e-02, -1.2650e-01, -2.1033e-02, -5.0347e-02,
        -5.9364e-02, -1.1393e-02, -2.3388e-03,  4.6364e-02,  1.0627e-02,
        -8.2444e-02,  7.1793e-02,  1.8849e-02, -3.2475e-04, -1.1614e-02,
         5.0075e-02,  5.2648e-02, -5.8445e-03, -2.7707e-03,  6.7153e-02,
         1.5386e-02, -5.2417e-02, -8.8813e-02, -1.2641e-02,  7.6629e-02,
        -5.5273e-02, -2.7712e-04,  4.9723e-03, -7.2636e-04, -2.2566e-02,
        -2.4377e-02,  4.0271e-02,  4.9059e-02, -3.0812e-02, -2.4430e-02,
        -2.1213e-02,  3.0336e-02, -5.1244e-02,  2.2690e-02, -2.8335e-02,
        -1.6323e-02, -3.5828e-02,  2.8180e-02, -1.6105e-02,  4.3118e-02,
        -9.0289e-03, -2.5311e-02, -7.6806e-02,  2.5819e-02, -1.1369e-02,
        -2.0969e-02, -1.1883e-02, -7.2028e-02,  5.0975e-02, -3.4981e-02,
        -6.5645e-02,  6.9070e-02, -4.7795e-02,  2.8944e-02,  8.9994e-03,
        -7.4652e-03, -3.2391e-02,  1.2209e-01,  1.8378e-02, -7.9992e-02,
         6.0453e-03,  1.5000e-02, -7.8949e-03, -4.7518e-03, -6.6669e-02,
         1.0325e-02, -3.1369e-02,  2.5486e-02, -8.5465e-02,  3.6954e-02,
        -4.1633e-03,  5.8647e-02, -3.6947e-03,  8.7532e-02,  6.7555e-02,
        -3.9523e-02,  2.6696e-02,  1.3345e-02, -6.8190e-02, -6.5501e-08,
         1.3840e-02, -2.1701e-02,  2.1625e-02,  3.7073e-02, -2.2819e-04,
         8.4940e-03, -7.1726e-03, -4.4280e-02,  4.5431e-02, -4.0861e-04,
         5.0948e-02,  2.8842e-02,  6.3168e-02, -6.6388e-03, -6.9046e-02,
         5.8650e-02, -2.5111e-02,  3.0696e-02,  5.4746e-03,  8.5677e-02,
        -1.2073e-02, -7.6246e-03,  1.7454e-02,  1.6461e-02,  1.0803e-01,
         2.3073e-03, -4.6788e-02,  4.4427e-02,  8.5437e-03,  6.0401e-02,
        -4.1197e-02, -2.6206e-02, -5.2716e-02, -6.2689e-02, -7.7108e-02,
         1.6513e-02,  9.5450e-02, -1.1577e-03, -9.1145e-04, -4.8912e-02,
         8.1424e-02,  2.3799e-02,  4.0761e-02,  6.9158e-03,  2.9626e-02,
        -1.2797e-02,  4.0747e-02, -6.5448e-02,  4.1724e-02,  9.4026e-02,
        -2.6881e-02,  2.9179e-02,  3.4143e-02,  5.2470e-02,  1.1081e-02,
        -4.2976e-02, -4.1552e-02,  9.0576e-02,  5.8116e-02,  6.9431e-03,
        -3.7432e-02, -1.9055e-02,  5.4589e-02, -2.0036e-02], device='mps:0')"
Pulp Fiction,Television,"Robert Miklitsch argues that ""Tarantino's telephilia"" may be more central to the guiding sensibility of Pulp Fiction than the filmmaker's love for rock 'n' roll and even cinema:

Talking about his generation, one that came of age in the '70s, Tarantino has commented that the ""number one thing we all shared wasn't music, that was a Sixties thing. Our culture was television."" A random list of the TV programs referenced in Pulp Fiction confirms his observation: Speed Racer, Clutch Cargo, The Brady Bunch, The Partridge Family, The Avengers, The Three Stooges, The Flintstones, I Spy, Green Acres, Kung Fu, Happy Days, and last but not least, Mia's fictional pilot, Fox Force Five.

""The above list, with the possible exception of The Avengers,"" writes Miklitsch, ""suggests that Pulp Fiction has less of an elective affinity with the cinematic avant-gardism of Godard than with mainstream network programming."" Jonathan Rosenbaum had brought TV into his analysis of the Tarantino/Godard comparison, acknowledging that the directors were similar in wanting to cram everything they like onscreen: ""But the differences between what Godard likes and what Tarantino likes and why are astronomical; it's like comparing a combined museum, library, film archive, record shop, and department store with a jukebox, a video-rental outlet, and an issue of TV Guide.""
Sharon Willis focuses on the way a television show (Clutch Cargo) marks the beginning of, and plays on through, the scene between young Butch and his father's comrade-in-arms. The Vietnam War veteran is played by Christopher Walken, whose presence in the role evokes his performance as a traumatized G.I. in the Vietnam War movie The Deer Hunter (1978). Willis writes that ""when Captain Koons enters the living room, we see Walken in his function as an image retrieved from a repertoire of 1970s television and movie versions of ruined masculinity in search of rehabilitation ... [T]he gray light of the television presiding over the scene seems to inscribe the ghostly paternal gaze."" Miklitsch asserts that, for some critics, the film is a ""prime example of the pernicious ooze-like influence of mass culture exemplified by their bête noire: TV."" Kolker might not disagree, arguing that ""Pulp Fiction is a simulacrum of our daily exposure to television; its homophobes, thugs and perverts, sentimental boxers and pimp promoters move through a series of long-take tableaux: we watch, laugh, and remain with nothing to comprehend.""","tensor([ 2.3891e-02, -1.3766e-01, -3.7718e-02, -3.4694e-02,  2.3431e-02,
         5.0346e-02, -1.8027e-02,  4.4573e-02,  9.2008e-02, -1.1253e-03,
         5.2500e-02,  1.7125e-02, -2.8893e-02,  2.9834e-02, -2.9196e-02,
        -2.9229e-02,  5.5590e-02, -3.8785e-02, -1.9712e-02,  7.9724e-02,
        -1.5725e-02, -4.6299e-02, -1.3053e-02, -5.1357e-03, -4.5973e-03,
         4.8985e-02, -1.1200e-02,  1.5302e-02, -1.1572e-01,  3.8056e-02,
        -2.5828e-03,  1.2831e-01,  4.6104e-02, -6.1244e-02,  4.0256e-02,
        -2.3429e-02,  9.1972e-02, -8.4370e-03, -7.7577e-02, -3.8293e-02,
        -1.4269e-01, -2.5690e-02,  2.7446e-02,  1.2152e-02, -5.7413e-02,
        -1.4271e-01, -5.3890e-02, -5.7718e-02, -1.4389e-02,  9.2483e-03,
        -1.0379e-01,  7.9248e-03, -1.4059e-03,  3.8694e-02,  9.2969e-03,
        -6.1397e-02,  2.2548e-02,  8.7541e-02,  2.3952e-02,  1.9481e-02,
        -5.5935e-02, -6.0088e-02,  3.0807e-02, -2.1207e-03,  4.6569e-02,
        -1.8005e-02,  3.4687e-02,  1.0955e-02, -9.0589e-02, -2.1166e-02,
        -1.2494e-01, -3.0218e-02,  2.7108e-02,  2.0262e-02,  3.9604e-02,
         3.9901e-02,  2.0296e-02,  2.8161e-03,  4.8309e-02, -1.0877e-01,
         1.9346e-02, -1.1782e-01, -8.7160e-02, -1.0792e-02, -1.5071e-02,
         1.9167e-02, -4.0211e-02,  9.4273e-03, -3.5524e-02,  6.0715e-02,
        -5.7938e-02,  3.4440e-02,  1.4724e-02, -1.4131e-02,  4.1617e-02,
         2.8710e-02, -7.7026e-02,  2.5994e-02, -1.1977e-03, -1.2380e-02,
        -3.7968e-03, -6.4094e-02,  1.4937e-02, -5.0220e-03,  2.7297e-02,
        -2.0591e-02,  8.6086e-02, -5.9213e-03, -1.7897e-02, -8.2581e-02,
        -3.0297e-02,  8.3769e-02, -5.3534e-02,  1.1047e-02,  9.9209e-02,
         1.0210e-02,  1.8755e-02,  5.2254e-02,  7.8933e-02,  6.8062e-02,
        -6.9197e-03, -3.7739e-02, -6.3160e-02,  5.8738e-02,  6.9538e-02,
        -2.3461e-02, -1.2163e-02, -5.5379e-34,  2.1949e-02,  3.1144e-02,
         2.0738e-02, -1.2586e-02,  2.6417e-02,  6.5830e-03,  2.4820e-02,
         3.4974e-02,  1.1444e-02,  1.8432e-02, -4.9305e-02, -3.5432e-03,
        -8.7717e-02, -2.7630e-02,  4.2731e-02,  7.1204e-03, -1.1171e-01,
        -5.9519e-02, -1.6255e-02, -3.7705e-02,  3.0963e-02,  5.3780e-02,
        -6.1454e-02, -6.7975e-02,  5.6359e-02,  1.5341e-03, -9.3551e-02,
        -3.8318e-02,  4.3579e-02,  3.6252e-02, -9.0360e-02,  5.7028e-02,
         2.0776e-02,  1.5523e-03,  4.8305e-02,  4.6337e-03, -4.7763e-02,
        -5.2521e-02, -8.8999e-03,  8.1681e-02, -1.8933e-03,  4.1261e-02,
        -7.8490e-02,  2.8439e-02, -8.6809e-02,  4.4386e-02,  3.5234e-02,
        -2.4939e-03, -6.8451e-02,  5.2669e-02,  5.3764e-03,  1.7289e-02,
         3.2939e-02, -2.1228e-02,  1.1585e-02,  5.5274e-03,  1.3213e-03,
        -3.6742e-02,  2.9353e-02, -1.8231e-02, -4.1968e-02,  9.1875e-02,
         2.9782e-02,  7.2651e-03,  8.3345e-03,  1.1903e-01,  7.5160e-02,
         7.0072e-02, -9.0211e-03,  1.7600e-01, -9.2555e-02,  2.1185e-02,
        -2.5676e-02, -4.1994e-02, -3.6524e-02, -2.5250e-03, -3.3171e-02,
         3.0269e-03, -7.4234e-02, -1.6098e-03,  2.7845e-02,  2.1319e-02,
        -7.0831e-02, -4.9891e-02, -2.1749e-02,  4.5827e-02, -1.9343e-02,
        -2.0068e-02,  2.8527e-02, -4.1659e-02,  4.9706e-02, -5.9610e-02,
         4.7982e-02, -4.5956e-03, -8.8920e-02, -2.0090e-33, -1.4963e-02,
        -8.9331e-02,  4.2670e-03,  2.6446e-02, -4.6873e-02,  9.0915e-02,
        -8.4214e-02, -3.7171e-02,  1.4849e-02, -8.3907e-02, -5.2496e-03,
        -8.5083e-03, -5.3458e-02, -5.3399e-02, -6.0307e-02,  1.4684e-02,
        -1.7772e-02, -8.1409e-02,  5.7725e-02, -9.6531e-03,  2.7567e-02,
        -4.3219e-02, -4.1715e-02,  4.2929e-02,  6.0444e-02, -5.1111e-03,
        -9.5705e-03,  1.2366e-02,  1.9913e-02, -8.2857e-03,  1.1106e-01,
        -1.5679e-02,  4.6735e-02, -5.5436e-02,  6.8112e-02,  6.8249e-02,
        -2.3988e-02,  9.7576e-03, -5.3420e-05,  1.7466e-02, -1.2679e-02,
        -3.3557e-02, -1.7124e-02,  4.2396e-02, -1.0049e-01, -1.2791e-02,
        -5.3864e-02,  2.6584e-02, -3.6204e-02,  1.5917e-02, -7.7297e-03,
         1.3223e-02, -4.8935e-02,  3.8623e-02, -6.4571e-02,  3.2016e-02,
        -1.5181e-02, -1.1445e-02, -4.2117e-02,  6.3748e-02, -1.6754e-02,
        -5.0887e-04, -6.4459e-02, -4.8270e-02,  4.0920e-02,  5.5597e-02,
         1.8765e-02, -1.3211e-02, -3.7325e-02,  3.2646e-02, -4.5395e-02,
        -6.6017e-02,  1.6157e-02,  1.3294e-02, -1.3141e-02,  1.8379e-02,
        -1.1652e-02,  1.6141e-02, -4.8666e-02,  1.3875e-01,  5.1466e-02,
         5.7055e-02,  4.9928e-02,  5.6600e-02, -4.0121e-02,  7.3650e-02,
        -4.8616e-02,  4.3998e-02,  5.2958e-02,  5.4775e-02,  9.5846e-02,
        -4.2299e-02,  2.4583e-02,  3.5039e-02, -1.6236e-02, -5.7896e-08,
        -2.3361e-02, -4.1417e-02,  1.3576e-02, -1.5123e-02,  3.0994e-03,
        -1.6631e-03, -2.1805e-02, -7.0948e-02, -4.5808e-02,  7.0928e-02,
         2.7688e-02, -7.8264e-03, -2.1588e-02,  4.0934e-02,  2.0136e-02,
        -3.1750e-03,  4.3744e-02, -2.8801e-02,  2.3007e-02,  1.4511e-01,
         2.5922e-02, -3.5879e-02,  7.2108e-02, -5.6007e-02,  1.0842e-02,
         1.4601e-02, -3.4874e-02, -1.2508e-01,  5.2547e-02,  9.3685e-02,
        -2.5596e-02,  7.5028e-04, -1.0651e-01, -3.2988e-02, -8.5615e-02,
        -1.1291e-02,  4.6392e-02, -3.9735e-02, -9.1265e-02,  1.7132e-02,
         9.7583e-02,  1.3060e-02, -2.4339e-02,  8.1911e-03,  4.5345e-02,
        -3.2747e-02,  5.3422e-02, -9.4766e-02, -1.8740e-03,  3.9455e-02,
         3.5236e-02,  8.7022e-02, -2.5091e-02,  6.3250e-02,  1.0955e-02,
         3.2417e-02,  7.1684e-03,  9.4242e-02, -1.4564e-02, -7.8115e-02,
         1.3651e-02, -4.9372e-02,  1.0966e-01,  1.0733e-02], device='mps:0')"
Pulp Fiction,The mysterious 666 briefcase,"The combination of the mysterious suitcase lock is 666, the ""Number of the Beast"". Tarantino has said there is no explanation for its contents – it is simply a MacGuffin, a pure plot device. Originally, the case was to contain diamonds, but this was seen as too mundane. For filming purposes, it contained a hidden orange light bulb that produced an otherworldly glow when the case was opened. In a 2007 video interview with fellow director and friend Robert Rodriguez, Tarantino purportedly ""reveals"" the secret contents of the briefcase, but the film cuts out and skips the scene in the style employed in Tarantino and Rodriguez's Grindhouse (2007), with an intertitle that reads ""Missing Reel"". The interview resumes with Rodriguez discussing how radically the ""knowledge"" of the briefcase's contents alters one's understanding of the movie.
Despite Tarantino's statements, many solutions to what one scholar calls this ""unexplained postmodern puzzle"" have been proposed. A strong similarity has often been observed with Robert Aldrich's 1955 film noir Kiss Me Deadly, which features a glowing briefcase housing an atomic explosive. In their review of Alex Cox's 1984 film Repo Man in The Daily Telegraph, Nick Cowen and Hari Patience suggest that Pulp Fiction may also owe ""a debt of inspiration"" to the glowing car trunk in that film. In scholar Paul Gormley's view, this connection with Kiss Me Deadly, and a similar one with Raiders of the Lost Ark (1981), makes it possible to read the eerie glow as symbolic of violence itself. The idea that the briefcase contains Marsellus's soul gained popular currency in the mid-1990s. Analyzing the notion, Roger Ebert dismissed it as ""nothing more than a widely distributed urban legend given false credibility by the mystique of the Net"".","tensor([-1.2452e-01,  7.6383e-03, -7.0211e-02,  8.1998e-02,  5.6810e-02,
         4.9629e-03,  6.0065e-02,  2.1193e-02,  1.1182e-01, -3.0127e-02,
         7.4364e-02,  3.4803e-02, -2.6100e-04,  1.2993e-02,  2.9274e-02,
         8.1846e-03,  6.4187e-02, -1.8272e-02, -5.6374e-02,  3.9745e-02,
         3.2340e-02, -3.8044e-02,  8.9381e-03, -5.3100e-02, -2.0647e-02,
         9.4000e-02,  2.9711e-02, -3.5299e-03, -5.7320e-02,  1.9892e-02,
         3.4364e-02,  5.5521e-02, -7.0455e-02,  1.7484e-03,  1.1343e-01,
        -2.6773e-02,  1.8472e-02,  4.6967e-02,  3.3322e-03, -1.5995e-02,
        -8.8455e-02, -6.5015e-03, -2.1839e-03,  1.1627e-01, -8.7557e-03,
        -3.2480e-02, -2.7380e-02, -1.6015e-03,  3.6365e-02, -4.5697e-02,
        -1.0646e-01,  3.8005e-02, -1.9019e-02,  4.9356e-02, -2.2759e-02,
        -8.3248e-02,  5.8786e-02, -5.8520e-04, -7.3591e-04, -6.0004e-03,
         8.7908e-02, -8.8809e-03,  2.6717e-02,  1.8441e-02,  1.6827e-01,
         1.0220e-02,  6.2000e-02, -7.1170e-02,  8.5296e-03,  8.6583e-03,
         5.5345e-02, -9.4738e-03, -4.9852e-02, -1.2908e-02,  3.6017e-02,
         2.6859e-02, -3.9849e-02,  2.5255e-02, -3.0188e-02, -6.5378e-04,
         3.1051e-02, -3.4454e-02, -1.5001e-02,  5.0024e-02, -6.3428e-03,
         3.6883e-02,  2.3044e-02,  1.0218e-02, -9.9014e-02,  3.6494e-02,
        -1.3029e-01, -2.5961e-02, -4.5668e-02, -4.4027e-02, -7.0967e-03,
        -7.8180e-03, -1.6231e-03,  1.4406e-01,  9.0677e-03, -1.8451e-02,
         4.4639e-02, -3.8758e-02, -4.3316e-03, -4.6514e-02,  5.1358e-02,
        -2.4312e-02,  6.9815e-03, -1.1350e-02,  1.3759e-02, -1.9465e-02,
         2.4340e-02,  3.9154e-02,  2.5583e-02, -6.1468e-03,  4.8696e-02,
         2.2220e-02,  1.0392e-02,  8.9807e-02,  6.8752e-03,  9.6878e-02,
         7.4880e-02,  2.2389e-02, -1.3998e-02, -4.6637e-02, -6.4548e-02,
        -3.2821e-02, -2.8789e-02, -9.1677e-34,  1.5733e-02, -5.7470e-03,
        -4.4331e-02,  7.8793e-02,  4.0708e-02, -4.4348e-03, -2.4962e-02,
         4.3271e-02, -6.9411e-02,  1.4555e-01, -2.6905e-02, -1.4597e-02,
        -3.7424e-02, -1.1623e-03, -2.6682e-02, -2.8087e-03, -3.3297e-02,
         1.6997e-02,  4.1053e-02, -4.4553e-02, -4.0689e-03, -2.2107e-02,
         4.0684e-02, -1.8736e-02,  7.9386e-03,  1.1582e-01, -3.1682e-02,
        -9.3736e-02,  2.4936e-02,  2.4685e-02, -1.1646e-01,  6.7062e-02,
         2.4124e-02, -2.3727e-02,  5.3103e-03, -6.7707e-02, -4.7385e-02,
        -7.9674e-02, -3.6317e-02, -1.4009e-02, -2.0156e-02, -5.4958e-02,
        -5.7691e-02,  3.6815e-04, -7.9894e-02,  2.4138e-03, -9.3390e-03,
         3.7423e-02, -2.4490e-02,  1.6821e-02,  2.4663e-04, -3.3421e-03,
         7.3332e-02, -3.6062e-02, -7.0883e-02, -3.9135e-02,  1.4793e-02,
        -6.0293e-02,  7.7631e-02,  3.5585e-02,  3.5592e-02,  1.0729e-01,
        -2.9295e-02,  8.3826e-02, -8.4157e-03,  5.2554e-02, -1.7579e-02,
         1.5354e-02,  8.2952e-02,  2.1313e-02, -1.0867e-01,  4.1056e-03,
         1.8680e-02, -3.6279e-02,  2.7506e-02, -1.8487e-02,  2.7171e-02,
         3.6299e-02, -4.5298e-02, -6.6681e-02, -2.0967e-02, -4.2634e-02,
         6.7297e-02, -1.5682e-02, -1.2774e-01,  8.6409e-02, -1.5017e-02,
        -1.0314e-02, -4.6469e-02, -5.9703e-03,  1.7725e-02, -1.2091e-01,
         3.7940e-03, -1.4930e-02, -9.4599e-03, -8.7596e-34,  5.7182e-02,
        -9.5363e-02, -9.6710e-03, -6.6869e-02,  6.1639e-02, -8.0978e-03,
        -7.0881e-02,  1.1417e-02,  1.0738e-02, -6.6918e-02,  2.3989e-02,
        -3.1367e-02, -4.9218e-03,  3.8137e-02, -4.1014e-02,  1.8478e-02,
        -1.1030e-02, -4.6700e-02,  2.2900e-02,  4.9118e-02,  1.1061e-02,
        -8.2734e-02, -4.6441e-02,  4.0110e-02, -3.6831e-02,  4.4898e-02,
         4.9027e-02, -7.4377e-02,  2.5305e-02,  8.0949e-02,  2.4475e-02,
         3.4921e-02, -4.0698e-02, -1.0634e-02, -7.9967e-02, -6.5386e-03,
         2.7228e-02, -6.0132e-02,  6.8050e-03, -1.1013e-02, -2.9757e-02,
         5.2742e-02, -1.4383e-01,  5.3886e-04, -7.5670e-02,  8.8582e-03,
         2.0191e-02, -2.3905e-02,  2.2071e-02,  3.1403e-02,  5.1421e-02,
         5.3928e-02, -1.1609e-01, -1.4341e-02, -7.0724e-02,  4.8976e-02,
        -1.0212e-01, -6.4935e-02,  8.2627e-02,  1.0444e-02,  1.2186e-02,
         9.4473e-02, -2.1510e-02, -2.7374e-02,  1.6196e-02,  3.2533e-02,
        -3.3646e-03, -1.3189e-02, -7.8608e-02,  1.6096e-02,  1.6776e-02,
        -4.2264e-02,  3.4198e-02,  1.5080e-02,  1.4725e-01, -8.3049e-04,
         3.3049e-02, -4.8022e-02,  4.4596e-03,  6.8507e-02,  3.3504e-03,
        -5.2976e-02, -2.1018e-02,  6.3912e-02,  7.0188e-02,  5.2559e-02,
        -3.2158e-02,  2.7284e-02, -6.1615e-02, -2.3272e-02, -1.4795e-02,
         1.6955e-02, -4.2926e-02,  2.2513e-02,  5.7199e-02, -6.1854e-08,
         3.3918e-02,  2.6922e-02,  2.0477e-02, -1.1913e-01,  2.4538e-02,
        -1.7926e-02,  1.6514e-02,  3.2763e-02,  7.0629e-03,  7.5465e-03,
         4.2212e-02, -3.2722e-02, -9.2988e-02, -1.7234e-02, -1.1557e-01,
         7.4708e-02, -3.7873e-02, -6.2590e-03, -4.1774e-03, -5.6934e-02,
         4.4193e-02, -2.9106e-02,  8.4434e-02,  2.5059e-03,  3.1385e-02,
         6.1149e-02, -5.9695e-02, -6.8512e-02,  1.0707e-02,  9.3647e-02,
        -5.1934e-02, -5.8753e-02,  3.0399e-02,  1.1137e-02, -5.5140e-02,
         6.7872e-03,  6.4115e-02, -2.6718e-03, -2.3111e-02, -3.2741e-02,
         4.1422e-03, -7.5827e-02, -1.0738e-01,  4.6403e-02, -2.2400e-02,
        -1.4187e-02,  1.3909e-02, -5.2084e-02, -1.2162e-01,  9.9744e-02,
         5.5020e-02, -4.3528e-02, -3.7476e-02,  6.4203e-02,  5.7549e-02,
         8.9397e-03,  5.7129e-02,  7.3121e-03, -2.7833e-02,  9.1292e-03,
         3.8860e-02, -2.5424e-02,  7.6017e-02, -1.7978e-02], device='mps:0')"
Pulp Fiction,Jules' Bible passage,"Jules ritually recites what he describes as a biblical passage, Ezekiel 25:17, before he executes someone. The passage is heard three times – in the introductory sequence in which Jules and Vincent reclaim Marsellus's briefcase from the doomed Brett; that same recitation a second time, at the beginning of ""The Bonnie Situation"", which overlaps the end of the earlier sequence; and in the epilogue at the diner. The first version of the passage is as follows:

The path of the righteous man is beset on all sides by the inequities of the selfish and the tyranny of evil men. Blessed is he who in the name of charity and goodwill shepherds the weak through the valley of darkness, for he is truly his brother's keeper and the finder of lost children. And I will strike down upon thee with great vengeance and furious anger those who attempt to poison and destroy My brothers. And you will know My name is the Lord when I lay My vengeance upon thee.
The second version, from the diner scene, is identical except for the final line: ""And you will know I am the Lord when I lay My vengeance upon you.""

While the final two sentences of Jules's speech are similar to the actual cited passage, the first two are fabricated from various biblical phrases. The text of Ezekiel 25 preceding verse 17 indicates that God's wrath is retribution for the hostility of the Philistines. In the King James Version from which Jules's speech is adapted, Ezekiel 25:17 reads in its entirety:

And I will execute great vengeance upon them with furious rebukes; and they shall know that I am the LORD, when I shall lay My vengeance upon them.
Tarantino's primary inspiration for the speech was the work of Japanese martial arts star Sonny Chiba. Its text and its identification as Ezekiel 25:17 derive from an almost identical creed that appears at the beginning of the Chiba movie Karate Kiba (The Bodyguard; 1976), where it is both shown as a scrolling text and read by an offscreen narrator.
The version seen at the beginning of The Bodyguard (1976) is as follows:

The path of the righteous man and defender is beset on all sides by the inequity of the selfish and the tyranny of evil men. Blessed is he, who in the name of charity and good will, shepherds the weak through the valley of darkness, for he is truly his brother's keeper, and the father of lost children. And I will execute great vengeance upon them with furious anger, who poison and destroy my brothers; and they shall know that I am Chiba the Bodyguard when I shall lay my vengeance upon them!
In the 1980s television series Kage no Gundan (Shadow Warriors), Chiba's character would lecture the villain-of-the-week about how the world must be rid of evil before killing him. A killer delivers a similar biblical rant in Modesty Blaise, the hardback but pulp-style novel Vincent is shown with in two scenes.
Two critics who have analyzed the role of the speech find different ties between Jules's transformation and the issue of postmodernity. Gormley argues that unlike the film's other major characters – Marsellus aside – Jules is:

linked to a ""thing"" beyond postmodern simulation ... [T]his is perhaps most marked when he moves on from being a simulation of a Baptist preacher, spouting Ezekiel because it was ""just a cool thing to say ..."" In his conversion, Jules is shown to be cognizant of a place beyond this simulation, which, in this case, the film constructs as God.

Adele Reinhartz writes that the ""depth of Jules's transformation"" is indicated by the difference in his two deliveries of the passage: ""In the first, he is a majestic and awe-inspiring figure, proclaiming the prophecy with fury and self-righteousness ... In the second ... he appears to be a different sort of man altogether ... [I]n true postmodern fashion, [he] reflects on the meaning of his speech and provides several different ways that it might pertain to his current situation."" Similar to Gormley, Conard argues that as Jules reflects on the passage, it dawns on him ""that it refers to an objective framework of value and meaning that is absent from his life""; to Conard, this contrasts with the film's prevalent representation of a nihilistic culture. Rosenbaum finds much less in Jules's revelation: ""[T]he spiritual awakening at the end of Pulp Fiction, which Jackson performs beautifully, is a piece of jive avowedly inspired by kung-fu movies. It may make you feel good, but it certainly doesn't leave you any wiser.""","tensor([-4.1543e-02,  4.6485e-02,  5.0392e-02, -4.9993e-02,  1.5775e-02,
         2.0699e-02, -2.7093e-02,  4.7253e-02,  1.0208e-01, -8.2423e-02,
        -5.8004e-02,  1.5478e-02,  6.3825e-02, -7.7793e-02, -1.5169e-02,
        -7.6631e-02, -2.5929e-02,  7.1235e-02,  4.0755e-02,  8.8385e-03,
         5.7569e-02,  5.0339e-02, -1.5037e-02, -8.3699e-03, -3.7248e-02,
        -5.2837e-03, -3.7431e-02,  3.5370e-02, -5.4183e-02,  6.7634e-03,
         2.3305e-02, -3.6028e-02, -3.2210e-02, -2.0744e-02, -1.0344e-01,
         9.7509e-02,  3.0974e-02, -5.7575e-02, -1.9404e-03,  3.1061e-02,
        -4.4796e-02, -1.3999e-02, -9.0001e-02, -1.0602e-02,  8.8914e-03,
        -5.0576e-02, -3.4767e-02,  1.8545e-02,  7.1065e-02, -8.3087e-04,
        -3.2649e-02, -9.8100e-03,  5.8770e-02,  3.0120e-02, -6.1917e-02,
         6.6225e-02,  5.5835e-02,  5.3076e-02,  4.3422e-02, -2.0156e-02,
        -3.8183e-02, -3.2227e-02, -3.8603e-02, -1.8736e-02,  2.5435e-02,
        -6.8365e-02,  5.9488e-02,  4.3097e-02, -1.8265e-01,  5.3876e-02,
        -3.7553e-02, -2.3088e-02,  9.6548e-02, -8.1284e-02, -3.6216e-02,
         8.6014e-04, -7.9134e-02, -5.0961e-03, -3.8367e-02, -6.6418e-02,
         3.9384e-02,  2.0039e-02, -4.5157e-02,  1.1510e-02, -5.6874e-02,
         9.3815e-03,  5.3269e-02, -6.1845e-02,  3.0762e-02,  1.4899e-02,
        -8.1267e-02, -7.8650e-02,  7.1601e-03,  7.2291e-02,  1.4781e-02,
         5.0412e-02,  3.1093e-02,  1.1428e-01, -1.8388e-02,  5.6743e-03,
         6.4664e-03, -1.8582e-03,  1.7474e-02, -3.6926e-03,  7.5735e-02,
        -1.6748e-02, -4.1177e-02, -1.2311e-03, -1.2284e-02, -5.3162e-02,
         7.3863e-03, -6.8995e-03, -2.4029e-02, -1.0859e-02,  4.8791e-02,
         4.9329e-02, -1.3429e-02, -1.7519e-02, -5.8834e-02,  1.1841e-01,
         8.8840e-02,  4.7126e-02, -1.1643e-02,  3.3970e-02,  3.9842e-03,
         1.6390e-02,  6.6451e-02,  5.7037e-34, -1.9095e-02,  3.8154e-02,
        -1.1009e-02,  4.4017e-02,  8.1272e-02, -2.1015e-02, -4.9580e-02,
         1.4326e-01, -5.5182e-03,  6.6616e-03, -6.5627e-02, -3.8654e-02,
        -5.1404e-02,  1.1076e-01, -1.0394e-01, -1.1505e-02,  6.8892e-02,
        -1.5718e-02,  3.0446e-02, -6.6121e-02,  1.0592e-02,  2.0084e-02,
        -1.8594e-02, -1.7704e-02,  2.2906e-02, -3.7819e-02, -2.3088e-02,
         1.2116e-02, -5.0804e-02,  2.0379e-02, -1.1611e-01, -5.6649e-03,
         7.0952e-02, -7.6523e-03,  5.9534e-02,  3.8411e-02, -6.3481e-02,
         3.7875e-02, -9.8279e-02,  1.8640e-02,  2.0964e-02,  6.2925e-02,
        -1.6771e-02, -3.2490e-02, -6.2075e-02, -5.1130e-03,  1.6038e-02,
         3.1569e-02,  1.6582e-02,  4.2033e-02,  3.4008e-02, -2.0995e-02,
        -3.4424e-03, -4.9375e-02,  4.3524e-02,  1.5842e-02, -5.7965e-02,
         3.3445e-02, -7.4538e-02, -5.2986e-03,  6.1109e-02,  3.4634e-02,
         9.0809e-02,  3.5282e-02, -3.1035e-02,  1.6592e-02, -1.1777e-02,
         2.8333e-02, -3.4735e-03,  3.1201e-03, -1.4596e-01,  6.4053e-02,
         5.5768e-02, -1.6596e-02,  1.0816e-01,  1.1084e-02, -9.9440e-03,
        -3.3702e-02, -1.3709e-02, -8.1785e-02, -5.4964e-02, -3.0940e-02,
        -5.1220e-02,  9.8010e-02, -5.9775e-02, -4.6989e-03,  9.7793e-02,
        -2.9280e-02, -6.5330e-02, -5.5433e-02,  2.7249e-02, -5.8277e-02,
         1.2272e-03, -5.9487e-02, -9.2616e-02, -3.3309e-33,  6.5106e-02,
        -1.2352e-03,  5.2253e-02,  4.8172e-02,  7.8148e-03, -8.5524e-03,
        -9.8980e-03,  3.6826e-02, -6.0026e-03, -3.8262e-02, -6.5030e-02,
        -2.6792e-02, -6.7892e-03, -5.2341e-03, -1.9213e-02, -8.2283e-03,
        -4.1637e-02, -2.1148e-02, -2.1080e-02, -2.5003e-02,  3.1557e-02,
        -6.8256e-02, -3.4033e-03, -8.8103e-02,  3.9689e-02,  3.1570e-02,
         1.1180e-01,  1.3957e-02, -1.5454e-02, -1.4955e-02,  4.7131e-02,
         1.9239e-02, -3.0529e-02, -2.8704e-02,  1.2809e-02,  8.0746e-02,
         1.5894e-02,  6.6304e-02,  5.4747e-02, -4.3496e-02,  1.1469e-02,
        -2.8831e-02, -3.0142e-02, -1.4950e-02, -5.0204e-02, -1.0877e-02,
         3.5695e-02,  2.5322e-02,  7.8200e-02,  4.7012e-02,  2.0219e-02,
         1.8217e-03, -7.6053e-02,  8.9365e-02, -4.0469e-02, -6.2985e-02,
         4.3199e-04, -3.5678e-02,  1.8917e-03,  8.3404e-03, -7.2717e-02,
         4.9333e-02, -3.1703e-02,  1.3292e-01,  4.9287e-02, -7.5412e-02,
        -1.0740e-01, -3.2237e-02, -2.2900e-03,  1.1479e-01, -4.2314e-02,
        -6.5890e-02, -8.1681e-03, -8.3460e-02,  5.5466e-04, -2.8026e-02,
         3.3265e-02, -1.2300e-01, -1.0762e-01, -3.5915e-03,  1.5405e-02,
        -8.8217e-02, -3.4117e-02,  1.0520e-01, -6.1389e-02, -2.5883e-02,
         1.9400e-02,  9.1706e-03, -2.3352e-02,  7.7432e-02,  4.2372e-02,
        -2.7095e-02, -1.9493e-02, -4.2963e-02,  1.3959e-02, -6.7839e-08,
         1.4691e-02,  9.0627e-03, -7.0556e-02,  4.2170e-02,  4.2811e-02,
        -8.4547e-03, -3.0289e-02, -9.1894e-03,  7.3391e-03,  7.8695e-02,
         5.3278e-03,  8.9229e-02,  1.6972e-05, -7.4186e-02,  1.8278e-03,
         1.8586e-02, -3.4098e-03, -8.2325e-02, -5.0216e-02,  3.8737e-02,
         1.8412e-02,  1.3784e-02, -1.8108e-02, -1.2523e-01,  1.0038e-01,
        -5.9751e-03, -3.6103e-02, -2.1331e-02, -7.1825e-03,  1.3112e-02,
         6.6543e-02,  6.7982e-02, -7.2927e-02, -7.1944e-02, -9.6681e-02,
        -4.6530e-02,  4.7924e-03,  4.3138e-02,  4.8756e-02, -2.4230e-02,
         7.7451e-02,  9.4239e-03, -4.7225e-03,  1.6553e-03,  6.9866e-02,
        -5.4618e-02,  7.0170e-02,  8.4461e-02,  7.0740e-02,  2.2474e-02,
        -2.4690e-02,  2.1618e-02,  4.7444e-02,  3.9745e-02,  3.1519e-02,
        -2.8375e-02, -4.9231e-02,  4.6229e-02,  3.0242e-02, -2.4167e-02,
        -2.4643e-02,  2.5333e-02,  4.2527e-02, -8.2909e-02], device='mps:0')"
Pulp Fiction,The bathroom,"Much of Pulp Fiction's action revolves around characters who are either in the bathroom or need to use the toilet. To a lesser extent, Tarantino's other films also feature this narrative element. At Jack Rabbit Slim's, Mia goes to ""powder her nose"" – literally; she snorts cocaine in the restroom. Butch and Fabienne play an extended scene in their motel bathroom, he in the shower, she brushing her teeth; the next morning, but just a few seconds later in screen time, she is again brushing her teeth – vigorously, after having given Butch ""oral pleasure."" As Jules and Vincent confront Brett and two of his pals, a fourth man is hiding in the bathroom – his actions will lead to Jules' transformative ""moment of clarity"". After Marvin's absurd death, Vincent and Jules wash up in Jimmie's bathroom, where they argue over a bloody hand towel. When the diner holdup turns into a standoff, ""Honey Bunny"" whines, ""I gotta go pee!""
As described by Peter and Will Brooker, ""In three significant moments Vincent retires to the bathroom [and] returns to an utterly changed world where death is threatened."" The threat increases in magnitude as the narrative progresses chronologically, and is realized in the third instance:

Vincent and Jules's diner breakfast and philosophical conversation is aborted by Vincent's bathroom break; an armed robbery ensues while Vincent is reading on the toilet.
While Vincent is in the bathroom worrying about the possibility of going too far with Marsellus's wife, Mia mistakes his heroin for cocaine, snorts it, and overdoses.
During a stakeout at Butch's apartment, Vincent emerges from the toilet with his book and is killed by Butch.
In the Brookers' analysis, ""Through Vince ... we see the contemporary world as utterly contingent, transformed, disastrously, in the instant you are not looking."" Fraiman finds it particularly significant that Vincent is reading Modesty Blaise in two of these instances. She links this fact with the traditional derisive view of women as ""the archetypal consumers of pulp"":

Locating popular fiction in the bathroom, Tarantino reinforces its association with shit, already suggested by the dictionary meanings of ""pulp"" that preface the movie: moist, shapeless matter; also, lurid stories on cheap paper. What we have then is a series of damaging associations – pulp, women, shit – that taint not only male producers of mass-market fiction but also male consumers. Perched on the toilet with his book, Vincent is feminized by sitting instead of standing as well as by his trashy tastes; preoccupied by the anal, he is implicitly infantilized and homosexualized; and the seemingly inevitable result is being pulverized by Butch with a Czech M61 submachine gun. That this fate has to do with Vincent's reading habits is strongly suggested by a slow tilt from the book on the floor directly up to the corpse spilled into the tub.

Willis reads Pulp Fiction in almost precisely the opposite direction, finding ""its overarching project as a drive to turn shit into gold. This is one way of describing the project of redeeming and recycling popular culture, especially the popular culture of one's childhood, as is Tarantino's wont as well as his stated aim."" Despite that, argues Fraiman, ""Pulp Fiction demonstrates ... that even an open pulpophile like Tarantino may continue to feel anxious and emasculated by his preferences.""","tensor([ 3.4693e-02, -1.1717e-01,  4.9500e-02, -1.2675e-02, -3.5554e-02,
         1.6290e-02,  3.0931e-02,  5.0500e-02,  9.0472e-02, -8.3200e-04,
         2.3764e-02, -3.9063e-03, -5.6680e-02,  1.0090e-01,  4.7217e-02,
        -5.3983e-02,  8.5898e-02,  3.7744e-02, -5.4938e-02,  6.4250e-02,
         8.7714e-02, -9.2024e-02,  5.4592e-02, -4.8502e-02, -3.6533e-02,
        -1.6140e-02, -1.0893e-04, -3.4466e-02, -5.4895e-02, -4.7915e-02,
        -3.4437e-02,  3.5313e-02, -1.7460e-02, -9.9843e-02, -1.1791e-02,
        -2.5962e-02,  1.2232e-01,  4.9931e-02,  8.2868e-02,  9.6523e-03,
        -8.7148e-02, -8.8860e-02, -1.7002e-02,  2.6240e-02,  9.3456e-02,
        -6.6584e-02,  2.9035e-02, -4.0708e-03,  8.7428e-02, -8.9148e-02,
        -2.0650e-02,  7.6234e-03,  3.7088e-02,  3.7371e-02, -3.8129e-03,
        -3.3627e-02,  8.3015e-02, -2.0165e-02,  6.5511e-02,  1.2668e-02,
        -9.1269e-02, -5.0859e-02,  5.5737e-02,  2.8076e-02,  1.0540e-01,
        -3.3736e-02,  1.4554e-02, -5.7194e-04, -4.2254e-02,  7.8097e-02,
        -9.1756e-02, -8.9052e-02, -5.1407e-02, -4.2342e-02,  3.4638e-02,
         2.2558e-03, -4.3150e-02,  1.8660e-02, -8.2574e-03,  1.1827e-02,
         6.0379e-02, -2.3190e-02, -7.3672e-03,  6.0414e-02, -7.2573e-02,
         4.2579e-02, -3.7116e-02, -8.4649e-02, -7.2361e-02, -1.2439e-02,
        -1.4499e-01, -7.3343e-02, -7.8539e-03,  2.7954e-02,  7.4092e-02,
        -6.0659e-03, -7.8498e-03,  1.7657e-02,  2.1470e-03,  4.4957e-02,
         3.0578e-02,  1.1946e-02,  4.5051e-03, -6.1349e-02,  1.2403e-01,
         7.6786e-03,  4.6514e-02,  1.9468e-02,  6.9694e-02, -1.7243e-02,
        -3.2849e-02, -4.7742e-02,  1.0196e-03, -1.8284e-02,  1.1181e-02,
         4.4604e-02,  1.8130e-02,  1.8558e-02, -1.0102e-02,  7.3204e-02,
         2.5380e-02, -3.2301e-02, -1.0040e-01,  5.2183e-02,  9.4190e-03,
        -2.5663e-02,  4.7708e-02,  1.1776e-33,  1.6124e-02,  9.0410e-03,
        -3.9600e-03,  8.1285e-02,  7.8982e-02,  2.9183e-02,  2.2519e-02,
         3.0013e-02,  3.0780e-02,  1.2141e-02, -7.5633e-02, -6.4921e-02,
        -1.5704e-01,  3.3633e-02, -1.8689e-02,  8.9116e-02, -2.4308e-02,
         2.0103e-03,  6.3219e-02, -6.0659e-02,  4.3023e-02,  6.3041e-03,
        -5.8148e-02,  6.1398e-02,  2.6510e-02,  9.2721e-03, -6.5538e-02,
         2.0892e-03, -1.8263e-02,  2.5768e-02, -5.0973e-02,  7.7969e-02,
         6.6987e-02, -9.3509e-03, -4.7433e-02, -7.1965e-02, -4.3894e-02,
         1.9458e-02, -5.0092e-02,  4.6887e-02, -2.3744e-02,  1.2253e-02,
        -4.0167e-02,  2.4997e-02, -1.2704e-01, -4.4989e-02, -2.1316e-02,
         5.2533e-02,  9.2876e-03,  6.7570e-02,  7.0410e-02,  8.4137e-03,
         2.3150e-02,  8.4861e-02, -3.4682e-02,  1.4899e-02,  1.3645e-02,
        -1.1644e-01, -2.8511e-02,  4.4000e-02, -1.5124e-03,  7.4258e-02,
         1.0018e-02,  5.2373e-03, -3.9996e-02,  2.4110e-02, -1.3373e-02,
         5.1236e-02,  1.3870e-02,  3.9721e-02, -1.2493e-01,  4.1328e-02,
        -4.3783e-02, -1.3496e-01, -2.4567e-02, -3.9714e-02,  3.7690e-02,
        -1.7284e-02,  5.1824e-03, -7.5813e-02,  2.4762e-02, -2.0911e-02,
        -3.1905e-02,  1.7731e-02, -5.6737e-02,  1.4603e-02,  1.7016e-02,
        -7.9371e-02, -1.6426e-03,  8.5484e-03,  9.7291e-03, -6.2544e-02,
         2.4174e-02, -1.4701e-02, -5.4769e-02, -2.3127e-33,  2.3706e-02,
         1.9783e-02, -2.2788e-02,  5.9464e-02,  2.8941e-02,  2.1293e-02,
        -2.7957e-02,  1.1569e-02,  4.4934e-02, -1.8941e-02, -7.9093e-02,
        -5.4935e-02,  5.0507e-02,  4.2405e-03, -7.3582e-03,  5.9483e-02,
         1.0668e-02, -1.0050e-01, -4.6649e-02,  4.9278e-02, -2.1301e-02,
        -6.9071e-02,  3.4606e-03, -1.8056e-02,  2.6038e-02,  6.4525e-02,
         4.0381e-02, -5.8124e-03, -6.3106e-03,  6.1850e-03,  2.5998e-02,
         2.4927e-03, -6.0201e-02, -4.2645e-02,  2.2870e-02, -3.9117e-03,
        -3.6756e-02,  5.1790e-02, -5.1074e-02, -6.8235e-02,  3.4372e-02,
        -5.9848e-02, -7.3723e-02,  8.4776e-02, -3.0813e-04,  1.8540e-02,
         3.5521e-02, -7.2074e-02,  1.2283e-02,  8.5857e-02,  7.3849e-02,
        -3.1308e-02, -3.2788e-02,  8.7061e-02, -5.8943e-02, -2.4479e-02,
         9.9744e-03,  5.1057e-03, -3.1412e-02, -1.9785e-03, -4.2716e-02,
         4.6425e-02, -5.2098e-02,  3.8834e-02,  2.8185e-02, -5.7557e-02,
        -5.4787e-02,  9.8728e-03, -7.6961e-03,  4.1136e-02,  4.1794e-02,
        -3.0548e-02,  2.0825e-02, -4.1376e-03,  3.7850e-02,  1.2892e-02,
        -4.7610e-02, -1.1437e-01, -5.0261e-02,  5.1521e-02, -8.1012e-02,
        -3.2165e-03,  2.7641e-02,  1.0125e-01, -4.9350e-02, -1.5883e-02,
        -4.5403e-02,  9.8297e-02,  2.0917e-02,  6.4105e-02,  4.1363e-02,
         4.3885e-02, -1.6235e-03, -2.7698e-02,  2.0279e-02, -5.5167e-08,
        -3.0253e-02, -2.3677e-02,  2.1137e-02,  6.2678e-02,  3.9421e-02,
        -1.3324e-02, -3.7055e-02,  8.6932e-02, -4.9047e-03,  7.9069e-02,
        -8.8393e-03,  8.7727e-02,  3.5808e-02, -3.2056e-02,  4.8435e-02,
         7.4638e-02,  6.7862e-03, -3.7548e-02, -2.4070e-02,  4.9699e-02,
        -5.4280e-02, -2.8210e-02,  2.8028e-02,  4.6157e-02,  4.2811e-02,
        -4.0267e-02, -4.5664e-02,  5.9535e-02, -6.4341e-02, -1.6034e-05,
         4.8794e-02, -2.5870e-02, -9.3136e-02, -3.9668e-02, -1.4511e-01,
        -3.2673e-02,  1.1000e-01, -3.8484e-02, -6.0426e-02, -2.9910e-02,
        -1.1009e-02, -7.8601e-02, -3.8827e-02,  3.3943e-03, -5.0507e-03,
        -6.0717e-02,  2.5113e-02, -4.1255e-02,  1.9554e-02,  5.9884e-02,
        -5.4469e-02,  1.2732e-02, -3.8969e-02,  8.8334e-02,  8.2134e-03,
        -4.7525e-02, -1.6269e-02,  3.5321e-02,  1.3321e-02,  4.5250e-02,
        -3.1943e-02,  6.4700e-02,  5.1246e-02, -5.9528e-02], device='mps:0')"
Pulp Fiction,Accolades,"Pulp Fiction won eight major awards from a total of twenty-six nominations, including a Best Original Screenplay win at the 67th Academy Awards. Also, in the balloting by the National Society of Film Critics, Samuel L. Jackson was the runner-up in both the Best Actor and the Best Supporting Actor categories. In 2006, Writers Guild of America ranked its screenplay 16th in WGA’s list of 101 Greatest Screenplays.
American Film Institute Lists

AFI's 100 Years ... 100 Movies – No. 95
AFI's 100 Years ... 100 Laughs – Nominated
AFI's 100 Years ... 100 Thrills – No. 53
AFI's 100 Years ... 100 Heroes & Villains:
Vincent Vega and Jules Winnfield – Nominated Villains
AFI's 100 Years ... 100 Movie Quotes:
""Bring out the Gimp"" – Nominated Quote
""They call it a Royale with Cheese"" – Nominated Quote
AFI's 100 Years ... 100 Movies (10th Anniversary Edition) – No. 94
AFI's 10 Top 10 – No. 7 gangster film","tensor([-6.6392e-02, -7.1052e-02, -4.4220e-02, -2.7913e-02,  1.6505e-02,
         1.0915e-01, -3.7266e-02,  8.6980e-02,  1.3839e-02, -3.0747e-02,
         5.0861e-03, -5.0586e-03, -1.1029e-02,  7.4735e-02, -1.2431e-02,
         2.7178e-02,  2.4632e-02,  1.2930e-02,  2.6984e-02, -4.5900e-02,
         6.6304e-02,  1.6515e-02, -1.1187e-02, -2.0831e-02,  7.7120e-03,
        -7.1943e-02, -3.5479e-02, -2.9897e-02, -8.1953e-02,  1.0125e-01,
        -7.1328e-03,  7.5435e-03, -1.5712e-02,  2.5390e-02, -8.9902e-02,
        -2.9388e-02,  4.7003e-02, -2.7496e-02, -5.2061e-02, -5.6701e-02,
        -2.7134e-02, -3.2893e-02,  1.5786e-02, -5.6767e-03,  1.5221e-01,
        -1.2861e-01, -6.6799e-02, -2.9278e-02,  3.6433e-02,  2.2091e-02,
        -7.8606e-02, -7.0473e-03,  3.0835e-02, -2.2875e-02, -3.8641e-02,
        -6.0432e-02,  4.0811e-02,  8.9658e-03,  3.1904e-02, -1.1214e-02,
        -3.1679e-02, -6.3060e-02,  1.3006e-02, -3.5900e-02,  6.1678e-03,
        -3.5703e-02,  1.2252e-02,  9.4123e-02, -7.1675e-02,  1.0288e-01,
        -9.6759e-03, -1.1254e-02, -2.6517e-03, -5.9369e-02,  5.9275e-03,
         9.9214e-02, -9.9301e-02,  5.4839e-02, -5.3190e-03, -6.8798e-02,
         1.1212e-01, -7.6868e-02, -3.8849e-02, -5.7527e-02,  1.6793e-02,
         2.0983e-02,  4.7050e-02,  2.8577e-02, -1.0027e-01,  4.3474e-02,
        -4.5763e-02, -3.5599e-02,  3.3898e-02,  7.8607e-03,  1.6539e-02,
        -4.1381e-02, -6.4094e-02,  6.5428e-02,  7.7308e-03, -6.9765e-02,
         4.0514e-03, -3.3620e-02, -1.0367e-01, -9.5773e-02,  1.2566e-01,
         3.1095e-02,  1.4628e-01,  2.0813e-02, -9.1811e-03, -1.7824e-02,
        -5.7061e-02,  6.9540e-02,  8.2172e-02, -1.2553e-02,  5.1091e-02,
        -1.1518e-02,  5.8100e-03,  6.2037e-02,  7.7699e-02,  9.7522e-02,
         1.9057e-02,  9.8840e-02,  1.1893e-02,  4.1514e-02,  2.7875e-02,
        -4.5253e-02,  1.0775e-01, -2.3899e-33,  6.4007e-03,  3.1603e-02,
         2.6453e-02,  5.1571e-03, -4.1441e-03, -3.7896e-02, -9.4837e-03,
         4.0081e-02, -4.4239e-02,  2.9478e-02, -1.1148e-01, -4.5770e-02,
        -3.2985e-02,  5.2324e-02,  4.7129e-02,  1.8876e-02,  4.8066e-02,
        -1.3042e-02,  5.0020e-02, -9.0939e-02, -7.5103e-02, -2.4648e-02,
         1.3223e-02,  3.1472e-02,  5.1821e-03,  2.5438e-02, -7.3243e-02,
         1.9622e-02, -3.7928e-02,  5.5456e-03, -1.6373e-02, -2.6761e-03,
         5.6601e-02, -4.6319e-03,  4.0775e-02,  4.0546e-03, -2.5786e-02,
         4.6458e-02,  2.3478e-02,  1.6646e-03, -5.0983e-02,  1.1009e-02,
        -1.1788e-01,  3.0089e-02, -1.8343e-02,  6.2469e-02,  1.8565e-02,
        -2.4722e-03, -3.7178e-02,  3.4498e-02,  1.0586e-02,  4.8481e-02,
        -2.8473e-02,  6.3204e-02, -4.4284e-02, -1.9174e-02,  5.0320e-02,
         1.9915e-02, -6.9369e-04, -6.5207e-02,  2.4289e-02,  6.5558e-02,
        -6.6743e-02, -1.5968e-02, -7.2089e-02,  9.5991e-02,  4.1507e-02,
         5.7231e-02, -1.6487e-02,  1.0288e-01, -1.4598e-02, -3.8532e-02,
        -6.6158e-02, -6.8977e-02,  5.7539e-02, -2.1514e-03,  6.3579e-02,
        -7.0654e-02, -4.5917e-02, -9.0535e-03, -1.0919e-01,  2.6850e-02,
        -3.0928e-02, -3.6659e-02,  9.2839e-03, -1.1287e-02, -3.0884e-02,
        -3.8598e-02,  1.6572e-02, -2.9725e-03,  3.7740e-02, -1.1350e-01,
         5.3408e-02,  3.0118e-03, -3.6543e-02,  5.9509e-34,  1.8777e-02,
         7.5119e-03,  4.0293e-03,  4.1037e-02, -2.3083e-03,  1.9082e-02,
        -1.5696e-01,  7.5114e-02,  1.1872e-01, -5.0420e-02, -8.5923e-03,
        -4.7123e-02,  6.5839e-02, -2.0908e-02,  2.7292e-02,  4.8747e-02,
        -8.8236e-02, -1.9263e-02, -2.6938e-02,  4.6156e-02,  9.8877e-02,
         1.8997e-02,  4.2586e-02,  3.8128e-02,  1.6403e-02,  2.5502e-02,
        -2.2129e-02,  1.2634e-02,  9.3812e-03, -7.7132e-02, -2.3713e-02,
        -6.3274e-03, -3.0916e-02,  3.2781e-02, -3.6211e-02, -3.0711e-03,
         1.0749e-02, -6.7478e-02,  4.5093e-02,  1.2175e-01,  5.2016e-03,
         1.6392e-02, -1.0086e-01, -4.5733e-03, -3.1613e-02,  3.8894e-03,
         1.2780e-02, -4.9320e-02, -1.6442e-02,  3.2061e-02, -3.5697e-02,
         5.1586e-02, -3.2282e-02,  5.8214e-02, -1.8356e-02, -4.0771e-03,
        -3.4255e-02,  1.9790e-03, -6.5935e-03,  2.5227e-02, -5.9738e-02,
         2.6056e-02, -7.6875e-03, -1.3649e-02,  1.0750e-02,  2.8306e-02,
         1.6810e-02,  4.0760e-02, -5.0810e-02, -6.1553e-02, -1.3449e-02,
         5.7250e-02, -9.6975e-02,  4.6651e-02, -1.2879e-01, -1.0246e-03,
         1.2635e-03, -8.1563e-02, -2.3434e-02, -6.1903e-03, -3.3104e-03,
         4.5567e-02,  2.0262e-02,  4.2367e-02,  3.0952e-02,  9.1978e-02,
         5.7100e-02,  1.4425e-02,  2.2053e-02,  1.2109e-01,  1.0925e-01,
        -2.0275e-02,  1.0345e-01, -3.1616e-02,  4.0829e-02, -4.8223e-08,
        -2.5425e-02,  1.0059e-01, -1.6456e-02,  5.5741e-03,  1.9346e-02,
         2.4064e-02, -9.7049e-02,  9.8474e-02, -3.0108e-03,  3.4713e-02,
         5.9892e-02, -3.6759e-03, -1.0286e-01,  3.0625e-02, -5.0936e-02,
        -3.3568e-02, -7.6094e-03, -7.0747e-03,  2.7541e-02,  2.7621e-02,
         1.7345e-02,  1.5446e-02,  1.5504e-02, -5.0851e-02, -2.4413e-02,
        -5.0785e-02, -2.8720e-02, -6.0091e-02, -2.9958e-02,  9.6149e-02,
         1.8600e-02, -2.0077e-02, -1.0985e-01, -2.7204e-03, -2.9547e-02,
        -3.3965e-02,  5.7912e-02, -5.0395e-02, -1.5220e-02, -1.5723e-02,
         7.0211e-03,  2.0974e-02, -5.8377e-02,  3.3402e-03, -1.0511e-02,
         6.7377e-03,  6.1921e-02, -4.3910e-02,  4.7115e-03,  5.5036e-02,
         1.0173e-01, -2.8251e-02, -6.4491e-02,  1.2683e-02, -8.4343e-03,
         1.7513e-03, -2.4500e-02,  2.9911e-02,  1.8313e-02, -3.1949e-02,
         1.9782e-04, -3.2983e-02,  7.5952e-02,  6.8147e-03], device='mps:0')"
Pulp Fiction,Home media and ownership,"The first home video release was a VHS on September 12, 1995. Following their June 1993 sale to The Walt Disney Company, all of Miramax's home video releases were handled by Disney's Buena Vista Home Entertainment. However, the releases were being branded as Miramax Home Entertainment releases rather than Disney/Buena Vista releases, as a result of the studio's adult focused content. In 1996, Miramax issued a Special Collector’s Edition VHS, which included deleted scenes introduced by Tarantino. In Australia, the Special Collector's Edition VHS was released in late 1997, through Village Roadshow, who had an Australian distribution agreement with Miramax at the time. The film's first US LaserDisc release occurred on October 4, 1995, and was followed by a special Criterion Collection LaserDisc release on June 19, 1996. Between 1995 and 1997, the film received additional LaserDisc releases in France, Germany, Hong Kong, Japan, Spain, Taiwan, and the United Kingdom. On August 20, 2002, Miramax Home Entertainment released a two-disc Collector’s Edition DVD. This version included DTS sound, and extensive extras such as documentaries, interviews with cast and crew, and trailers.
In December 2010, The Walt Disney Company sold Miramax to a private equity holding company known as Filmyard Holdings. The company had multiple investors, including Tutor-Saliba Corporation and the private equity firm Colony Capital, who were making their first entertainment-related investment. Filmyard licensed the home media rights for most of Miramax's notable titles to Lionsgate Films, with lower profile titles being licensed to Echo Bridge Entertainment. Lionsgate Home Entertainment reissued Pulp Fiction on DVD on April 26, 2011, and on October 1, 2011, the film received a Blu-ray release through Lionsgate Home Entertainment. The UK version of the Lionsgate Blu-ray was released on November 26, 2012. In 2011, Filmyard Holdings licensed the Miramax library to streamer Netflix. This streaming deal included Pulp Fiction, and ran for five years, eventually ending on June 1, 2016.
Filmyard Holdings sold Miramax to Qatari state-owned company beIN Media Group in March 2016. In April 2020, ViacomCBS (now known as Paramount Skydance) acquired the rights to Miramax's library, after buying a 49% stake in the studio from beIN. Pulp Fiction is among the 700 titles they acquired in the deal, and since April 2020, the film has been distributed by Paramount Pictures. The deal also included a first look agreement with beIN/Miramax, which allows Paramount to release any future projects based on Miramax properties.
In late 2020, Paramount Home Entertainment started reissuing many of the Miramax titles they had acquired, and on September 22, 2020, they reissued Pulp Fiction on DVD and Blu-ray. Most of Paramount's Miramax reissues during this period had the same artwork as previous releases, but add the Paramount mountain logo to the packaging. On December 6, 2022, Paramount Home Entertainment released Pulp Fiction on 4K Ultra HD Blu-ray. The release includes special features originally from the 2011 Lionsgate Blu-ray. In celebration of Pulp Fiction's 30th anniversary, Paramount Home Entertainment released a 4K Ultra HD Collector's Edition on December 3, 2024, as an Amazon-exclusive set (also available via Zavvi in Australia). This edition retains the 2022 version's 2160p transfer with HDR-10 and Dolby Vision, also retaining the legacy special features. It includes a new slipcover featuring pop-up artwork of the Jack Rabbit Slim's dance scene between John Travolta and Uma Thurman. Additional collectibles include reproductions of lobby cards showcasing key film moments, a photography contact sheet, and collectible stickers/decals with film imagery, all presented in a protective folder with custom artwork.
Pulp Fiction was not one of the inaugural titles included on Paramount's subscription streaming service Paramount+, which launched on March 4, 2021, although it was later added to the service. It has also been made available on Paramount's free streaming service Pluto TV.","tensor([ 3.0808e-02, -1.1756e-01,  1.9800e-02, -3.0355e-02, -2.5281e-02,
         2.1294e-02, -8.4910e-02, -4.5510e-03, -5.1829e-02, -6.9294e-02,
         6.1985e-02,  9.3071e-02, -1.8959e-02,  6.1783e-02,  2.7545e-02,
        -9.6867e-02,  7.3291e-02, -2.0079e-02,  4.6517e-02, -2.3627e-02,
         1.2108e-01, -4.3659e-02,  2.5056e-02,  5.7441e-02, -9.7383e-03,
        -2.7565e-02, -1.5581e-02,  4.6043e-02,  2.3875e-02,  3.1624e-02,
         1.0426e-02,  1.7248e-02, -2.2722e-02, -2.6290e-02,  8.8751e-02,
        -1.3626e-01, -1.9284e-04, -4.3203e-02, -4.7789e-02, -1.0011e-01,
        -3.4359e-02, -2.8239e-02,  5.7746e-02,  2.5252e-02, -7.1279e-02,
        -7.7323e-02,  2.6563e-02, -7.3352e-02, -3.1525e-03,  8.3396e-02,
         2.7181e-02,  1.3872e-01, -2.1646e-02,  3.4864e-02, -1.4442e-02,
         5.7520e-03,  5.2377e-02,  5.0939e-02,  3.3727e-02, -4.6504e-02,
         1.3203e-02, -7.8635e-02, -8.9721e-03, -3.7397e-02,  7.4615e-03,
        -5.6971e-02,  5.3722e-02,  1.9930e-02,  2.4547e-02, -4.1697e-02,
        -8.9693e-02,  4.1347e-02,  5.7576e-02,  7.4827e-02, -9.1774e-03,
        -2.1797e-02,  4.8386e-02,  2.1398e-02, -6.6224e-02,  2.0544e-02,
         5.2167e-02, -4.5774e-03,  3.7148e-02,  3.1065e-03, -1.1758e-02,
         2.0973e-02,  1.8777e-02,  6.4332e-02,  5.4011e-02,  2.9923e-02,
        -2.7453e-02,  1.8283e-02,  1.2277e-02, -1.1716e-04, -5.3770e-02,
        -9.5673e-02,  9.1897e-03,  1.2068e-02,  7.7506e-02, -3.2975e-05,
         4.8557e-02, -7.3685e-02,  5.3955e-02, -4.4317e-02,  3.0262e-02,
        -2.7954e-02,  4.3651e-02,  3.7955e-02, -1.7139e-02,  2.1260e-02,
        -1.1290e-02,  3.1525e-02,  3.6254e-02, -5.7049e-03,  5.6743e-04,
        -2.4445e-02, -1.7901e-02,  3.2549e-02, -6.1834e-03, -2.1375e-02,
         2.6142e-02, -8.7003e-02,  9.1628e-02, -5.4672e-02,  2.6218e-02,
        -5.0983e-02,  8.1557e-02, -6.3288e-34,  2.8436e-02, -2.2423e-02,
        -4.2870e-02, -2.8496e-02, -9.0561e-03,  6.0842e-02,  8.3241e-02,
         6.0037e-02, -9.9076e-02, -2.8541e-02,  3.2497e-02, -4.2276e-02,
        -1.1148e-01,  2.7114e-02,  2.2868e-02, -3.4978e-03, -2.5016e-02,
         1.3767e-02,  3.8008e-02,  1.4099e-02,  6.6914e-03,  5.2907e-02,
         1.8574e-02,  1.4739e-02, -8.3454e-02,  4.4333e-02, -4.4858e-02,
         3.8139e-02,  1.0502e-02,  4.6150e-02, -6.0601e-03, -3.8118e-02,
         6.2731e-02, -5.6852e-02,  8.5513e-02,  5.6383e-02, -5.6594e-02,
        -4.8903e-03,  3.4177e-02, -4.4197e-02,  5.5081e-02,  4.7342e-02,
        -1.4064e-02,  1.0486e-02, -1.3911e-02,  1.2770e-02, -6.1056e-02,
        -8.6535e-03,  3.1903e-03,  1.2434e-02, -4.6826e-02, -2.0287e-02,
        -1.3277e-01, -4.4973e-02, -3.6100e-02,  1.0958e-02, -9.2056e-03,
        -5.7309e-02,  3.0139e-02, -1.4073e-03,  2.4063e-02,  2.4456e-02,
         3.8071e-02,  4.7294e-02, -2.7782e-02,  1.1659e-02,  1.3452e-01,
        -4.3676e-02,  3.1000e-02,  2.5257e-02, -4.8917e-02,  9.5469e-03,
         2.1552e-02, -1.1817e-01,  1.1847e-01, -5.4803e-02,  1.6874e-02,
         7.5640e-02, -1.9254e-02, -2.8512e-02, -6.8162e-02,  2.8694e-02,
         5.7315e-02,  4.7720e-02, -8.2090e-03,  4.4054e-02, -8.3252e-02,
         7.9693e-02, -2.3172e-02, -1.6631e-02,  2.6261e-02, -3.3001e-02,
        -5.1386e-02,  5.5731e-02,  4.3762e-02, -8.8136e-34,  3.0044e-02,
        -1.2096e-02,  3.1613e-02, -6.4204e-02, -8.5983e-02,  7.1933e-03,
        -6.8501e-02,  8.8220e-02, -3.0448e-02, -4.7433e-02, -1.0783e-02,
         4.1100e-02, -4.4963e-02,  2.5268e-02, -9.9940e-02,  3.6105e-02,
         5.4377e-02, -1.0561e-01,  1.0655e-01,  2.3132e-02,  3.9592e-02,
         2.3838e-02, -2.8083e-02,  5.3726e-02,  2.4746e-02, -4.5246e-02,
         4.2565e-02,  2.5126e-02, -1.2893e-02, -5.2374e-02,  3.7539e-02,
        -2.6343e-02, -1.0993e-03,  5.4290e-02, -2.1196e-02, -1.3294e-01,
         9.3554e-03, -6.5329e-02, -1.1625e-01,  6.3336e-03,  1.0492e-02,
         5.5265e-02, -3.3523e-02, -2.9218e-02, -1.2398e-02, -7.5028e-02,
         1.7157e-03, -4.7103e-02,  4.8431e-02,  1.7591e-02, -8.0657e-02,
        -2.8880e-02,  4.4286e-03, -4.1367e-03, -2.3040e-02, -7.6976e-03,
         2.8408e-03,  3.3878e-02,  6.5900e-02,  1.0901e-01,  2.5890e-02,
         8.0894e-02, -8.1816e-02, -5.3303e-02, -5.0631e-02,  7.0199e-02,
         7.4414e-02, -1.1567e-02, -2.8660e-02, -2.4792e-02,  4.0412e-02,
        -2.8803e-02,  1.7140e-02, -7.3997e-02, -1.9170e-02, -1.2247e-02,
        -5.9185e-02,  5.4158e-02, -1.5466e-02,  2.8488e-03, -2.8252e-02,
         2.0510e-02,  4.7577e-02,  9.7534e-02,  4.3974e-02, -6.5500e-02,
         4.8257e-02,  6.7217e-03, -2.9934e-02, -8.7745e-04,  7.6045e-03,
        -2.4637e-02, -6.1449e-02, -1.8321e-02,  5.7597e-02, -4.9088e-08,
        -4.2908e-02,  2.7025e-02, -1.2988e-01,  1.6692e-02,  2.9895e-02,
         1.2976e-02, -5.2537e-02,  1.0256e-01, -9.9371e-05, -1.0201e-02,
         4.9435e-02, -9.5273e-02, -5.0708e-02,  1.7397e-02,  1.8472e-03,
         4.0646e-02,  8.3411e-02,  6.0221e-02, -4.0638e-02,  3.7556e-02,
        -3.9626e-02, -2.8372e-02,  1.0818e-01, -2.5235e-02, -6.5682e-02,
         3.6404e-02, -9.0959e-02, -7.6504e-03,  2.8246e-02, -3.4572e-02,
        -3.9549e-03, -2.1856e-02, -5.3275e-02, -9.1954e-03, -2.3346e-02,
        -6.4129e-02, -2.5508e-02,  1.3482e-02,  5.5800e-02,  1.6862e-03,
         7.9581e-02, -1.4883e-02, -2.3959e-02,  9.5243e-03,  3.5721e-02,
         1.0968e-01, -5.0693e-02, -1.5377e-01, -3.1728e-02,  5.6626e-02,
         5.1160e-02, -1.9169e-02, -1.5275e-02,  3.7907e-03, -4.2330e-02,
        -7.1615e-04,  4.9678e-02,  2.0379e-03, -8.1840e-02,  4.2518e-03,
         1.2406e-01, -3.3256e-02,  2.7852e-02,  8.7868e-02], device='mps:0')"
Pulp Fiction,NFT dispute,"In November 2021, Miramax filed a lawsuit against Tarantino who released seven NFTs based on uncut and unseen scenes of Pulp Fiction and including the original handwritten script ""revealing secrets about the film and its creator."" Miramax claimed they own the film rights. Tarantino disputed the lawsuit and claimed he had rights to the film script in written form. The matter was later settled with Miramax's lawyers filing a brief statement in court: ""The parties have agreed to put this matter behind them and look forward to collaborating with each other on future projects, including possible NFTs.""","tensor([-6.3804e-02, -5.1990e-02,  5.6564e-02,  3.8878e-02, -1.5330e-02,
         3.0594e-02, -3.1845e-02,  1.5798e-02,  7.1378e-03, -2.7594e-02,
         3.3241e-02,  1.0276e-01, -2.7088e-02,  2.0841e-02,  3.3430e-03,
        -3.6452e-02,  1.9265e-02,  1.3507e-02, -3.9371e-02, -1.1727e-02,
         6.5749e-02, -9.8451e-03, -4.6789e-03, -6.4511e-02,  5.9811e-02,
        -4.0706e-02, -1.3855e-02, -3.4729e-02,  1.7085e-02, -6.6145e-02,
         1.5668e-02,  4.7976e-02, -3.3374e-02, -4.4603e-02,  1.2009e-01,
        -5.5535e-02,  1.0910e-02, -4.8843e-02, -7.7651e-02, -5.9698e-02,
        -6.9161e-02, -6.8731e-02,  1.3817e-02,  4.0444e-02,  1.2613e-02,
        -6.7118e-02,  1.2359e-02,  1.6804e-02,  3.8345e-02,  2.6420e-02,
        -7.7820e-02, -1.3260e-02,  3.9692e-02,  1.2921e-02,  1.4999e-02,
        -4.1657e-02,  4.7848e-02, -2.1509e-02, -3.6292e-03, -1.1795e-02,
         8.4519e-02, -6.0094e-02,  1.1054e-03,  7.7356e-03,  5.7712e-02,
         5.4366e-02,  8.6945e-02,  2.0211e-02, -5.8406e-02,  1.2178e-02,
         5.3745e-02, -7.1046e-03,  4.4848e-02, -1.7795e-02, -2.5498e-02,
         4.9778e-02, -2.1647e-02,  5.5707e-02, -1.9670e-02, -5.4130e-02,
         3.4936e-02, -4.3981e-02, -6.4529e-03,  1.7952e-02, -3.8631e-02,
         5.4946e-02, -2.3673e-02,  1.3024e-01,  3.2073e-02,  2.0536e-02,
        -6.0117e-02, -8.0695e-02,  5.4081e-02, -6.0712e-02, -4.4778e-02,
        -5.1459e-02, -5.9733e-02,  9.7987e-02,  2.9612e-02, -4.4303e-02,
        -7.7507e-04, -2.7661e-02, -5.9453e-03, -5.0868e-02,  7.9523e-02,
         4.7528e-02,  7.5309e-02, -2.9787e-02, -6.5844e-03, -4.1434e-02,
        -2.7261e-02,  2.7680e-02,  5.2788e-02,  9.4102e-02,  1.1909e-01,
         3.0442e-02, -2.0322e-02,  5.1800e-02,  3.1797e-02,  2.5568e-02,
         8.0773e-03,  1.8737e-02, -1.0030e-01,  5.8078e-02, -6.2474e-02,
        -1.6006e-02, -2.3817e-02,  1.2106e-33,  5.2895e-02,  4.0134e-02,
        -8.0174e-02, -2.3345e-02,  1.2716e-01,  2.3097e-02,  3.3040e-02,
         2.6552e-02, -1.2366e-01,  3.6559e-02, -2.2801e-02, -1.9170e-02,
        -1.7983e-02,  2.1136e-02, -6.3528e-02, -1.8620e-02, -2.2407e-02,
         4.0706e-02,  1.8740e-02, -2.9323e-02,  5.5571e-02,  7.5962e-02,
        -5.3066e-02,  3.9908e-02, -1.6613e-01,  1.4470e-03, -6.5664e-02,
        -3.3581e-02, -3.8620e-03,  2.5896e-03, -1.0130e-01,  1.2395e-03,
         9.6539e-02, -9.8244e-03,  5.6908e-02,  5.7072e-03,  3.1606e-03,
        -5.6869e-03,  1.4543e-02,  3.3890e-02,  8.6151e-03,  6.4613e-02,
        -5.9260e-02, -4.7930e-02, -1.0615e-01, -4.1185e-02, -1.0704e-01,
         4.9670e-02,  1.2259e-02,  4.6897e-02,  2.6301e-02,  6.5569e-02,
        -3.7974e-03, -7.8687e-02,  7.8506e-02, -8.0381e-03, -7.6988e-02,
        -3.2435e-02,  7.0735e-02,  4.1657e-02,  2.6090e-02,  1.4806e-02,
        -3.9640e-02,  3.4716e-02, -3.3733e-02,  9.4729e-02,  9.0298e-02,
         1.9003e-02,  5.9541e-02,  2.1471e-02, -8.1274e-02,  3.2940e-02,
        -4.3770e-02,  4.4292e-02, -2.6225e-02, -7.2065e-02, -3.5723e-02,
         1.4602e-02, -1.1102e-02,  6.2373e-02, -4.8614e-02,  7.2915e-02,
        -1.5986e-02, -3.4228e-02, -2.4214e-02, -2.6545e-03, -9.3098e-02,
         2.8555e-02, -1.4844e-02, -4.2553e-02,  4.5618e-02, -1.0095e-01,
        -5.2473e-02,  2.2213e-02,  1.0259e-02, -3.0448e-33, -2.7045e-02,
        -3.0253e-02, -4.0826e-02, -3.3619e-02, -1.0099e-01,  5.8266e-02,
        -8.6246e-02,  2.8377e-02,  1.7291e-02,  1.3561e-03, -3.2887e-02,
         2.9452e-02,  2.6649e-02, -7.0432e-02, -8.1170e-02, -4.4013e-02,
         3.2632e-02, -9.9889e-02,  5.2107e-02, -3.0341e-02,  1.0074e-02,
        -5.9533e-02, -4.1405e-02,  1.0478e-01,  2.3413e-02,  6.5163e-02,
         9.8350e-03, -6.3762e-02, -4.8909e-02,  8.1924e-02,  6.6485e-02,
        -3.8805e-02, -1.1568e-01, -2.0253e-02,  6.0243e-02, -8.8620e-02,
        -1.7291e-02,  1.5853e-02,  6.1528e-03, -1.7246e-02,  9.4790e-02,
         5.3665e-02,  1.3279e-02, -2.0797e-02, -7.5250e-02, -2.4174e-02,
        -3.6106e-02, -5.3569e-02,  8.5766e-02, -2.9765e-02,  1.1811e-02,
        -2.1147e-02,  4.4875e-02,  2.5053e-02, -5.7467e-02,  1.6216e-02,
         7.0743e-03, -2.5049e-02,  6.2110e-02,  6.7281e-02,  5.1552e-02,
         3.2788e-02, -8.0745e-02, -7.7641e-02, -3.0008e-02,  3.5830e-03,
        -4.7660e-02,  2.0423e-02, -5.3638e-02, -3.7935e-02, -1.3598e-02,
        -7.2517e-02,  3.3796e-02,  2.8922e-02, -1.1965e-03, -5.1566e-03,
        -2.1097e-02,  3.1781e-03, -9.1511e-02,  7.1243e-02,  6.6605e-02,
         1.2586e-02,  1.6050e-02,  5.8342e-02,  2.0257e-02,  2.5881e-02,
         4.8473e-02,  8.4532e-03,  8.7582e-02,  4.7996e-02,  5.3305e-02,
        -6.6992e-02, -2.1422e-02,  6.8925e-02,  2.8885e-02, -4.6443e-08,
        -4.1144e-02,  1.7381e-04,  9.1093e-03,  2.5037e-03, -2.5114e-02,
         2.6020e-02, -8.4382e-02,  6.6734e-02, -3.8769e-02,  5.7422e-03,
         1.0313e-01, -6.5837e-02, -7.7116e-02, -7.4193e-03, -4.0048e-02,
         3.6295e-02,  8.8159e-02,  6.7663e-03,  4.0987e-02, -1.8850e-03,
        -5.0858e-02, -2.3892e-02,  5.3837e-02, -1.6316e-02, -6.4710e-02,
         9.6864e-03,  1.7314e-02, -7.0674e-02,  2.1532e-02,  7.1059e-02,
        -9.2439e-02,  1.6555e-02, -1.8069e-02, -2.6567e-02, -6.9308e-02,
        -5.2130e-02,  5.7667e-02,  7.4682e-02,  1.8757e-02, -4.7988e-03,
        -1.1426e-03,  8.1556e-02, -2.9390e-02, -1.8699e-03,  1.4653e-02,
        -5.4428e-02,  8.8470e-03, -1.4060e-01, -4.0151e-02,  2.9819e-02,
         5.2964e-02, -2.0189e-02,  4.2410e-02,  6.4862e-02,  1.7916e-03,
        -2.0864e-02, -5.5330e-03,  5.4493e-02, -4.2950e-02, -3.2315e-02,
         3.0963e-02, -5.6981e-02,  1.2675e-01,  2.9270e-02], device='mps:0')"
The Godfather,Introduction,"The Godfather is a 1972 American epic gangster film directed by Francis Ford Coppola, who co-wrote the screenplay with Mario Puzo based on Puzo's best-selling 1969 novel. The film features an ensemble cast that includes Marlon Brando, Al Pacino, James Caan, Richard Castellano, Robert Duvall, Sterling Hayden, John Marley, Richard Conte and Diane Keaton. It is the first installment in The Godfather trilogy, which chronicles the Corleone family under patriarch Vito Corleone (Brando) and the transformation of his youngest son, Michael Corleone (Pacino), from reluctant family outsider to ruthless mafia boss.
Paramount Pictures obtained the rights to the novel for $80,000, before it gained popularity. Studio executives had trouble finding a director; the first few candidates turned down the position before Coppola signed on to direct the film, but disagreement followed over casting several characters, in particular Vito (Brando) and Michael (Pacino). Filming took place primarily in locations around New York City and Sicily, and it was completed ahead of schedule. The score was composed principally by Nino Rota, with additional pieces by Carmine Coppola.
The Godfather premiered at the Loew's State Theatre on March 14, 1972, and was widely released in the United States on March 24, 1972. It was the highest-grossing film of 1972, and was for a time the highest-grossing film ever made, earning between $250 and $291 million at the box office. The film was acclaimed by critics and audiences, who praised its performances—particularly those of Brando and Pacino—direction, screenplay, story, cinematography, editing, score, and portrayal of the mafia. The Godfather launched the successful careers of Coppola, Pacino, and other relative newcomers in the cast and crew. At the 45th Academy Awards, the film won Best Picture, Best Actor (Brando), and Best Adapted Screenplay (for Puzo and Coppola). In addition, the seven other Oscar nominations included Pacino, Caan, and Duvall, all for Best Supporting Actor, and Coppola for Best Director.
The Godfather is regarded as one of the greatest and most influential films ever made, as well as a landmark of the gangster genre. It was selected for preservation in the U.S. National Film Registry of the Library of Congress in 1990, being deemed ""culturally, historically, or aesthetically significant"" and is ranked the second-greatest film in American cinema (behind Citizen Kane) by the American Film Institute. It was followed by sequels The Godfather Part II (1974) and The Godfather Part III (1990).","tensor([-8.6646e-02,  1.1226e-03, -5.8184e-02,  1.8470e-02, -9.6940e-02,
        -2.7683e-02, -6.6295e-02,  7.0670e-02,  5.0910e-02, -3.1186e-02,
         1.7043e-02, -2.0259e-02, -2.9662e-02,  5.9271e-02, -7.2196e-02,
        -6.4882e-02,  8.1388e-02,  3.9395e-02,  5.1918e-02, -2.3141e-02,
         2.2393e-02, -7.5784e-02, -2.8266e-02,  5.9764e-02, -4.4301e-02,
         2.4858e-02,  9.4013e-03,  6.6359e-02, -1.0082e-01,  2.4342e-02,
        -4.0929e-02, -5.7188e-02,  3.5299e-02, -5.3531e-04,  8.3449e-03,
         1.1371e-02,  2.5479e-02, -2.2411e-02,  1.0281e-01, -4.4957e-02,
         5.8429e-02,  3.1159e-02,  2.4241e-02,  6.0561e-02,  9.4025e-02,
        -5.2527e-02,  2.5792e-02,  5.5430e-02,  5.5776e-02, -3.4974e-03,
        -7.7669e-02,  2.4327e-02, -1.1743e-02,  3.7401e-02, -5.1196e-02,
        -2.0076e-04,  2.2571e-03, -4.9493e-02,  5.6215e-02, -2.4696e-02,
        -7.4638e-02, -5.5053e-02,  1.2856e-04,  2.3047e-02,  1.9810e-02,
         8.6520e-03,  7.8928e-03, -2.8261e-02, -6.1960e-02,  4.2316e-02,
         3.6469e-02, -2.4951e-02,  3.9612e-02, -1.1471e-02, -2.3043e-02,
         3.1826e-02, -1.0028e-01,  1.8394e-02, -8.2215e-03, -1.1675e-01,
         1.2672e-01, -1.5074e-02, -9.2154e-02,  9.8883e-03, -7.5838e-03,
         6.1573e-02, -1.3150e-02,  5.9362e-03,  2.1924e-02,  4.6577e-02,
        -1.6722e-02,  1.9226e-02, -1.0699e-02, -2.9151e-02, -1.7916e-02,
         7.3545e-03,  2.4506e-02,  1.1090e-01,  4.1054e-02, -7.5628e-02,
         6.3948e-02, -6.2453e-02, -2.0272e-02, -5.4848e-02,  5.4808e-02,
         3.2495e-02,  9.8731e-02, -2.2333e-03, -1.1034e-03,  6.3150e-02,
        -1.6078e-01,  1.6540e-02,  7.0841e-03, -5.6407e-02,  3.0330e-02,
         2.0689e-02,  7.7327e-02,  1.6125e-02,  4.1353e-02,  8.3867e-02,
         4.9573e-02, -5.3000e-02,  1.6489e-03, -5.9288e-02,  1.1675e-02,
        -7.5978e-02,  1.0634e-02,  2.2647e-33, -1.3064e-03,  1.3759e-02,
        -6.1223e-03,  5.0312e-02,  3.1195e-02, -6.5182e-03, -3.0995e-06,
        -1.3628e-02, -9.0625e-02, -7.5324e-03, -7.5787e-02, -3.5106e-02,
        -7.9661e-02,  4.9726e-02, -5.4285e-03,  8.3480e-02, -6.2781e-05,
        -7.1504e-02, -2.2158e-03, -1.8818e-02, -7.8374e-02,  1.9015e-02,
        -3.2538e-02,  4.3981e-02, -2.3689e-02,  3.5796e-02, -4.3905e-02,
         2.9383e-03, -6.8518e-02, -2.8113e-02, -7.8301e-02,  7.1734e-02,
         1.1907e-02, -7.5545e-02,  5.4587e-02, -1.0814e-01, -3.8969e-02,
        -2.9587e-02,  1.0554e-02,  5.3318e-02, -6.9844e-02, -1.1329e-03,
        -5.1772e-02, -3.2607e-02, -4.1548e-02,  1.7533e-02, -5.4683e-02,
         9.4440e-02, -5.5484e-03, -8.9955e-04,  1.0874e-01, -4.9666e-02,
        -2.1057e-02,  4.6526e-02, -4.3184e-02,  5.4565e-02, -6.5862e-02,
        -9.4643e-02,  1.5311e-02,  2.5450e-03,  5.4360e-02,  5.5143e-02,
        -1.4322e-02,  7.5193e-02, -7.9961e-02,  2.0930e-02, -6.8951e-02,
         1.1191e-01,  6.0878e-02,  3.0158e-02,  3.0092e-02, -1.1577e-01,
        -7.5154e-02,  6.3700e-02,  4.9275e-02,  2.2322e-02,  1.9560e-02,
         5.2070e-02, -6.4306e-02, -1.8460e-03,  6.2521e-03,  8.1356e-02,
         8.9823e-02, -5.1105e-03, -9.7836e-03,  6.6793e-02, -1.0349e-02,
         4.5494e-02, -1.5621e-02,  3.7196e-02,  3.7724e-02, -1.4712e-02,
         1.9909e-03,  4.7407e-03,  2.1118e-02, -5.1961e-33,  9.3018e-02,
        -3.5614e-02,  6.5912e-02, -1.3148e-01, -9.7919e-02, -4.8741e-02,
        -1.0195e-01, -7.9127e-02,  1.2214e-01, -3.0293e-04, -5.5651e-02,
        -8.2141e-03,  6.6237e-02, -2.9422e-02, -4.4095e-03,  4.6873e-02,
        -6.4883e-02,  1.1707e-04,  1.1191e-02, -4.4612e-02,  5.7402e-02,
        -4.3200e-02,  4.7579e-03,  1.7575e-02, -3.1479e-02, -4.8263e-02,
        -5.2274e-02,  1.3916e-01,  6.1521e-02,  6.5601e-02, -3.8653e-02,
        -3.5579e-02,  4.9156e-02,  1.2267e-03, -7.5371e-03,  4.4263e-02,
         2.1396e-02, -1.9330e-02,  7.9964e-02, -8.8165e-03, -1.1594e-02,
        -2.9335e-02, -8.4922e-03, -3.0570e-02,  1.5966e-02,  1.1976e-03,
         5.7811e-02, -1.8206e-02, -5.3209e-02,  4.0966e-02, -1.2555e-02,
         3.0451e-02, -2.6807e-02,  5.6927e-02,  1.5238e-02, -1.1983e-02,
         9.8614e-04, -4.8856e-02,  4.9864e-02,  2.8123e-02,  4.8461e-02,
        -6.2323e-03, -1.0142e-01, -6.0465e-02, -1.0310e-02,  3.4791e-03,
        -4.3759e-02, -3.3051e-02,  4.8854e-03,  6.3440e-02, -3.0956e-02,
        -4.5255e-02, -8.0769e-02,  4.8255e-03, -1.0807e-02,  2.8144e-02,
        -9.5166e-02,  4.4440e-02, -6.1152e-03,  4.6812e-02,  2.3644e-03,
        -3.2520e-02,  1.9039e-02,  4.8510e-02, -7.2219e-03,  1.2881e-02,
         8.2132e-02, -3.7431e-02, -1.2909e-02,  7.7664e-02,  5.7885e-02,
        -4.8434e-02,  7.2181e-02, -3.0283e-02, -8.3463e-02, -6.2854e-08,
         2.1572e-02,  4.0625e-03,  6.8638e-02, -8.4944e-03,  6.5082e-03,
         9.2444e-03, -8.6481e-02, -6.4100e-02,  9.1536e-02,  1.0294e-02,
        -1.6011e-02, -3.1174e-02,  3.7633e-02, -1.5282e-02, -1.0978e-01,
         3.2041e-02,  2.8158e-02,  1.6335e-02,  3.5562e-02,  4.0269e-02,
         3.8801e-03, -3.1250e-02, -6.8861e-02,  1.1856e-02,  5.1857e-02,
        -1.5943e-02,  4.9025e-03, -1.0085e-02, -1.7660e-02,  9.1635e-02,
         5.5841e-04, -5.7121e-02,  5.2790e-02, -9.8125e-02, -5.3432e-03,
         7.3763e-03,  2.9106e-02, -5.2186e-02,  4.4817e-03, -1.1428e-01,
         7.6435e-02,  4.4160e-02, -6.0113e-02, -1.7270e-02,  1.2826e-02,
         6.1150e-05, -7.2093e-04, -2.3302e-02, -3.8824e-02,  8.7783e-03,
         7.2409e-02,  1.3155e-02, -2.2001e-02, -2.1676e-02,  3.7086e-02,
        -1.1254e-01,  3.5859e-02,  9.7734e-02,  5.4565e-02, -6.1739e-02,
         6.5177e-02, -1.4906e-03, -5.3067e-03, -2.5430e-02], device='mps:0')"
The Godfather,Plot,"Michael Corleone is a World War II veteran and the youngest son of Don Vito Corleone, the head of the Corleone mafia family and de facto ""godfather"" of the Five Families–with the heads of the other four families being Philip Tattaglia, Emilio Barzini, Carmine Cuneo, and Victor Stracci. Michael has managed to stay out of the family business, run largely by his father, his oldest brother Santino a.k.a. Sonny, and adoptive brother Tom Hagen, who is the family's consigliere. At his sister Connie's wedding to Carlo Rizzi, Michael introduces his family to his girlfriend, Kay Adams.
Approaching Christmas, Michael becomes embroiled in family affairs when Vito is gunned down by two assailants. Vito had earlier refused to offer protection to drug baron, Virgil ""The Turk"" Sollozzo, for dealing narcotics in the city. Sollozzo has the support of the Tattaglia family, who garrote notorious Corleone enforcer Luca Brasi when he attempts to become a mole in Sollozzo's operation. While Vito survives the attempt and recovers at the hospital, Sonny takes over the family as acting boss. He has Michael live at the house for his protection, as a successful hit on Tattaglia's son Bruno leads to war between the two gangs. NYPD Captain McCluskey arrests Vito's bodyguards to allow Sollozzo to make another attempt on Vito's life, which is stopped by Michael and Hagen. Michael arranges a meeting with Sollozzo and McCluskey, allowing Michael to shoot both men dead with a gun smuggled in by Corleone caporegime Peter Clemenza. Michael flees the scene, seeking refuge in his family's native Sicily, to escape the ire of NYPD and the other gangs back home. There, he falls in love with a local woman, Apollonia Vitelli, and marries her.
Back in New York, war has broken out between the Five Families. Sonny receives a distress call from Connie, who is being abused by Carlo. En route to her house, he is ambushed and murdered at a highway toll booth. With Sonny dead and his middle son Fredo unfit to rule, the recovering Vito orders an end to hostilities. He negotiates peace with the other Family heads, offering a controlled drug trade and access to his political connections in exchange for an end to all vendettas, and Michael's safe return to the US. Meanwhile, Michael survives a hit in Sicily, which kills Apollonia. He returns to the US, slowly taking over the family business. He marries Kay and promises that he will legitimize Corleone family operations in five years. Michael visits Las Vegas to negotiate a deal with Jewish mobster Moe Greene, under whose protection Fredo has been living. Michael offers to buy out Greene's stake in the family casinos, but Greene refuses and flaunts his support from Barzini. After Moe leaves, Michael reprimands Fredo for defending Greene.
Since the peace meeting, Vito suspects that Barzini, not Tattaglia, is the mastermind behind Sonny's death. He and Michael discuss a potential Corleone family traitor, who might approach Michael with an offer to make a deal with the Barzinis. Vito dies of a heart attack while playing with his grandson, Michael's son Anthony. At his funeral, Corleone caporegime Salvatore Tessio asks Michael to meet with Barzini, signaling his betrayal. Michael attends his nephew's baptism to be anointed as his godfather; during this, Michael's hitmen carry out orders to simultaneously assassinate the heads of the other Families as well as Greene. Tessio is led off to be executed for his treachery. Michael orders Clemenza to garrote Carlo for abusing Connie and conspiring with Barzini to kill Sonny.
At their house, Connie accuses Michael of killing Carlo. To Kay's relief, Michael denies the accusation, but as she exits the room, Corleone family capos approach Michael and offer him their allegiance. As Kay looks on with trepidation, Clemenza kisses Michael's hand and addresses him as ""Don Corleone"".","tensor([-1.0191e-01,  2.7109e-02, -5.0133e-02, -3.9806e-02, -5.8464e-02,
        -1.9083e-02,  8.4413e-03,  8.8046e-02,  3.2405e-02, -6.6844e-02,
         6.5385e-02, -6.3310e-02, -3.3667e-02,  6.9183e-02, -5.2505e-02,
        -8.2898e-02,  1.6698e-02,  7.8925e-02, -7.4525e-02,  2.9557e-02,
        -4.1429e-02, -1.1353e-01,  6.6947e-03,  1.4873e-02, -5.4297e-02,
         8.9658e-02,  1.6311e-02,  5.1371e-02, -9.9614e-02,  2.9967e-02,
        -1.7911e-02, -6.3311e-02, -1.3064e-02,  4.3173e-02,  1.1900e-02,
         5.8078e-02,  1.8925e-02,  5.6377e-02,  1.1312e-01,  2.9559e-02,
         3.4030e-02, -1.6721e-03,  5.1567e-02,  6.9591e-03,  9.8269e-02,
        -5.3800e-02,  5.9653e-03,  1.6663e-02,  5.5457e-02, -1.0690e-02,
        -8.1909e-02, -4.2341e-02,  2.1583e-02,  3.7771e-02, -3.0802e-03,
         1.7216e-02,  3.8827e-02,  1.5818e-03,  3.0681e-02,  2.4559e-03,
        -4.0097e-03, -1.7362e-02, -3.0285e-03,  2.8827e-02, -6.3930e-02,
         5.4777e-03, -2.1820e-02, -1.4929e-02, -1.3645e-02,  9.2212e-02,
         5.9946e-02, -5.1944e-02,  1.9454e-02,  5.5329e-03, -5.4795e-02,
         6.9617e-02, -2.6655e-02,  2.2628e-02,  3.6916e-02, -7.4374e-02,
         9.1233e-02,  3.4708e-02, -5.6791e-02, -4.3717e-02,  3.8659e-03,
        -4.5429e-03, -8.1176e-02, -5.4823e-02,  4.5270e-02,  3.9055e-02,
        -4.3080e-02,  2.7737e-02,  2.2053e-02, -8.7541e-02,  4.0347e-02,
         1.8936e-02,  2.9061e-02,  1.0724e-01, -1.3409e-01, -6.0453e-03,
         2.3310e-02, -3.2387e-02, -1.4074e-02,  3.0644e-02,  4.6334e-02,
         6.0813e-02,  7.3232e-02,  2.7077e-02, -2.6695e-02, -6.3820e-03,
        -1.4036e-01,  3.6931e-03, -3.4539e-02, -8.5740e-02,  3.6432e-02,
         8.1347e-02,  4.2988e-02,  8.5562e-02,  4.7862e-03,  1.5328e-02,
         8.5705e-02,  4.8094e-02,  2.9990e-02,  1.8210e-02,  8.8838e-03,
         7.2991e-03, -5.0492e-02,  4.2807e-33, -2.1703e-03,  2.4291e-02,
        -2.7661e-02,  5.3642e-02, -6.7156e-03, -1.2237e-02, -1.0123e-01,
         1.9203e-02, -5.2568e-02,  8.0815e-03, -1.0338e-01, -4.8572e-02,
        -6.1208e-02, -2.3903e-02, -5.9223e-02,  1.4162e-01, -1.7870e-02,
         9.4101e-03, -4.4387e-02, -2.5214e-02, -8.4411e-03,  3.1914e-02,
        -1.4195e-02,  4.5892e-02, -2.6444e-02,  3.9920e-02, -4.9599e-02,
        -9.9064e-03, -4.2453e-02, -1.7224e-02, -1.0546e-01,  1.0579e-01,
         2.1716e-02, -7.1632e-02,  2.1036e-02, -2.3029e-02, -3.7317e-02,
         4.1806e-03, -1.4894e-02,  3.6710e-02, -8.3067e-02, -4.6532e-03,
        -3.8936e-02,  1.0527e-02, -2.8486e-02, -5.9610e-02, -1.8065e-02,
         2.3146e-02,  5.1910e-02, -7.5312e-02,  1.0439e-01, -9.6088e-02,
        -3.5248e-02,  8.7955e-02,  8.2684e-03,  5.3829e-02, -2.9078e-03,
        -7.0442e-03,  3.7717e-02,  8.3017e-02,  9.8764e-02, -3.9413e-02,
        -4.6273e-03,  9.5634e-02, -5.5398e-02, -2.6298e-02, -2.0853e-02,
         9.8956e-02,  4.2749e-02, -2.4034e-02,  2.3773e-02, -5.4425e-02,
        -3.9530e-02,  1.6105e-02, -2.1775e-02,  4.0095e-02,  3.5419e-02,
         4.5437e-02, -8.5518e-02, -7.4312e-03,  2.7736e-02, -4.7787e-03,
         1.0614e-01, -6.2930e-02, -1.2860e-02,  5.3544e-02, -4.6600e-03,
        -4.9814e-02, -4.7120e-02,  5.5741e-02,  2.6557e-02, -2.2158e-02,
         7.2768e-03, -3.2316e-02,  7.7548e-03, -6.0459e-33,  3.3847e-02,
        -2.1513e-02,  3.6210e-02, -1.1482e-01, -4.6076e-02, -4.2932e-02,
        -6.1407e-02, -8.2641e-02,  8.3938e-02, -2.9168e-02, -5.0454e-02,
        -4.7623e-02,  4.8432e-02, -4.4906e-02, -3.6008e-02,  3.4693e-02,
        -4.0461e-02,  4.1128e-02,  4.0142e-02, -6.4496e-02,  6.6957e-02,
        -2.5931e-02, -4.5842e-02,  4.0365e-02, -1.8591e-02, -3.5658e-02,
        -4.7195e-02,  9.5876e-02,  1.2837e-03,  7.8067e-02, -9.1481e-02,
        -5.3150e-02,  5.9156e-02, -3.7298e-02,  8.5823e-02,  1.2034e-01,
        -8.6617e-02,  6.3058e-04,  3.8804e-02, -3.7798e-02,  4.4494e-02,
        -5.8145e-02, -2.7699e-02,  2.5037e-02, -6.6388e-03,  4.9760e-02,
         3.3806e-02,  9.1944e-03, -2.5202e-02, -2.2976e-03,  1.2731e-02,
        -4.0318e-02, -7.1058e-02,  4.5224e-02, -3.0671e-02,  2.8139e-02,
         3.2231e-02, -1.3569e-02, -1.8298e-02,  2.6110e-02,  2.6389e-02,
        -1.9903e-02, -5.1317e-02, -3.8563e-04, -1.3620e-02,  4.7150e-02,
        -2.9987e-02,  2.1728e-02, -6.1025e-03,  4.6308e-02,  1.7239e-02,
        -1.0614e-01, -2.6304e-02, -1.0068e-02,  1.6842e-02,  4.8263e-02,
        -1.1658e-01,  4.3585e-02,  2.3325e-02,  1.4838e-02, -3.6199e-02,
        -5.4750e-02,  8.9545e-03,  5.2706e-02, -2.5662e-02, -3.8886e-02,
         9.0652e-02, -7.9402e-03,  3.8838e-02,  2.8023e-02,  4.8855e-02,
        -6.0909e-02,  1.1338e-01, -3.5150e-02, -3.9122e-02, -5.9814e-08,
         1.0440e-01, -1.2910e-02,  6.3094e-02, -3.7236e-02, -5.3424e-03,
         2.5656e-02, -7.7044e-02, -3.0981e-02,  1.5929e-02,  7.7141e-02,
        -3.5276e-02,  7.1227e-03,  1.0236e-02, -4.0265e-02, -5.9549e-02,
         2.5555e-02, -3.6262e-02, -9.9501e-03,  2.8852e-02, -5.1099e-03,
        -2.0245e-02, -1.8289e-02, -7.3028e-03,  6.3992e-02,  6.9741e-02,
        -5.5882e-02,  1.7533e-02,  9.7267e-02, -2.0668e-02,  4.6071e-02,
         3.0232e-02, -7.0441e-02,  2.9437e-03, -3.9622e-02, -2.1801e-02,
         1.4894e-02, -1.9867e-02, -3.8185e-02, -2.0261e-02, -8.0029e-02,
        -1.6426e-03, -5.6893e-02, -4.7767e-02, -2.7488e-02, -5.3197e-02,
         2.3232e-02,  4.5827e-02, -1.7235e-02,  1.6307e-02, -1.0084e-03,
        -3.9544e-02,  3.0351e-02, -7.9148e-02,  1.1264e-02, -1.3831e-02,
        -1.2288e-01,  4.6177e-02,  1.2461e-01,  8.6727e-02, -6.7816e-02,
        -1.8708e-02,  2.6141e-02,  5.2834e-02, -5.7127e-02], device='mps:0')"
The Godfather,Cast,"Uncredited members of the cast include Tom Rosqui as Rocco Lampone, one of Michael's enforcers; Joe Spinell as Willi Cicci, one of Clemenza's enforcers; Gabriele Torrei as Enzo the baker, and Anthony Gounaris as Anthony Corleone. Francis Ford Coppola's daughter Sofia, who was still an infant at the time, appears uncredited as Michael Rizzi in the baptism sequence.","tensor([-7.4524e-02,  2.0356e-02, -9.4250e-02, -1.4240e-02, -5.3565e-02,
         2.9692e-02,  3.5446e-02,  4.1446e-02, -2.1777e-03, -8.4751e-02,
         1.1069e-01, -6.4562e-02, -5.8210e-02,  1.0549e-01, -1.3473e-02,
        -3.9138e-02, -1.6283e-02,  1.0635e-01,  1.3123e-02,  6.2288e-03,
        -4.2431e-02, -4.6421e-02,  3.7462e-02,  8.0066e-02, -6.4059e-02,
         4.5990e-03,  6.0152e-02,  1.8716e-02, -3.6195e-02, -3.8570e-02,
         4.1493e-03,  6.7161e-02, -6.1930e-02, -1.0162e-02,  1.2970e-02,
         3.1067e-02,  2.7938e-02, -6.5953e-02,  7.2709e-02, -5.0310e-02,
         4.1734e-02, -1.6093e-02, -4.6736e-02,  8.3489e-02,  5.7193e-02,
        -8.9153e-02,  9.0144e-02, -3.6425e-02,  5.5567e-02, -4.9283e-02,
        -6.5428e-02,  1.8274e-02,  8.9050e-02, -3.6710e-02, -2.5105e-02,
        -3.4629e-02,  7.1499e-02, -4.1512e-02,  4.5795e-02, -1.6224e-02,
        -3.7167e-02, -1.5471e-02,  6.4245e-02,  4.6647e-02, -8.8198e-03,
         2.6077e-02, -4.6398e-02, -7.5921e-02,  3.1436e-02, -4.9826e-02,
        -8.2523e-03, -5.7015e-02,  7.0769e-03, -8.2350e-02, -9.4650e-03,
         4.3735e-02, -2.7940e-03, -4.1165e-04, -5.0635e-02, -1.1223e-01,
         7.4996e-02, -1.4787e-01, -1.0411e-01,  3.3712e-02,  5.4170e-02,
        -3.9219e-03,  7.0922e-03, -6.3576e-02,  1.7476e-02,  1.2576e-01,
        -9.5673e-02,  3.7295e-02,  2.8516e-02, -3.9915e-02,  1.7975e-02,
        -4.2968e-02, -1.5387e-03,  7.3858e-03, -4.1458e-02,  6.6633e-02,
         1.5715e-02,  1.9062e-03,  6.9742e-02,  6.4040e-02, -2.3475e-02,
         4.0255e-02,  5.8027e-02, -9.9791e-02,  2.9640e-03,  9.1768e-04,
        -1.9606e-02, -2.4256e-02, -9.4150e-03,  3.2042e-02,  4.4143e-02,
        -8.3496e-03,  1.6775e-02,  5.8714e-02, -4.3464e-03, -1.5995e-02,
         7.6646e-02, -1.6038e-02, -1.7175e-02,  1.6315e-02,  7.9046e-03,
        -1.2262e-02, -9.1813e-02,  4.3553e-33, -1.5995e-02,  1.9828e-02,
         2.3257e-02,  3.0768e-02,  7.8827e-02,  2.5794e-02, -2.0659e-02,
         1.0492e-01, -9.0562e-02, -4.3497e-02, -1.1048e-01, -6.2279e-02,
        -2.3684e-02, -4.2782e-02, -1.2516e-01,  1.0891e-01, -1.5073e-02,
         6.7604e-03,  1.2881e-02,  3.3414e-02,  7.5968e-03,  4.9365e-02,
        -7.1425e-02,  5.1738e-03, -2.7415e-02,  2.4129e-02,  1.1632e-02,
        -1.8879e-03,  6.7013e-02,  1.3237e-02, -3.9442e-02,  4.3480e-02,
         4.5212e-02, -3.6503e-02,  9.4009e-02, -1.1920e-03, -5.9525e-03,
        -6.9514e-02, -1.4631e-02,  4.8461e-02, -4.1156e-02,  2.7182e-03,
         4.0624e-02, -3.5540e-04, -1.5414e-01, -7.6659e-02, -4.8252e-02,
         6.3723e-03,  1.0250e-01,  5.2923e-02,  5.9609e-02, -3.5342e-02,
        -6.9159e-02,  4.8335e-03, -1.5240e-02,  2.1542e-02, -3.5306e-02,
         5.2086e-02,  2.1943e-02, -3.8149e-02, -2.0477e-02,  3.8573e-02,
        -6.0891e-02,  9.5555e-03, -4.2899e-02,  1.1638e-02, -6.7844e-03,
         9.5878e-02,  4.0257e-02, -4.3374e-02, -2.7032e-02, -6.0692e-02,
        -5.9662e-02,  4.0183e-03,  1.7799e-02, -3.5429e-02, -1.7745e-02,
         2.1956e-02, -8.7362e-02,  1.0573e-02, -2.8988e-02,  7.8177e-02,
         8.9487e-02, -7.7807e-03, -7.1161e-02, -1.8675e-02, -1.7933e-02,
         8.1585e-02,  2.8735e-02,  3.1279e-02,  6.0600e-02, -1.5409e-02,
         7.5073e-02, -1.6934e-02, -1.3955e-02, -4.4550e-33,  4.9290e-03,
        -4.0287e-02,  1.2490e-02, -8.7455e-02,  4.1179e-02, -6.1697e-02,
        -4.2678e-02,  2.4859e-03,  1.5060e-02, -6.3016e-02,  8.6593e-03,
        -7.9902e-03,  2.3949e-02, -8.7964e-02, -3.2127e-02,  5.0752e-02,
        -4.9533e-02,  5.5900e-02,  7.1701e-02,  2.0044e-03,  3.9131e-02,
        -7.4186e-02,  1.9810e-02,  3.0251e-02, -2.8465e-02,  7.0002e-03,
         8.1953e-02,  1.2384e-01, -1.6458e-02,  3.7918e-02, -7.4825e-02,
        -3.8872e-03, -1.2237e-02, -2.5742e-02, -4.1543e-03,  1.0134e-01,
        -6.0304e-02,  1.0454e-01, -9.3708e-03,  1.3919e-02, -3.2926e-02,
        -5.3752e-02,  8.5189e-04,  6.8266e-02, -4.3117e-02,  1.4861e-02,
         7.4048e-02,  5.0994e-02, -2.9453e-02,  3.4494e-02, -2.9942e-02,
         3.7238e-03, -8.4163e-02,  2.2456e-04,  6.8382e-03,  3.3933e-02,
         3.1958e-02, -3.7182e-02,  7.4046e-02,  2.7922e-02,  3.1436e-02,
        -6.4931e-02,  2.3645e-02, -5.8881e-02,  5.4640e-03, -1.5843e-02,
        -6.5707e-02,  6.3733e-02, -6.5809e-02,  2.4953e-02,  8.0956e-02,
        -4.1797e-02, -1.4631e-02,  3.1427e-02, -7.6715e-03,  2.0509e-02,
        -3.3600e-02,  2.3376e-02,  1.0365e-01, -3.6224e-02, -1.8965e-03,
        -7.7312e-02, -4.6770e-02,  1.2477e-01,  2.2001e-02, -2.4084e-03,
         1.7149e-02, -3.4923e-02,  4.3546e-02,  4.1718e-02, -3.5818e-03,
         4.6851e-02,  9.1817e-02, -1.3756e-01, -8.4422e-03, -4.4364e-08,
        -4.5280e-02, -5.1563e-02,  1.2508e-02,  3.0385e-02, -1.1032e-02,
        -3.8125e-04, -9.8026e-02, -1.9366e-02, -2.1302e-02, -1.3190e-02,
        -2.7976e-02, -4.2548e-02,  1.1916e-01, -6.8006e-02, -2.2008e-03,
         8.5764e-02,  2.6333e-02,  7.3719e-02, -4.8356e-03,  6.5278e-02,
        -9.5839e-03, -1.0197e-02, -1.7522e-02,  3.0705e-02,  3.9110e-02,
        -3.5482e-02,  3.6543e-03,  4.5531e-02, -3.2548e-02,  2.9917e-02,
        -9.7677e-03, -2.0936e-02, -3.8157e-02, -5.7201e-02, -7.2938e-03,
        -3.4768e-02, -1.6480e-02, -5.7097e-02, -5.6231e-02, -7.7506e-02,
         4.0347e-02,  2.3975e-03, -1.4230e-02, -9.7274e-03,  3.4669e-02,
         2.1269e-02,  3.0334e-02, -3.0521e-02,  2.7137e-02,  2.1369e-02,
         8.6541e-02,  6.1811e-04, -3.0516e-03,  7.8112e-02, -3.8510e-02,
        -6.2797e-02,  4.1432e-02,  7.2427e-02,  2.5270e-02,  2.0979e-02,
        -3.9980e-02,  7.4043e-03,  8.5639e-02, -5.9671e-02], device='mps:0')"
The Godfather,Development,"The film is based on Mario Puzo's The Godfather, which remained on The New York Times Best Seller list for 67 weeks and sold over nine million copies in two years. Published in 1969, it became the best selling published work in history for several years. Burt Lancaster and Danny Thomas both expressed interest adapting the book. Paramount Pictures originally found out about Puzo's novel in 1967 when a literary scout for the company contacted then Paramount Vice President of Production Peter Bart about Puzo's unfinished sixty-page manuscript titled Mafia. Bart believed the work was ""much beyond a Mafia story"" and offered Puzo a $12,500 option for the work, with an option for $80,000 if the finished work were to be made into a film. Despite Puzo's agent telling him to turn down the offer, Puzo was desperate for money and accepted the deal. Paramount's Robert Evans relates that, when they met in early 1968, he offered Puzo the deal after the author confided in him that he urgently needed $10,000 to pay off gambling debts.
In March 1967, Paramount announced that it backed Puzo's upcoming work in the hopes of making a film. In 1969, Paramount confirmed their intentions to make a film out of the novel for the price of $80,000, with aims to have the film released on Christmas Day in 1971. On March 23, 1970, Albert S. Ruddy was officially announced as the film's producer, in part because studio executives were impressed with his interview and because he was known for bringing his films in under budget.","tensor([-1.0080e-01, -2.8195e-02, -1.0451e-01, -1.4590e-02, -1.6090e-01,
        -2.6277e-02, -1.2880e-02,  4.5232e-02, -2.7130e-03,  3.3527e-02,
         5.7727e-02,  8.4749e-02,  1.8883e-02, -1.7018e-03, -3.9125e-02,
        -4.9559e-02,  4.5781e-02,  2.0201e-02,  6.9622e-02, -1.8744e-02,
        -5.0817e-02, -5.8471e-02, -7.3424e-03, -8.4929e-03,  3.2671e-02,
         2.3882e-02, -5.8189e-02, -6.1398e-03, -2.4576e-02, -5.4627e-02,
        -4.0892e-02,  3.5770e-02,  6.1695e-02, -3.7740e-02,  6.5278e-02,
         6.0116e-03, -9.2256e-03,  2.1466e-04, -2.0093e-02, -7.8918e-02,
         2.7315e-02, -1.4005e-02, -3.4743e-02,  7.3502e-02,  3.4436e-02,
        -3.2837e-02,  8.1571e-02,  8.8438e-02,  2.5154e-02,  4.7783e-03,
        -7.8207e-02,  3.5599e-02,  7.0465e-02, -3.7482e-02, -4.6813e-02,
        -4.8066e-02, -4.5140e-03,  1.4931e-02, -2.7684e-02, -5.7712e-02,
        -5.3592e-02, -3.1824e-03, -7.7327e-02, -3.0569e-02,  3.1525e-02,
         5.3034e-02, -2.0318e-02,  1.4213e-04, -1.2499e-01,  2.8669e-02,
         3.1296e-02, -1.2182e-02, -1.2932e-02, -5.3730e-02, -4.2190e-02,
         2.2827e-03, -8.0348e-03, -7.3903e-02, -4.1283e-02, -6.9089e-02,
         9.7960e-02, -7.2480e-02, -5.6996e-02, -1.1216e-02, -2.7592e-02,
         6.0292e-02,  5.1473e-02,  5.8139e-02,  4.3064e-02,  5.9422e-04,
         5.1625e-02,  2.0642e-02,  3.4263e-02, -4.1823e-02, -2.4653e-02,
         6.7338e-02, -5.6503e-02,  1.2516e-01,  8.8638e-02, -6.9777e-02,
         8.6898e-02, -4.2144e-02,  4.9847e-03, -1.0668e-01,  1.2329e-01,
         3.0624e-02,  9.8674e-02,  3.1668e-02, -6.7249e-03, -1.5947e-02,
        -1.7046e-01,  7.6230e-02,  2.6504e-02,  3.5452e-02,  1.1630e-01,
         1.7936e-02,  7.0377e-02,  5.0021e-02,  8.8696e-02, -1.7692e-02,
         2.1329e-02,  6.8547e-02, -2.7590e-02, -4.2165e-02, -9.7734e-02,
        -1.2672e-02, -4.7955e-03,  1.3751e-33, -7.4307e-02,  4.6122e-02,
        -4.1989e-02, -3.7230e-04,  5.1750e-02,  3.6665e-02,  4.3864e-02,
        -1.6467e-02, -7.1119e-02,  2.2004e-02, -7.7165e-02,  7.3825e-03,
        -8.9207e-02,  1.9918e-02, -1.9079e-02,  2.5123e-02, -2.3672e-02,
        -3.8563e-02,  6.7335e-02, -3.8466e-02, -2.5771e-02, -4.1673e-02,
        -7.7365e-02,  3.3087e-03, -4.1795e-02,  5.2443e-02, -3.9661e-02,
         4.7086e-03, -5.3409e-02, -3.1605e-02, -9.4000e-02,  9.4185e-02,
         5.4531e-02, -7.9167e-02,  7.9639e-02, -4.8518e-02, -1.3335e-02,
         4.3525e-03,  6.6088e-03,  4.4283e-02, -5.1389e-02,  2.3975e-02,
        -1.0359e-01, -3.5387e-02, -3.1872e-02,  5.7023e-02, -4.9554e-02,
         3.1349e-02, -1.9045e-02,  1.2434e-02,  6.9523e-02, -1.6170e-02,
        -3.0891e-02,  1.8054e-02, -2.9528e-02,  2.0062e-02, -8.8564e-04,
        -7.8937e-02,  3.5740e-02, -8.1234e-03,  4.7963e-02,  3.5689e-02,
         2.0437e-03,  9.0497e-02, -6.0272e-02,  2.2438e-02, -2.6139e-02,
         5.7033e-02, -2.3419e-02,  1.0848e-02, -6.8233e-03, -6.3969e-02,
        -6.1925e-02, -6.1743e-02,  4.3380e-02, -5.5932e-02, -3.9633e-02,
         6.7349e-02, -2.2612e-03,  1.1780e-02, -1.7198e-02,  1.8034e-02,
         3.0157e-02, -9.1321e-03,  1.3023e-02,  1.0731e-01,  7.7751e-03,
         3.5897e-02, -1.6246e-02, -1.8460e-02,  6.3064e-02, -8.5000e-02,
         9.5786e-03, -4.7416e-03,  7.5875e-02, -3.9342e-33,  8.0378e-03,
        -5.6214e-02,  2.9518e-02, -2.7850e-02, -3.9391e-02, -3.8619e-02,
        -7.2349e-02,  1.5013e-04,  1.1447e-01,  8.8253e-03, -5.1540e-02,
        -2.8039e-02,  3.6925e-02, -2.5546e-02,  1.2753e-02, -1.4713e-02,
        -2.9466e-02, -5.0596e-02,  1.6353e-04, -6.2847e-02, -3.0777e-02,
        -2.4408e-02,  1.5566e-02,  1.0764e-01,  1.1097e-02,  1.3728e-02,
         3.8299e-02,  2.6788e-02, -1.4675e-02,  8.5454e-03, -2.6434e-02,
        -3.2452e-02, -9.9504e-03,  3.0276e-02, -1.2555e-02, -2.0974e-02,
         5.8020e-02, -1.0771e-02,  1.7000e-02, -4.3436e-02, -4.3331e-02,
        -2.2795e-03, -3.5749e-02, -2.2905e-02, -2.2689e-02,  4.9222e-02,
         3.4188e-02, -4.2904e-02, -3.2509e-02, -3.2419e-02,  4.3852e-02,
         5.6565e-02,  8.0301e-02,  5.2145e-02, -5.7450e-02, -8.9481e-03,
        -6.6261e-03, -2.7475e-02,  9.5022e-02,  7.0701e-02,  4.4780e-03,
         2.7448e-02, -1.0380e-01, -1.7111e-02,  1.9380e-03, -7.5356e-02,
         2.0608e-02,  4.1318e-03, -6.0503e-03,  1.4765e-03, -8.5862e-02,
        -7.7812e-02, -1.5278e-03,  6.6386e-02, -3.2486e-02,  1.1816e-01,
        -9.3245e-02,  1.4310e-02,  6.6577e-02,  1.6567e-02, -2.7461e-02,
         4.4091e-03, -2.1931e-02,  9.3831e-02,  3.5985e-03, -2.5893e-02,
         2.6403e-02, -2.9493e-02, -4.4384e-02,  4.3047e-02,  4.7898e-02,
        -3.0890e-02,  6.6965e-02,  1.8813e-02, -1.6769e-02, -6.0203e-08,
         2.3646e-02, -1.0429e-02, -3.0896e-03, -8.2896e-02,  6.5920e-02,
         4.9889e-02, -6.0890e-02,  2.7658e-02,  1.0120e-01,  2.0363e-02,
        -1.7330e-02, -1.5080e-02,  2.9553e-02,  4.4859e-02, -1.1559e-01,
        -3.8904e-03,  1.1188e-01, -9.1166e-02,  5.5841e-02,  6.1574e-02,
         2.5611e-02,  4.3541e-03, -3.0578e-02, -3.5520e-02,  3.0296e-02,
         1.5939e-02, -2.0307e-02,  2.0330e-02,  1.1403e-02,  9.6671e-02,
        -6.6445e-03, -4.9978e-02,  1.7250e-02, -1.6296e-02,  3.3258e-02,
         7.1087e-03,  1.0201e-01, -8.2189e-02, -4.1604e-02, -7.7730e-02,
         8.0330e-02, -6.0734e-03, -2.3633e-02, -1.2404e-02, -1.4759e-02,
         1.6492e-02, -5.3754e-02, -6.7556e-02,  1.7580e-02, -9.9649e-03,
         4.5586e-02,  5.0492e-02,  1.1781e-02, -1.0008e-02, -7.3444e-05,
        -9.6172e-02,  2.6726e-02,  9.2690e-02,  3.2735e-02, -1.0335e-01,
         6.7999e-02, -3.1649e-02, -4.8124e-02,  3.3217e-02], device='mps:0')"
The Godfather,Direction,"Evans wanted the picture to be directed by an Italian American to make the film ""ethnic to the core"". Paramount's latest gangster film, The Brotherhood, had done very poorly at the box office; Evans believed that the reason for its failure was its almost complete lack of cast members or creative personnel of Italian descent (the director Martin Ritt and star Kirk Douglas were not Italian). Sergio Leone was Paramount's first choice to direct the film. Leone turned down the option, to work on his own gangster film Once Upon a Time in America. Peter Bogdanovich was then approached but he also declined the offer because he was not interested in the mafia. In addition, Peter Yates, Richard Brooks, Arthur Penn, Franklin J. Schaffner, Costa-Gavras, and Otto Preminger were all offered the position and declined. Evans' chief assistant Peter Bart suggested Francis Ford Coppola, as a director of Italian ancestry who would work for a low sum and budget after the poor performance of his latest film The Rain People. Coppola initially turned down the job because he found Puzo's novel sleazy and sensationalist, describing it as ""pretty cheap stuff"". At the time Coppola's studio, American Zoetrope, owed over $400,000 to Warner Bros. for budget overruns with the film THX 1138 and when coupled with his poor financial standing, along with advice from friends and family, Coppola reversed his initial decision and took the job. Coppola was officially announced as director of the film on September 28, 1970.  Coppola agreed to receive $125,000 and six percent of the gross rentals. Coppola later found a deeper theme for the material and decided that the film should not be about organized crime but a family chronicle, a metaphor for capitalism in America.","tensor([-9.4039e-02, -5.9086e-02, -9.5234e-02,  3.2112e-02, -7.7438e-03,
        -1.8772e-02,  7.1009e-02,  2.8325e-02,  1.5959e-02, -9.1140e-02,
         6.4147e-02, -1.1732e-02, -1.7086e-02,  5.9919e-02, -7.2570e-02,
        -2.6058e-02,  5.7721e-02,  2.6919e-02, -2.9083e-02, -8.5630e-02,
        -7.9337e-02, -1.1265e-01,  1.5043e-02,  4.5133e-02, -3.9353e-02,
        -4.2491e-02,  3.2088e-02,  5.9975e-02, -2.1197e-02, -1.1493e-02,
        -1.2647e-02,  5.3243e-02,  2.0578e-02,  1.1836e-02, -1.8125e-02,
         2.0301e-02,  6.5442e-02, -3.4105e-03, -1.4702e-02, -6.7634e-02,
         1.9952e-02,  1.7136e-02, -1.3176e-02, -1.7263e-02,  5.9147e-02,
        -1.1272e-01,  4.0315e-02,  5.1295e-02,  1.5807e-02,  2.6344e-02,
         3.0387e-02,  1.1099e-01,  6.2734e-02, -7.3395e-02, -3.9945e-02,
        -1.3131e-02,  6.2732e-02,  5.1883e-02,  2.2629e-02, -5.5787e-02,
        -5.4833e-02, -6.1588e-02,  2.4035e-02,  5.2962e-02,  9.7194e-02,
         7.4675e-02, -3.6811e-02, -2.1651e-02, -4.3991e-02,  6.7867e-04,
        -1.3399e-02, -2.8634e-02, -4.2155e-02, -4.1419e-02, -1.0308e-02,
         2.7676e-02,  3.4600e-02, -1.1689e-02, -3.8694e-02, -7.5207e-02,
         1.4377e-01, -6.8823e-03, -7.4717e-02,  6.4410e-03, -7.0819e-03,
         3.5028e-02,  2.8124e-02, -1.3736e-02,  4.9515e-02, -8.6725e-03,
        -1.1991e-02,  4.2707e-02,  2.7134e-02,  1.4170e-02,  1.1572e-01,
         1.1553e-02, -3.2869e-03,  2.6545e-02, -5.4182e-03,  3.5511e-02,
         1.1043e-02, -1.2322e-01, -3.8763e-02, -4.6054e-02, -2.7520e-02,
        -7.3603e-02,  9.1016e-02, -2.1242e-02, -2.8646e-02,  3.3430e-02,
        -8.0155e-02,  6.9762e-03,  1.2899e-02,  2.8704e-02,  9.7644e-02,
        -7.0377e-02,  1.0071e-02,  3.9348e-02, -1.1566e-02, -2.1025e-03,
        -5.8789e-04,  2.4568e-02, -9.6827e-02, -1.9676e-02, -4.3851e-02,
        -9.7287e-03,  1.2840e-02,  1.6265e-33, -1.1405e-02,  3.6001e-02,
        -1.8216e-02, -2.3110e-02,  6.3275e-02, -1.5964e-02,  7.6933e-03,
         4.0237e-02, -8.9193e-02,  1.2678e-02, -5.3595e-02, -3.5818e-02,
        -9.3102e-02,  9.6143e-03, -2.4840e-02,  9.5199e-02, -3.6383e-03,
        -2.2747e-02,  8.3444e-02, -6.2320e-02, -5.1512e-02,  8.1871e-02,
        -6.4954e-02, -1.9115e-02,  5.6304e-03, -6.3915e-03, -5.3942e-02,
        -7.0541e-03,  3.5260e-02, -1.1479e-02, -8.4961e-02,  1.3518e-01,
        -1.5710e-02, -2.8372e-02,  1.1281e-01, -3.6051e-02, -5.0387e-02,
        -1.3925e-02, -1.2855e-02,  5.3665e-02, -1.7143e-02,  8.9139e-02,
        -5.6046e-02, -4.1985e-02, -3.7977e-03,  8.8420e-03, -2.4275e-02,
         3.5333e-02, -7.6111e-02,  4.4166e-02,  6.9042e-02,  2.8032e-02,
         4.4222e-02, -2.7540e-02, -6.7034e-02,  1.3818e-03, -2.6484e-02,
        -2.7383e-02,  5.7002e-02, -2.2217e-02,  5.4324e-02,  1.0926e-01,
        -5.8258e-02,  4.4096e-02, -5.3486e-02,  3.1644e-02, -1.1758e-02,
         1.1919e-01, -3.5112e-02, -1.9999e-02, -8.9691e-03, -3.5182e-02,
        -5.5010e-02,  1.2876e-02,  4.9519e-02,  2.7360e-03, -4.3569e-03,
         4.5614e-02,  1.1137e-02, -5.1460e-02, -8.6697e-02,  9.6666e-03,
         6.4338e-02, -3.6913e-02, -3.9428e-02,  1.9613e-02,  2.4534e-02,
         2.6419e-02,  6.2081e-02,  2.7533e-02,  3.4334e-02, -3.2523e-02,
         5.4504e-02,  9.9441e-03,  2.0835e-02, -4.4705e-33,  4.6904e-02,
        -9.3925e-02,  1.3194e-02, -7.2626e-02,  5.0300e-02, -3.8386e-02,
        -1.1073e-01, -7.8395e-02,  1.7031e-01,  2.3979e-02,  2.7476e-02,
         7.0612e-03,  4.2627e-02, -2.7202e-03,  2.9690e-02, -1.2842e-02,
        -2.8512e-02,  2.5962e-03, -1.9914e-02,  1.8608e-02,  6.4588e-02,
        -8.2509e-02, -1.9629e-03,  3.9595e-03, -5.8247e-02,  1.3820e-02,
         9.8199e-03,  6.3497e-02, -2.3907e-02, -4.6110e-03, -5.1572e-02,
         1.5455e-02, -3.3514e-02,  4.1662e-03,  3.6900e-02,  7.4890e-02,
         3.5641e-02, -2.6660e-02, -3.8860e-02, -3.5615e-02, -7.7554e-02,
        -6.7332e-03, -6.1986e-02,  1.7915e-02, -7.2259e-03,  3.0825e-02,
         3.9613e-02, -8.7745e-02, -1.1089e-01,  6.0125e-03, -4.4100e-02,
         8.2667e-02,  2.1015e-02,  7.2853e-02, -1.6452e-02,  1.6006e-02,
         7.5271e-02, -6.4659e-02,  1.8705e-02,  4.9990e-02, -5.2659e-02,
        -1.8144e-02, -3.5334e-02, -9.4130e-02, -1.6102e-02, -9.4321e-02,
        -7.2814e-02,  2.8557e-03,  1.5622e-02, -2.3673e-02,  1.2547e-02,
        -1.0267e-01, -6.1849e-02, -5.9728e-03, -7.4312e-02,  1.9040e-02,
        -2.9333e-02,  4.2821e-02,  4.0657e-02, -8.9907e-03,  2.9906e-03,
        -7.8485e-02,  1.4494e-02,  7.6062e-02,  3.0387e-02,  7.9285e-02,
         2.0829e-02,  1.2563e-02,  6.9154e-02,  1.0308e-01,  1.9404e-02,
        -3.7666e-02,  1.0132e-01,  9.2346e-03, -6.4015e-02, -6.6508e-08,
        -2.6506e-02, -1.1972e-02,  1.3974e-02,  3.0462e-02, -3.3430e-02,
        -3.1255e-02, -7.2672e-02,  3.7113e-02,  8.8313e-02, -7.2599e-03,
        -7.4336e-02, -2.3191e-02,  4.1508e-02, -9.2154e-03, -4.7791e-02,
         2.6748e-02,  3.7341e-02, -5.1523e-02,  3.9651e-03,  3.8287e-02,
        -1.2785e-02, -1.5615e-02, -4.9349e-03, -1.5654e-02,  2.6743e-02,
        -9.9253e-03, -2.2465e-02, -7.7029e-02,  2.6421e-03,  1.1035e-01,
        -6.3023e-02, -1.4088e-02, -6.4224e-02, -4.2922e-02,  1.1570e-02,
        -4.6968e-02,  5.7240e-02, -4.2107e-03, -3.4389e-04, -1.1120e-01,
         5.5711e-02,  5.0124e-02, -6.6654e-02, -2.2077e-02,  1.1722e-01,
         2.1493e-02,  5.2745e-03, -2.8977e-02, -1.4155e-02,  1.1656e-02,
         2.0117e-02,  4.3947e-02, -6.6271e-02,  9.8180e-02,  1.1529e-01,
        -1.1618e-01,  1.6473e-04,  8.4110e-02,  2.4499e-02, -2.0047e-02,
        -9.3696e-03, -2.9718e-02,  1.2883e-02, -3.7151e-02], device='mps:0')"
The Godfather,Coppola and Paramount,"Before The Godfather was in production, Paramount had been going through an unsuccessful period. In addition to the failure of The Brotherhood, other recent films that were produced or co-produced by Paramount had greatly exceeded their budgets: Darling Lili, Paint Your Wagon, and Waterloo. The budget for the film was originally $2.5 million but as the book grew in popularity Coppola argued for and ultimately received a larger budget. Paramount executives wanted the movie to be set in contemporary Kansas City and shot in the studio backlot to cut down on costs. Coppola objected and wanted to set the movie in the same time period as the novel, the 1940s and 1950s; Coppola's reasons included Michael Corleone's spell in the wartime Marine Corps, the emergence of corporate America, and America in the years after World War II. The novel was becoming increasingly successful, and so Coppola's wishes were eventually granted. The studio heads subsequently let Coppola film on location in New York City and Sicily.
Gulf+Western executive Charles Bluhdorn was frustrated with Coppola over the number of screen tests he had performed without finding a person to play the various roles. Production quickly fell behind because of Coppola's indecisiveness and conflicts with Paramount, which led to costs being around $40,000 per day. With costs rising, Paramount had the Vice President, Jack Ballard, keep a close eye on production expenses. While filming, Coppola stated that he felt he could be fired at any point, as he knew Paramount executives were not happy with many of the decisions he had made. Coppola was aware that Evans had asked Elia Kazan to take over directing the film because he feared that Coppola was too inexperienced to cope with the increased size of the production. Coppola was also convinced that the film editor, Aram Avakian, and the assistant director, Steve Kestner, were conspiring to get him fired. Avakian complained to Evans that he could not edit the scenes correctly because Coppola was not shooting enough footage. Evans was satisfied with the footage being sent to the West Coast—in which there was also the scene of Michael's double murder in the Bronx restaurant—and authorized Coppola to fire them both. Coppola later explained, ""Like the godfather, I fired people as a preemptory strike. The people who were angling the most to have me fired, I had fired."" Brando threatened to quit if Coppola was fired.
Paramount wanted The Godfather to appeal to a wide audience and threatened Coppola with a ""violence coach"" to make the film more exciting. Coppola did add a few more violent scenes to keep the studio happy: the scene in which Connie smashes crockery after finding out Carlo has been cheating was added for this reason.","tensor([-5.7005e-02, -2.7516e-03, -4.9321e-02,  2.0642e-02, -1.0170e-01,
         1.3164e-02, -3.6832e-02,  7.3721e-02,  4.4540e-02, -1.6287e-02,
         4.5156e-02,  4.7641e-02,  2.9689e-03,  2.9669e-03, -4.9820e-02,
         4.0565e-02,  1.2720e-01, -2.7976e-02, -4.0386e-02, -4.8516e-02,
        -5.9350e-03, -9.5668e-02, -3.3682e-03,  6.1108e-02, -6.9987e-02,
        -4.0583e-04, -8.3575e-03,  8.4907e-02, -7.8286e-02,  2.5731e-02,
        -3.3240e-02,  9.0228e-02,  3.3398e-02, -2.3605e-02,  1.0072e-01,
         5.4611e-02,  2.9463e-02,  1.4742e-02,  5.1587e-02, -7.2559e-02,
         1.6136e-02,  4.0530e-02,  1.4822e-02,  8.4496e-02,  4.0436e-02,
        -9.9236e-02,  4.3103e-02,  8.2778e-02,  3.1485e-02,  3.6969e-02,
        -2.0557e-02,  1.5570e-02, -3.4767e-02, -3.8671e-02, -4.0213e-02,
        -2.6394e-02, -1.3625e-03,  5.1512e-02,  5.4492e-02, -3.1409e-02,
        -1.3767e-01, -4.5905e-02,  4.6197e-02,  1.8843e-02,  5.0876e-02,
         5.5153e-03, -8.0193e-03, -2.7271e-02, -5.3516e-02, -8.2313e-03,
         7.6077e-03, -2.7739e-03,  3.1575e-02, -4.4418e-02,  3.1671e-04,
         2.5134e-03, -7.2519e-02,  1.1254e-02, -2.8846e-02, -1.6078e-01,
         1.3264e-01, -3.1543e-02, -1.1004e-01,  2.2044e-02, -8.1350e-03,
         3.4220e-02,  3.0456e-03, -3.2763e-02,  6.7664e-02,  6.1147e-02,
         2.9099e-02, -1.0841e-02, -6.0038e-02, -9.2345e-03,  1.8382e-02,
        -3.6624e-03, -4.0017e-02,  6.5366e-02,  4.4140e-02, -2.5215e-02,
         9.2152e-02, -1.0650e-01,  2.1214e-03, -5.3233e-02, -2.4020e-02,
        -5.8429e-02,  8.1634e-02, -2.7735e-04, -5.8517e-02,  2.4981e-02,
        -1.3274e-01,  1.2774e-02, -3.2969e-03, -3.5202e-02,  8.1581e-02,
         3.5708e-02,  3.2496e-02, -3.0365e-02,  5.4294e-02,  2.0634e-02,
         2.2791e-02, -5.8061e-02, -5.5343e-02, -1.3994e-02, -6.7648e-02,
        -6.2425e-02, -1.9364e-02,  2.6212e-33,  3.8247e-02,  1.2959e-02,
        -2.9675e-02,  8.0725e-02,  2.9886e-03,  1.4711e-02,  5.0510e-02,
        -2.7338e-02, -9.6184e-02, -1.2685e-02, -2.7351e-02, -1.9143e-02,
        -3.5578e-02, -5.4525e-03,  1.0617e-03,  1.6852e-02, -2.4875e-02,
        -2.2651e-02,  2.8318e-02, -4.1352e-02, -5.9624e-02, -4.7220e-02,
        -2.3441e-02, -4.4715e-02, -5.1631e-02,  1.6917e-02, -3.8809e-02,
         4.2226e-02,  1.7965e-02,  2.3067e-03, -4.8157e-02,  8.5089e-02,
         5.6689e-02, -9.6949e-02,  8.2521e-02, -8.1804e-02, -6.5749e-02,
        -7.5327e-02, -1.2798e-03,  4.2945e-02, -1.1035e-01,  4.7514e-02,
        -1.7142e-02,  6.4056e-03,  3.5032e-02, -2.4474e-02, -3.7255e-02,
         6.6262e-02, -3.9644e-02,  2.1409e-02,  9.9800e-02, -1.3343e-02,
         7.2862e-03, -1.7041e-02, -6.7332e-02,  4.8481e-02,  1.4105e-02,
        -1.2566e-01, -4.5567e-03,  2.5625e-02,  1.3749e-02,  1.2073e-01,
        -3.9103e-02,  3.2567e-02, -3.6785e-02,  4.6207e-02, -5.5107e-02,
         1.2274e-01, -3.6889e-02,  3.8424e-02,  2.5885e-02, -9.7780e-02,
        -4.6653e-02,  3.4251e-02,  1.0515e-01, -5.8910e-03,  2.2571e-02,
         8.2230e-02, -4.2098e-02, -6.3570e-02, -1.1905e-02,  6.6665e-02,
         4.8475e-02,  5.9735e-03, -2.3874e-02,  2.5680e-02, -1.0464e-02,
         2.7439e-02,  1.2038e-03,  4.4919e-03,  2.1096e-02, -2.8672e-02,
        -1.7390e-02, -2.1317e-02,  2.6716e-02, -5.4578e-33,  4.7946e-02,
        -1.1299e-02,  2.9927e-02, -1.0836e-01, -4.5115e-02, -5.6567e-02,
        -7.8657e-02, -1.0228e-01,  1.2273e-01,  7.6169e-03, -5.1642e-02,
         4.2309e-02,  4.4268e-02,  2.5658e-02, -3.9464e-02,  2.9697e-02,
        -2.7645e-02, -2.6060e-02,  5.6050e-02, -3.7260e-02,  4.8317e-02,
        -8.9533e-02,  1.9547e-02,  5.8228e-02, -5.3307e-02,  7.3989e-04,
        -5.3059e-02,  8.9674e-02,  4.4228e-02,  5.2794e-02,  2.7820e-03,
        -2.6144e-02, -4.1449e-02,  1.8303e-02, -3.5230e-02,  7.7615e-03,
        -1.6848e-02, -3.0047e-02, -1.9623e-02, -4.4007e-02, -4.6396e-02,
        -4.2693e-02,  1.8242e-02,  1.5068e-02, -1.2691e-04,  5.0876e-03,
         4.2781e-02, -7.2573e-02, -3.6700e-02,  4.5704e-02, -4.7526e-02,
         2.7541e-02, -1.7845e-03,  4.0089e-02, -6.4059e-04,  3.7663e-02,
         1.3718e-02, -4.5486e-02,  4.5619e-02, -1.1623e-03,  2.1504e-02,
         4.2101e-02, -7.2579e-02, -6.4734e-02, -4.7382e-02, -7.7559e-03,
         1.5911e-02,  1.3273e-03,  3.4710e-02,  4.0847e-02, -4.4539e-02,
        -9.3343e-03, -8.5543e-02, -2.2998e-02, -6.7097e-02,  9.6731e-02,
        -4.5953e-02,  5.5047e-02,  1.4232e-02,  7.8023e-02,  1.5152e-02,
         1.3204e-02,  7.5149e-03, -1.9756e-02,  2.4093e-02,  3.2791e-02,
         1.1931e-02,  6.1667e-03, -6.9657e-03,  5.8807e-02,  3.3283e-02,
        -4.1613e-02,  6.8479e-02, -1.8079e-02, -7.2025e-02, -6.2935e-08,
        -5.3221e-02,  9.4469e-02,  5.0737e-02, -1.4383e-04, -1.5694e-03,
        -9.6901e-02, -1.7027e-02,  1.8986e-02,  7.2065e-02,  6.6550e-03,
        -8.3372e-02, -5.5576e-02,  4.0771e-02,  5.0209e-03, -9.8098e-02,
         4.9399e-02,  4.1757e-02, -3.4651e-02,  9.3300e-03, -3.4295e-03,
         2.0893e-02, -1.6705e-02, -9.1285e-02, -2.0523e-03,  1.0731e-02,
        -1.3609e-02, -2.4228e-03, -4.4441e-02,  8.3304e-03,  1.0760e-01,
        -9.8728e-04,  3.2947e-03,  2.5700e-02, -8.5048e-02, -4.7930e-03,
        -7.0161e-02, -1.9225e-02, -2.8455e-02, -3.8853e-02, -7.5952e-02,
         3.2143e-02,  1.1944e-01, -2.2527e-02,  2.7264e-03,  1.4390e-01,
         9.3007e-03,  2.4485e-02, -3.1787e-02, -5.8949e-02,  4.0285e-02,
         7.4760e-02,  5.6507e-02, -6.1440e-02,  5.8326e-02,  8.4444e-02,
        -7.5558e-02,  1.6093e-02,  7.6878e-02,  1.3586e-03, -3.2639e-02,
        -4.0043e-02, -4.5021e-02,  1.1638e-02,  2.7918e-02], device='mps:0')"
The Godfather,Writing,"On April 14, 1970, it was revealed that Puzo was hired by Paramount for $100,000, along with a percentage of the film's profits, to work on the screenplay for the film. Working from the book, Coppola wanted to have the themes of culture, character, power, and family at the forefront of the film, whereas Puzo wanted to retain aspects from his novel and his initial draft of 150 pages was finished on August 10, 1970. After Coppola was hired as director, both Puzo and Coppola worked on the screenplay, but separately. Puzo worked on his draft in Los Angeles, while Coppola wrote his version in San Francisco. Coppola created a book where he tore pages out of Puzo's book and pasted them into his book. There, he made notes about each of the book's fifty scenes, which related to major themes prevalent in the scene, whether the scene should be included in the film, along with ideas and concepts that could be used when filming to make the film true to Italian culture. The two remained in contact while they wrote their respective screenplays and made decisions on what to include and what to remove for the final version. A second draft was completed on March 1, 1971, and was 173 pages long. The final screenplay was finished on March 29, 1971, and wound up being 163 pages long, 40 pages over what Paramount had asked for. When filming, Coppola referred to the notebook he had created over the final draft of the screenplay. Screenwriter Robert Towne was asked to do some uncredited work on the script as a script doctor, particularly on the dialogue in the Pacino-Brando garden scene. Despite finishing the third draft, some scenes in the film were still not written yet and were written during production.
The Italian-American Civil Rights League, led by mobster Joseph Colombo, maintained that the film emphasized stereotypes about Italian-Americans, and wanted all uses of the words ""mafia"" and ""Cosa Nostra"" to be removed from the script. The league also requested that all the money earned from the premiere be donated to the league's fund to build a new hospital. Coppola claimed that Puzo's screenplay only contained two instances of the word ""mafia"" being used, while ""Cosa Nostra"" was not used at all. They were removed and replaced with other terms, without compromising the story. The league eventually gave its support for the script. Earlier, the windows of producer Albert S. Ruddy's car had been shot out with a note left on the dashboard which essentially said, ""shut down the movie—or else."" However, it was revealed in August 1971 that Ruddy personally met with Colombo family head Joseph Colombo, Colombo's son Anthony, and about 1,500 delegates of Colombo's Italian-American Civil Rights League when he was developing the film, with the first meeting being held on February 25, 1971. Ruddy would also hold numerous meetings with Anthony Colombo. These meetings led to Ruddy agreeing to base the film on individuals and assuring that it would not defame or stereotype Italians. It was even reported that Anthony Colombo eventually made Ruddy an honorary captain of the League.","tensor([-8.4972e-02,  1.4622e-02, -7.1324e-02,  2.3989e-02, -8.6464e-02,
         3.7423e-02,  2.3932e-02,  2.3155e-02,  1.0345e-02,  3.3482e-02,
         6.3367e-02,  6.3642e-02, -2.2670e-02,  4.0201e-02, -5.9334e-02,
         8.9931e-03,  5.0259e-02, -1.1654e-02,  2.8820e-02, -3.3909e-02,
        -1.6175e-03, -1.1357e-02,  3.7174e-02,  3.4119e-02, -4.4009e-03,
         2.4367e-03, -6.7464e-03,  4.1086e-02, -3.2881e-02, -6.9752e-02,
        -1.5389e-02,  8.9033e-02,  7.0116e-02, -2.5092e-02,  6.0107e-02,
         5.9195e-02,  1.0082e-02,  9.4812e-03, -1.2389e-04, -5.5480e-02,
         1.1837e-03,  1.2382e-02, -2.2076e-02,  7.9172e-02,  1.6095e-03,
        -4.4684e-02,  6.6166e-02,  2.5454e-02,  2.0494e-04,  5.1923e-03,
        -3.8205e-02,  7.8496e-02,  2.0202e-02, -6.7819e-02, -7.6850e-02,
         1.5449e-02,  3.4635e-02, -1.1456e-02, -1.3774e-02, -4.9218e-02,
        -1.0920e-01, -2.7452e-02, -6.9533e-02,  1.1399e-02,  4.4271e-02,
        -2.5941e-02, -3.8905e-02, -1.0892e-02, -8.7090e-02,  9.2298e-03,
        -4.7860e-04, -3.3134e-03,  3.8606e-02, -1.0941e-01, -1.4389e-02,
        -9.6717e-03, -3.4957e-02, -5.8756e-02, -6.8224e-02, -1.9027e-01,
         1.1752e-01, -9.7548e-02, -2.9847e-02,  2.9118e-02, -3.4840e-02,
         8.5067e-02,  7.4121e-02,  1.5847e-02,  4.8760e-02,  5.2565e-02,
         5.2451e-02, -5.4789e-03,  5.3599e-02,  3.3502e-02, -4.3306e-02,
         4.4135e-02, -2.6457e-02,  7.1625e-02,  1.0655e-01, -2.2744e-02,
         5.9585e-02, -3.6023e-02,  5.1074e-02, -5.9142e-02,  1.3900e-02,
        -7.5739e-02,  7.7819e-02, -4.0995e-02, -3.9564e-02,  4.7210e-03,
        -1.3331e-01,  2.7834e-02,  3.7750e-04,  7.2649e-02,  1.2458e-01,
        -1.5813e-02,  1.1251e-01,  3.5302e-03,  8.1363e-02,  9.3810e-03,
        -2.6171e-03,  1.9192e-02, -8.3898e-02, -1.0049e-02, -9.4363e-02,
        -2.9618e-02,  1.5060e-02,  1.9608e-33,  2.4577e-02,  5.1067e-02,
        -4.5716e-04,  5.3796e-02,  7.2400e-02,  1.8986e-02,  6.3857e-02,
        -3.2629e-03, -7.6168e-03, -1.3681e-02, -6.1058e-02, -1.2715e-02,
        -5.5957e-02,  2.8413e-02, -4.7300e-02,  2.2893e-02, -4.7955e-02,
         1.6237e-02,  2.3134e-02,  1.3137e-02, -3.4210e-02,  1.9407e-02,
        -8.0039e-02, -1.6724e-02, -2.7348e-02,  7.7599e-02,  2.3601e-02,
         5.7127e-02, -8.4839e-02, -3.7485e-02, -8.3352e-02,  1.3127e-01,
         2.9178e-02, -7.4187e-02,  4.4594e-02, -1.4875e-02, -3.5051e-02,
        -4.9393e-02,  4.0630e-02,  7.8781e-02, -6.8145e-02,  1.6679e-03,
        -5.2409e-02, -5.2362e-02, -6.6637e-02,  1.0035e-02, -4.3915e-02,
         6.6682e-02,  3.0992e-02,  9.3718e-02,  4.3979e-02,  3.1103e-02,
         3.0807e-03, -3.3365e-02,  7.3968e-03,  3.0277e-02, -1.7083e-02,
        -7.5492e-02,  1.1528e-01, -3.6588e-02,  4.2838e-02,  1.1411e-01,
        -3.2978e-02,  1.2350e-02, -1.8354e-02,  3.4519e-02, -6.6804e-02,
         3.1408e-02,  9.1983e-03,  1.1751e-03, -7.8488e-02, -4.6893e-02,
        -6.2960e-02, -1.2731e-02,  5.7072e-02, -5.0715e-02, -8.7955e-02,
         2.1918e-02, -1.9978e-02,  1.5921e-02, -4.1095e-02,  3.2287e-02,
        -4.2729e-03, -3.7288e-02, -2.9639e-02,  1.9576e-02, -4.4685e-04,
         9.4801e-02,  5.3519e-03, -4.6454e-02,  4.8914e-02, -6.2544e-02,
         4.0267e-02, -4.2066e-02,  6.7984e-02, -4.4159e-33,  1.2239e-02,
        -4.0753e-02, -3.9616e-02, -3.4734e-03, -5.7599e-02, -6.1291e-02,
        -1.1899e-01, -3.1686e-02,  1.0730e-01, -8.5702e-03, -7.0230e-02,
        -2.2365e-03,  4.2400e-02, -2.8394e-02, -9.1813e-02,  1.9247e-02,
        -3.3472e-02, -3.5960e-02, -3.4137e-02, -4.2729e-02, -3.5440e-03,
        -4.4249e-02,  2.5122e-02,  6.5878e-02, -7.9563e-03, -4.3770e-02,
         3.5131e-02,  1.2647e-02, -2.1045e-02,  8.4559e-03,  3.4706e-02,
        -6.3528e-02, -2.2023e-02,  4.6001e-02, -8.2164e-02, -6.9025e-02,
        -1.8604e-02, -5.3784e-03,  1.9765e-02, -4.8537e-04, -2.8824e-02,
        -4.6690e-02,  3.4880e-02,  2.7686e-02, -2.2593e-02,  2.7243e-02,
        -1.0074e-03, -6.1662e-02, -7.5535e-02, -3.1214e-02, -4.9737e-02,
         5.9675e-02,  4.7096e-02, -3.3743e-02, -3.3411e-03, -1.6511e-02,
         9.4334e-04, -8.7483e-02,  7.3283e-02,  1.2392e-02,  4.1813e-02,
         4.0102e-02, -8.5780e-02, -8.2524e-02, -5.7408e-02, -9.3500e-02,
        -3.7828e-02, -2.4788e-02,  3.9614e-02,  5.2563e-02, -1.2811e-01,
        -4.9289e-02, -3.1513e-02,  3.2299e-02, -3.6864e-02,  8.8238e-02,
        -7.0661e-02,  1.0240e-02,  4.9587e-02, -3.1457e-03, -2.5951e-02,
        -4.8160e-02, -2.9287e-02,  4.5014e-02, -6.3486e-04,  4.1461e-02,
        -2.9565e-02, -4.9084e-02,  3.4108e-02,  3.3465e-02,  4.7958e-02,
         4.1826e-02,  5.8757e-02,  5.0216e-02, -3.0361e-02, -5.5355e-08,
        -3.6353e-02,  1.7546e-02,  4.8192e-03, -5.1335e-02,  1.5212e-02,
         7.4356e-03, -2.3465e-02,  2.5839e-02,  1.1378e-01, -1.5502e-02,
        -4.2427e-02, -4.3532e-02,  6.0019e-02,  6.1830e-02, -8.5921e-02,
         7.7161e-02,  1.7024e-01,  6.0798e-03,  2.9895e-02,  3.7708e-02,
         2.4026e-02,  1.8938e-02, -3.2339e-02, -9.4592e-03,  2.2357e-02,
         8.1328e-02,  3.5862e-03,  1.1078e-03, -5.4015e-02,  7.2805e-02,
        -1.3485e-02,  4.8767e-03,  8.5654e-05, -2.6269e-02,  3.7117e-02,
         1.2482e-02,  1.1580e-01, -3.7356e-02, -3.6666e-02, -5.6024e-02,
         6.7873e-02,  5.2289e-02, -1.9590e-02,  3.0834e-02,  6.1068e-02,
         1.0955e-04, -2.5331e-03, -5.5430e-02, -4.0469e-02, -9.3700e-03,
         3.6448e-02,  5.2950e-02,  2.8487e-02,  6.4382e-03,  6.5392e-02,
        -1.1135e-02,  2.1257e-02,  6.6648e-02, -3.7848e-02, -5.5815e-02,
         7.3576e-03,  1.9755e-02, -6.6489e-02,  2.4794e-02], device='mps:0')"
The Godfather,Casting,"Puzo was first to show interest in having Marlon Brando portray Don Vito Corleone by sending a letter to Brando in which he stated Brando was the ""only actor who can play the Godfather"". Despite Puzo's wishes, the executives at Paramount were against having Brando, partly because of the poor performance of his recent films and also his short temper. Brando was hesitant about getting back into acting, but his secretary Alice Marchak persuaded him to audition. Coppola favored Brando or Laurence Olivier for the role, and Olivier's agent refused the role claiming Olivier was sick; however, Olivier went on to star in Sleuth later that year. Evans pushed for either Carlo Ponti or Ernest Borgnine to receive the part. Bluhdorn proposed Charles Bronson for the role. Others considered were George C. Scott, Richard Conte (who was ultimately cast as Don Barzini), Raf Vallone, Anthony Quinn and Orson Welles. Welles met with Puzo and tried to convince him that he was right for the role.
After months of debate between Coppola and Paramount over Brando, the two finalists for the role were Borgnine and Brando; Paramount president Stanley Jaffe required Brando to perform a screen test. Coppola did not want to offend Brando and stated that he needed to test equipment in order to set up the screen test at Brando's California residence. For make-up, Brando stuck cotton balls in his cheeks, put shoe polish in his hair to darken it, and rolled his collar. Coppola placed Brando's audition tape in the middle of the videos of the audition tapes as the Paramount executives watched them. The executives were impressed with Brando's efforts and allowed Coppola to cast Brando for the role if Brando accepted a lower salary and put up a bond to ensure he would not cause any delays in production. Brando earned $1.6 million from a net participation deal.
From the start of production, Coppola wanted Robert Duvall to play the part of Tom Hagen. After screen testing several other actors, Coppola eventually got his wish and Duvall was awarded the part. Al Martino, a then-famed singer in nightclubs, was notified of the character Johnny Fontane by a friend who read the novel and felt Martino represented the character of Johnny Fontane. Martino then contacted producer Albert S. Ruddy, who gave him the part. Martino was stripped of the part after Coppola became director and then awarded the role to singer Vic Damone. According to Martino, after being stripped of the role, he went to Russell Bufalino, his godfather and a crime boss, who then arranged for news articles to be published that claimed Coppola was unaware of Ruddy's giving Martino the part. Damone eventually dropped the role because he did not want to provoke the mob, in addition to the salary being too low. Ultimately, although Frank Sinatra threatened to bar him from Las Vegas if he took the role, the part of Johnny Fontane was given to Martino.
Coppola cast Diane Keaton for the role of Kay Adams owing to her reputation for being eccentric. Before auditioning, Keaton never read the book, but she decided to read it after she was cast. John Cazale was given the part of Fredo Corleone after Coppola saw him perform in an Off-Broadway production. Gianni Russo was given the role of Carlo Rizzi after he was asked to perform a screen test in which he acted out the fight between Rizzi and Connie.
Nearing the start of filming on March 29, Michael Corleone had yet to be cast. Paramount executives wanted a popular actor, either Warren Beatty, Alain Delon or Robert Redford. In a 2000 interview, Robert Evans recalls this preference when asked, ""Was Warren Beatty your first choice for Michael?"" He answers: ""No, I wanted Alain Delon. He was the type, but he couldn't speak English well. Maybe I did want Warren. I may have thought of Jack [Nicholson] too for it. Jack tells me I did, but I don't remember it. Dustin [Hoffman] desperately wanted to do it."" Informed by Evans of the possibility of obtaining the role of Michael Corleone, Delon was already studying the script based on the novel The Godfather and had begun to consider the role with confidence. According to Ali MacGraw, then Evans's wife, he even invited Alain Delon to their estate after mentioning the role to him several times : ""Alain [Delon] came to stay at our house when the casting was incomplete. In his back pocket, he always carried the paperback of Le Parrain, which is The Godfather in French. I think he wanted very much to be in it."" However, Delon's smooth, polished image didn't fit the intense, brooding character Coppola wanted, and he explains this disagreement over the casting choice by stating: ""I realized at one point, Bob Evans wanted a guy that sort of looked like him, and I wanted a guy that sort of looked like me."" Delon eventually refused the role and he sets the proposal aside: ""I had to learn to speak English with the Italian accent. That did not please me"". Subsequently, Evans turned to Ryan O'Neal for the role, owing in part to his recent success in Love Story. Pacino was Coppola's favorite for the role as he could picture him roaming the Sicilian countryside, and wanted an unknown actor who looked like an Italian-American. Paramount executives found Pacino to be too short to play Michael. Many actors also auditioned, including Dustin Hoffman, Martin Sheen, Dean Stockwell, and James Caan. Keaton read with both Caan and Sheen. Burt Reynolds was offered the role of Michael, but Brando threatened to quit if Reynolds was hired. Reynolds declined the role. Jack Nicholson was also offered the role, but declined it as he felt that an Italian-American actor should play the role. Caan was well received by the Paramount executives and was given the part of Michael initially, while the role of Sonny Corleone was awarded to Carmine Caridi. Coppola urged producers Al Ruddy and Evans to see Pacino in Panic in Needle Park. After watching it, they gave Pacino the part, allowing him to have the role of Michael as long as Caan played Sonny. Evans preferred Caan over Caridi because Caan was seven inches shorter than Caridi, which was much closer to Pacino's height. However, Pacino himself couldn't envision himself in the role because he saw Michael Corleone as someone more glamorous, more self-contained — someone more like Alain Delon. He struggled in early screen tests, often forgetting lines and improvising dialogue. Despite this, Pacino took on the role. Despite agreeing to play Michael Corleone, Pacino was contracted to star in MGM's The Gang That Couldn't Shoot Straight, but the two studios agreed on a settlement, and Pacino was signed by Paramount three weeks before shooting began.
Robert De Niro originally was given the part of Paulie Gatto. A spot in The Gang That Couldn't Shoot Straight opened up after Al Pacino quit the project in favor of The Godfather, which led De Niro to audition for the role and leave The Godfather after receiving the part. De Niro was also cast for the role of Sonny Corleone. After De Niro quit, Johnny Martino was given the role of Gatto. Coppola gave several roles in the film to family members. He gave his sister, Talia Shire, the role of Connie Corleone. His daughter Sofia, then an infant, appeared as Michael Francis Rizzi, Connie's and Carlo's newborn son. Carmine Coppola, his father, appeared in the film as an extra playing a piano during a scene. Coppola's wife, mother, and two sons all appeared as extras in the picture. Several smaller roles, like Luca Brasi, were cast after the filming had started. Ruddy's casting choices would earn him more approval from the Italian-American Civil Rights League, with Anthony Colombo reported to have made Ruddy a league captain after the meeting where the film's bit players and extras were chosen.","tensor([-9.0425e-02, -1.8889e-02, -8.8441e-02, -6.1073e-02, -8.7392e-02,
         1.4492e-02,  2.3871e-02,  7.2052e-02,  4.6977e-02, -2.2264e-02,
         2.0873e-02, -1.6922e-02, -1.4828e-02,  9.9492e-02, -4.7019e-02,
        -6.4437e-02,  7.9866e-02,  4.8144e-02,  8.7029e-03,  6.0041e-02,
        -2.7451e-02, -6.5250e-02, -9.9094e-02,  3.0467e-02, -4.7107e-02,
        -6.2061e-02,  1.8620e-02,  6.2184e-02, -6.2203e-02,  2.8558e-02,
        -1.5238e-02, -1.7534e-02, -5.0452e-02,  7.3770e-03, -9.9186e-03,
         5.0027e-02, -5.7777e-03, -3.0008e-02,  4.0290e-02, -8.0458e-02,
         2.9555e-02, -3.0758e-02, -6.1875e-02,  7.9051e-02,  1.4318e-01,
        -6.9348e-02,  6.6258e-02,  3.4430e-02,  5.6239e-02, -2.9996e-02,
        -1.0136e-01,  4.4515e-02, -4.0098e-02, -5.4522e-02, -4.6315e-02,
        -4.6252e-02,  4.7589e-02, -6.1924e-03,  2.4240e-02, -2.5723e-02,
        -1.3278e-01, -8.1431e-02,  5.0723e-02,  6.0809e-02,  4.4311e-02,
         2.0740e-02, -5.0448e-02, -2.3265e-02, -2.9022e-02,  3.5352e-02,
         1.3522e-02, -6.4544e-02,  4.8687e-02, -7.4106e-02, -8.5966e-03,
         3.6937e-02, -4.7399e-02,  1.0071e-02,  1.3079e-02, -8.9005e-02,
         8.3484e-02, -2.9692e-02, -1.3013e-01,  3.2068e-02,  2.7805e-02,
         3.9781e-02,  3.2890e-03, -1.6245e-02,  3.8656e-02,  2.1957e-02,
        -1.3767e-02,  3.1522e-02,  4.3181e-03,  8.0946e-03,  3.0782e-02,
        -2.4727e-02,  1.8840e-02,  1.0967e-01, -1.9566e-02, -2.0090e-02,
         1.6381e-02, -4.5708e-02, -1.0521e-02,  7.4378e-03,  1.1063e-02,
         5.2107e-02,  1.2880e-01, -6.2476e-02,  8.0795e-03,  3.5972e-03,
        -1.6916e-01,  6.7195e-02,  3.2327e-02, -1.0478e-02,  7.0139e-02,
         7.6964e-03,  5.8805e-02,  4.6428e-03,  2.5644e-03, -3.5233e-02,
        -9.1642e-03, -8.1603e-03,  6.3253e-03, -4.6078e-02,  3.7965e-03,
         3.6460e-02,  5.9448e-02,  4.6388e-33, -8.3953e-03,  4.4330e-03,
         7.5451e-02,  2.8696e-02,  8.1107e-03,  5.2001e-02, -6.6429e-02,
         1.8472e-03, -6.5113e-02, -2.2619e-03, -6.3758e-02, -5.7628e-02,
        -6.9917e-02, -6.6146e-03, -1.0588e-02,  1.2055e-01,  1.3608e-02,
        -2.4747e-02, -4.4201e-03, -3.7991e-03, -3.9782e-02,  5.8164e-02,
        -6.4322e-02,  2.3539e-02, -2.4560e-02, -1.6844e-02, -2.6358e-03,
        -3.7119e-02, -1.3016e-02, -1.1500e-02, -5.6327e-02,  7.3083e-02,
        -1.6872e-02, -2.9775e-02,  7.9926e-02, -8.0170e-02, -1.0785e-01,
         8.5059e-03,  4.9057e-03,  9.4963e-03, -2.7318e-02,  1.0589e-02,
        -5.2874e-02, -3.0235e-02, -9.9389e-02, -4.3617e-02, -1.8840e-02,
         5.1451e-02, -2.9944e-03, -3.7594e-03,  9.6841e-02, -2.7501e-02,
         3.5224e-03,  2.9378e-02, -2.1630e-02,  8.9940e-03, -2.2845e-02,
        -7.6047e-02,  3.8338e-02, -2.0276e-02,  9.4748e-03,  7.4299e-03,
        -1.0933e-02,  7.8510e-02, -1.0418e-01, -4.1530e-02, -7.3003e-02,
         5.5675e-02,  4.2618e-02, -3.4252e-02,  1.9951e-02, -6.0861e-02,
        -7.9305e-02,  4.7996e-02, -6.6473e-03, -4.5541e-02,  2.3726e-02,
         2.2335e-02, -4.2393e-02, -1.4397e-02,  3.5355e-02,  1.5817e-02,
         7.0122e-02, -2.1749e-02, -1.5528e-02,  3.2765e-02,  1.9978e-02,
        -1.0358e-02,  3.1922e-03,  1.5296e-02,  5.4416e-02, -6.5608e-02,
        -2.8957e-02, -1.6533e-02,  1.2525e-02, -7.4716e-33,  3.3617e-02,
        -7.2950e-02,  5.9026e-02, -1.1498e-01, -3.5326e-02, -6.7981e-02,
        -2.5656e-02, -8.1316e-02,  1.1659e-01, -3.9437e-02,  6.8861e-02,
        -1.1522e-02,  2.0479e-02, -5.0997e-02, -7.1144e-02,  6.8122e-02,
        -1.1081e-01, -1.5226e-03,  3.5916e-02, -5.2523e-03,  6.7159e-02,
        -6.1489e-02, -3.5263e-02,  3.2881e-02, -1.1564e-01,  3.8781e-02,
         2.3892e-02,  1.1161e-01, -3.2064e-03,  3.3273e-02, -1.9671e-02,
         5.6340e-02, -7.3183e-03, -3.4781e-02,  4.8183e-02,  6.9963e-02,
         2.3242e-02,  7.8998e-02,  2.6138e-02, -3.2683e-02,  4.2653e-02,
         4.9155e-03, -4.0243e-02, -1.6882e-02,  2.3343e-02,  8.6553e-03,
         2.3546e-02, -8.3643e-02, -5.0999e-02,  2.8398e-02, -1.2055e-02,
         5.7399e-02,  1.0463e-02,  3.0366e-02,  3.3911e-02, -3.1058e-02,
        -1.6995e-05, -2.9530e-02,  8.1443e-02,  1.3544e-02,  1.7732e-02,
        -1.2840e-02, -4.2107e-02, -1.4578e-01,  4.8442e-02,  2.5906e-02,
        -2.8295e-02,  2.7174e-02,  1.0964e-03, -5.9377e-03, -5.1333e-03,
        -3.2612e-02, -2.9601e-02, -2.8149e-02, -2.5729e-02,  1.2866e-02,
        -1.1446e-01,  1.2108e-02,  1.7776e-02,  2.2914e-02, -1.2510e-03,
        -3.9921e-02,  2.0735e-02,  8.0446e-02, -5.4978e-02,  4.0890e-02,
         5.1544e-02, -7.4483e-02, -4.3929e-02,  8.9198e-02,  5.0425e-02,
         8.4733e-03,  1.2649e-01, -3.8761e-02, -5.6232e-03, -6.1015e-08,
        -4.9407e-03,  3.5781e-03,  8.3548e-02, -3.1035e-02, -8.8082e-02,
        -4.6627e-02, -1.1613e-01, -5.0936e-02,  1.2056e-01,  6.6778e-02,
        -2.4204e-02, -3.0631e-03,  5.2589e-02, -2.3140e-02, -3.5890e-02,
         7.1108e-02, -3.2614e-02, -4.2289e-02,  3.6124e-02,  4.1523e-02,
         6.8112e-04, -9.9360e-04, -6.2242e-02,  4.5339e-02,  6.7830e-02,
        -4.7006e-02, -1.3531e-02, -8.8630e-03,  2.2088e-02,  4.7879e-02,
         2.4486e-02, -5.6280e-02,  7.2084e-02, -6.0287e-02, -2.7111e-03,
         2.4381e-02,  2.0674e-02, -9.0877e-02, -1.0416e-02, -7.1142e-02,
         5.7268e-02, -1.3754e-02, -7.1592e-03, -3.5562e-02,  1.4327e-02,
         5.3829e-02,  4.2382e-02, -1.2213e-02, -3.0550e-02,  3.1345e-02,
         8.6178e-02,  7.0878e-02, -2.4587e-02,  4.8897e-03,  1.5335e-02,
        -9.2796e-02,  4.2450e-02,  9.9567e-02,  6.9190e-02, -1.8110e-02,
         3.4064e-02, -8.0526e-03, -2.5238e-02, -4.8436e-03], device='mps:0')"
The Godfather,Filming,"Before the filming began, the cast received a two-week period for rehearsal, which included a dinner where each actor and actress had to assume their character for its duration. Principal photography was done between March 29 and August 6, 1971. Filming was scheduled to begin on March 29, with the scene between Michael Corleone and Kay Adams as they leave Best & Co. in New York City after shopping for Christmas gifts. The weather on March 23 predicted snow flurries, which caused Ruddy to move the filming date forward; snow did not materialize, and a snow machine was used. Principal filming in New York continued until July 2. Coppola asked for a three-week break before heading overseas to film in Sicily. Following the crew's departure for Sicily, Paramount announced that the release date would be moved to early 1972.
Cinematographer Gordon Willis initially turned down the opportunity to film The Godfather because the production seemed ""chaotic"" to him. After Willis later accepted the offer, he and Coppola agreed to not use any modern filming devices, helicopters, or zoom lenses. Willis and Coppola chose to use a ""tableau format"" of filming to make it seem like a painting. He made use of shadows and low light levels throughout the film to show psychological developments. Willis and Coppola agreed to interplay light and dark scenes throughout the film. Willis underexposed the film to create a ""yellow tone"". The scenes in Sicily were shot to display the countryside and ""display a more romantic land,"" giving these scenes a ""softer, more romantic"" feel than the New York scenes.

One scene in the film involved an actual severed horse's head. The filming location for this scene is contested, as some sources indicate it was filmed at the Beverly Estate, while others indicate it was filmed at Sands Point Preserve on Long Island. Coppola received some criticism for the scene, although the head was obtained from a dog-food company from a horse that was to be killed regardless of the film. On June 22, the scene where Sonny is killed was shot on a runway at Mitchel Field in Uniondale, where three tollbooths were built, along with guard rails, and billboards to set the scene. Sonny's car was a 1941 Lincoln Continental with holes drilled in it to resemble bullet holes. The scene took three days to film and cost over $100,000.
Coppola's request to film on location was observed; approximately 90 percent was shot in New York City and its surrounding suburbs, using over 120 distinct locations. Several scenes were filmed at Filmways in East Harlem. The remaining portions were filmed in California, or in Sicily. The scenes set in Las Vegas were not shot on location because there were insufficient funds. Savoca and Forza d'Agrò were the Sicilian towns featured in the film. The opening wedding scene was shot in a Staten Island neighborhood using almost 750 locals as extras. The house used as the Corleone household and the wedding location was at 110 Longfellow Avenue in the Todt Hill neighborhood of Staten Island. The wall around the Corleone compound was made from styrofoam. Scenes set in and around the Corleone olive oil business were filmed on Mott Street.
After filming had ended on August 7, post-production efforts were focused on trimming the film to a manageable length. In addition, producers and directors were still including and removing different scenes from the end product, along with trimming certain sequences. In September, the first rough cut of the film was viewed. Many of the scenes removed from the film were centered around Sonny, which did not advance the plot. By November, Coppola and Ruddy finished the semi-final cut. Debates over personnel involved with the final editing remained even 25 years after the release of the film. The film was shown to Paramount staff and exhibitors in late December 1971 and January 1972.","tensor([-7.7258e-02, -3.2552e-02, -1.9212e-02,  3.0488e-03,  1.4676e-02,
        -8.6264e-04, -7.0738e-02,  4.0817e-02,  8.3307e-03,  2.5086e-02,
         6.4796e-02,  1.6528e-03, -4.7428e-02,  9.6645e-02, -2.8710e-02,
        -4.1189e-02,  7.6483e-02, -3.0735e-02, -4.1439e-02,  4.5692e-02,
         2.6942e-02, -1.2964e-01, -6.7259e-03,  3.2600e-02,  3.4697e-02,
         4.6334e-02,  2.5486e-02,  1.7423e-02, -3.7918e-02,  3.6249e-02,
        -8.7254e-02,  2.0447e-02,  2.2437e-02,  1.2823e-02,  8.8222e-02,
         1.2020e-02,  3.5618e-02, -2.3797e-03,  2.8284e-02, -4.9238e-02,
         1.3496e-02,  4.6722e-02,  9.1812e-03,  4.3686e-02,  3.8690e-02,
        -1.5737e-02,  8.1551e-02,  2.0800e-02,  3.7423e-02,  2.2572e-04,
        -4.4633e-02,  5.2800e-02, -3.0806e-02, -2.5765e-02, -6.1494e-02,
         2.5684e-02,  3.4454e-02, -5.4261e-02,  5.9179e-02,  2.7722e-02,
        -8.5591e-02, -4.4234e-02, -1.7023e-02,  3.4852e-02,  5.3005e-02,
         1.8326e-02, -3.0721e-02, -1.1047e-01,  2.4015e-02,  4.1159e-03,
        -1.7347e-02,  4.1392e-02, -7.5688e-03, -8.8060e-02, -8.2223e-03,
         5.5956e-03, -5.2288e-02,  1.3280e-02, -1.4565e-02, -1.1364e-01,
         1.4424e-01, -6.1165e-02, -6.0932e-02,  7.4049e-02,  3.8431e-02,
         2.3207e-02, -1.8306e-02, -7.0471e-03, -1.8705e-04,  1.9893e-02,
        -1.0101e-02,  2.9342e-02, -4.5891e-02, -1.0672e-04, -6.1488e-02,
        -3.3124e-02, -2.9212e-02,  6.4607e-02,  4.6069e-02,  2.0766e-03,
         5.9156e-02, -6.3889e-02, -2.6407e-02, -3.4716e-02, -2.7984e-02,
         4.1700e-03,  5.9833e-02, -4.4580e-02, -5.4354e-02,  2.2888e-02,
        -1.1403e-01,  5.2266e-02,  1.9648e-02, -5.2424e-02,  4.7908e-02,
         2.2215e-02, -1.2219e-02,  3.9374e-02,  3.2659e-03, -2.4921e-02,
         3.3596e-02,  8.1191e-03,  6.7278e-03, -2.3769e-02, -2.7259e-02,
        -5.0067e-02,  8.2891e-02,  1.3994e-33,  8.1972e-02, -3.0931e-02,
         1.1931e-02, -3.3883e-04,  6.7759e-02,  2.0985e-02,  2.6463e-02,
         1.2908e-02,  2.2128e-03, -2.6291e-02,  2.8580e-02, -1.0003e-01,
        -6.7211e-02, -1.1141e-01,  1.9922e-02,  6.5306e-02,  4.1276e-02,
        -5.1377e-02, -1.3653e-02,  2.4395e-02, -7.9108e-02, -8.0869e-02,
        -6.0827e-03,  3.6357e-02, -2.3202e-02,  1.8842e-02, -1.8216e-02,
         4.7505e-02,  1.9652e-03, -2.8140e-02, -6.1727e-02,  6.8886e-02,
         3.2695e-02, -2.9245e-02,  8.3666e-02, -3.7690e-02, -1.5140e-02,
        -5.7863e-02,  3.1452e-02, -1.5736e-02, -3.4565e-02,  2.0968e-02,
        -4.0850e-02, -5.4144e-02,  1.1489e-03,  3.3066e-03, -7.7860e-02,
         1.2675e-01, -5.5295e-02,  1.3966e-02,  1.7318e-01,  1.1298e-02,
        -9.1597e-03, -4.4820e-02, -8.3044e-02,  1.0286e-01,  3.8655e-02,
        -1.0531e-01,  5.7106e-02, -1.0513e-02,  2.3544e-02,  9.7148e-02,
        -2.7443e-02,  2.9128e-03, -1.3984e-01,  2.9901e-03, -4.9367e-02,
         8.7042e-02, -1.3666e-03,  3.2615e-02,  1.3919e-02, -7.4646e-02,
        -6.6727e-02, -1.4171e-02,  1.1745e-01,  1.1519e-03, -8.7758e-02,
         3.0755e-02,  1.4277e-02,  3.4505e-02,  2.0310e-02,  5.9100e-02,
         3.0050e-02, -1.0211e-02, -7.1120e-02, -4.8238e-02, -7.5916e-03,
         7.4839e-02,  1.8361e-02,  1.8541e-02,  4.1784e-02,  1.9657e-02,
         1.9844e-02,  1.8702e-02,  5.9367e-02, -3.3078e-33,  7.4652e-02,
         3.7101e-03, -5.3736e-03, -7.5033e-02, -4.5453e-02, -9.4869e-02,
        -4.8543e-02, -4.5541e-02,  1.2801e-01, -2.3350e-02, -2.5249e-02,
        -2.6112e-02, -3.5294e-02, -3.2232e-02, -7.7508e-02,  7.6792e-02,
        -3.6160e-02,  2.7928e-02, -1.2731e-02, -1.5449e-02,  8.3226e-02,
        -9.7546e-02, -2.6465e-02,  3.1833e-02, -6.1618e-02, -4.1883e-02,
         2.4677e-02,  1.1088e-01,  2.8726e-02, -1.0576e-03, -5.5995e-02,
        -1.8802e-02,  2.5590e-05, -4.4475e-03, -4.1289e-02,  7.5594e-02,
        -2.7245e-02, -6.1881e-02, -9.0553e-03,  2.0032e-02, -7.5625e-03,
        -2.3182e-02,  4.5858e-02,  5.9197e-02,  4.1973e-02, -1.0619e-02,
         5.1714e-02, -2.6314e-02, -6.4085e-02,  4.7605e-02, -8.2122e-02,
         6.9558e-02, -4.2336e-02,  1.7031e-03,  7.3369e-02,  2.3089e-04,
        -2.4062e-02, -5.0247e-02,  5.5820e-02,  2.7482e-03,  2.6364e-02,
        -2.0059e-02, -9.1354e-02, -1.2027e-01, -3.2115e-02, -1.3300e-02,
        -1.5527e-02,  2.7005e-03, -5.7830e-03,  7.8407e-02,  2.2904e-02,
         6.2894e-03, -3.8804e-02, -3.2490e-02, -4.5596e-02, -3.3235e-02,
        -4.9252e-02,  5.2815e-02,  3.7240e-02,  3.7531e-02, -3.8348e-02,
        -1.9749e-02,  1.5425e-03,  5.9114e-02,  1.8933e-02,  1.4554e-02,
         7.6713e-02, -8.7199e-03, -4.9712e-03,  5.3009e-02,  6.3490e-02,
         8.3886e-03,  9.3581e-02,  5.8320e-03, -4.1234e-02, -5.6610e-08,
        -6.2959e-02,  5.0811e-02,  7.0118e-02, -2.1921e-02,  7.5451e-02,
        -1.0723e-01,  6.2968e-03,  3.3255e-02,  1.0481e-01, -6.4390e-02,
        -5.2928e-02, -8.1917e-03,  3.7780e-02,  1.1535e-02, -4.0341e-02,
         8.6395e-02,  5.7897e-02,  9.1485e-03,  2.2588e-02, -7.2205e-03,
        -1.1385e-02, -4.9477e-02, -1.7800e-02,  2.2020e-02,  1.8269e-02,
        -6.5814e-02,  7.0762e-03,  3.7438e-02,  7.8117e-03,  6.0363e-02,
        -3.4878e-02, -3.5533e-02,  6.4816e-02, -1.3293e-01, -1.7951e-02,
        -8.0937e-02,  1.5627e-02, -4.0545e-02,  5.3979e-02, -7.9289e-02,
        -2.9863e-02,  8.5360e-02, -3.6795e-02,  2.4033e-03,  6.1851e-02,
         6.5979e-02,  2.8623e-02, -4.6584e-02, -8.3916e-02,  5.2498e-02,
         1.9502e-02, -1.1707e-02, -3.8502e-02,  5.5317e-02,  6.9753e-02,
        -5.2634e-02,  4.0785e-02,  6.7774e-02, -4.3296e-03, -4.6233e-02,
        -4.4913e-02,  8.3699e-03, -1.2813e-01,  3.5179e-02], device='mps:0')"
The Godfather,Music,"Coppola hired Italian composer Nino Rota to create the underscore for the film, including ""Love Theme from The Godfather"". For the score, Rota was to relate to the situations and characters in the film. Rota synthesized new music for the film and took some parts from his 1958 Fortunella film score, to create an Italian feel and evoke the tragedy within the film. Paramount executive Evans found the score to be too ""highbrow"" and did not want to use it; however, it was used after Coppola managed to get Evans to agree. Coppola believed that Rota's musical piece gave the film even more of an Italian feel. Coppola's father, Carmine, created some additional music for the film, particularly the music played by the band during the opening wedding scene.
Incidental music includes ""C'è la luna mezzo mare"", Cherubino's aria, ""Non so più cosa son"", from Mozart's Le Nozze di Figaro and ""Brindisi"", from Verdi's La traviata. There was a soundtrack released for the film in 1972 in vinyl form by Paramount Records, on CD in 1991 by Geffen Records, and digitally by Geffen on August 18, 2005. The album contains over 31 minutes of music that was used in the film, most of which was composed by Rota, along with a song from Coppola and one by Johnny Farrow and Marty Symes. AllMusic gave the album five out of five, with editor Zach Curd saying it is a ""dark, looming, and elegant soundtrack"". An editor for Filmtracks believed that Rota was successful in relating the music to the film's core aspects. Bach's Prelude and Fugue in D major, BWV 532 and Passacaglia and Fugue in C minor, BWV 582 are played during the baptism scene.","tensor([-6.1947e-02,  2.7390e-02, -9.3918e-02, -1.3097e-02, -7.7627e-02,
         4.4941e-02,  6.5379e-03,  5.7124e-02,  7.4340e-02, -7.6057e-02,
         1.1550e-02,  9.3773e-03, -3.5583e-02, -2.4930e-02, -5.6902e-02,
        -3.3862e-03,  1.3154e-01,  6.4084e-02, -4.3375e-03, -6.3961e-04,
         4.2192e-03, -4.5086e-02, -1.9640e-02,  7.4003e-02, -9.0085e-02,
         4.6894e-03,  1.9156e-02,  4.5459e-02, -9.5125e-02, -1.7540e-03,
        -4.9274e-03,  1.0546e-01,  7.7544e-02, -3.6668e-02, -6.0972e-02,
        -2.9536e-02, -1.0420e-02, -6.9129e-02,  2.7000e-02, -1.1524e-02,
         2.4083e-02,  7.3329e-02,  2.5611e-03,  6.1890e-02,  3.8695e-02,
        -6.9431e-02,  1.0234e-02, -3.1350e-02,  1.9670e-02,  5.5929e-02,
        -7.7649e-02,  9.9882e-02, -6.8530e-02,  4.3764e-02, -1.0035e-01,
         1.8722e-02,  9.8207e-02,  1.2852e-02,  8.9326e-02, -1.0249e-02,
        -1.0915e-01,  8.6529e-03,  7.8389e-02, -2.1625e-02,  7.8731e-02,
        -6.3654e-02,  4.6150e-03, -8.4058e-02, -9.2078e-02,  3.0890e-02,
        -9.1193e-03, -4.2145e-02,  2.4503e-02,  3.1631e-03, -1.3345e-02,
         8.9807e-02, -8.7199e-02, -7.8040e-03, -8.2384e-02, -9.3574e-02,
         1.3035e-01,  2.6628e-03, -5.2193e-02, -5.0883e-03,  2.8926e-02,
         4.9909e-02, -1.6948e-02, -8.0092e-03,  4.3623e-02,  4.1040e-02,
        -1.6797e-02,  9.3145e-03, -9.7936e-02, -2.1121e-02,  1.6169e-02,
        -3.5039e-02,  1.6050e-02, -2.4068e-03,  2.5876e-02, -2.7528e-02,
         5.0230e-02, -4.6023e-02, -2.5484e-02,  1.6906e-02, -8.1431e-02,
         1.6512e-02,  8.3642e-02,  6.3053e-03, -2.3675e-03,  1.4376e-02,
        -8.2524e-02,  1.6765e-02,  1.5366e-02, -4.3432e-02, -2.0109e-02,
         2.7330e-02,  5.8067e-02, -5.2669e-02,  7.9417e-02,  9.6606e-02,
         6.7632e-02, -1.0168e-01, -5.6802e-02, -8.9882e-03, -5.2900e-02,
        -7.4050e-02, -5.9777e-02,  1.7558e-33,  1.7880e-02,  4.8778e-02,
         3.7012e-02, -2.9167e-02,  5.9756e-02, -4.5572e-02, -3.6038e-02,
        -2.7096e-02, -7.0867e-02,  1.2770e-02, -5.9004e-02,  4.8015e-02,
         2.4315e-02, -8.2105e-02, -3.2479e-02,  3.2363e-02, -6.2180e-02,
        -3.5452e-02,  2.2946e-02, -4.9194e-03, -8.2925e-02, -2.0099e-03,
        -5.8443e-03, -7.9020e-02, -3.9300e-03,  2.1166e-02, -4.4189e-02,
        -2.0311e-02, -3.4832e-02, -2.0309e-02, -1.5456e-02,  1.5383e-02,
         4.8646e-02, -3.6449e-02,  2.6603e-02, -3.9373e-02, -9.9154e-02,
        -1.4553e-02, -1.5518e-02,  6.2486e-02, -3.7684e-02,  2.0280e-02,
        -1.9797e-02, -2.2359e-03, -2.8613e-02, -1.6857e-02, -1.9683e-02,
         8.0249e-02,  6.7022e-02, -1.6507e-02,  1.1046e-01, -1.8598e-02,
        -3.0325e-02,  7.9230e-03, -1.5033e-02,  8.8832e-02,  2.1322e-02,
        -2.3770e-02,  5.7435e-02, -1.6028e-02,  2.4580e-02,  2.5348e-02,
         1.9132e-02, -8.5469e-02, -2.0521e-02,  6.2675e-03, -2.5775e-02,
         5.3727e-02,  5.8428e-02, -2.8950e-02,  4.0808e-03, -9.4356e-02,
        -4.8567e-02,  3.9237e-02, -1.5603e-03, -3.5759e-03,  1.3040e-02,
         5.1619e-02,  1.1696e-02, -7.4891e-02,  7.1064e-04,  2.1607e-02,
         8.8753e-02, -1.9333e-05,  8.3692e-03,  8.7443e-02, -3.2900e-02,
         5.4090e-02, -1.0533e-01,  3.0619e-03,  4.8481e-02, -2.7043e-02,
         2.3765e-02, -2.9328e-02,  5.5834e-02, -2.5522e-33,  4.0258e-02,
        -1.9352e-02, -1.1328e-02, -4.0817e-02, -1.3618e-02, -2.9131e-02,
        -6.1968e-02, -1.0782e-01,  9.7169e-02,  1.5561e-02,  5.3516e-02,
        -5.2259e-02,  3.6842e-02, -2.8591e-02, -1.8586e-04,  4.0845e-02,
        -4.5167e-02,  6.4906e-02,  4.9437e-02,  7.4918e-04,  1.5132e-02,
        -4.2226e-02,  2.5147e-03,  5.2283e-02, -1.2986e-01, -4.6933e-02,
         3.7521e-02,  6.2028e-02,  2.2742e-02,  3.7105e-02, -9.9691e-03,
        -3.0817e-02, -7.0393e-02, -2.6890e-02, -2.8799e-03, -3.0699e-02,
        -6.1806e-02, -3.2178e-02,  1.4332e-02,  3.6421e-02, -9.0217e-02,
         2.3349e-02,  1.3747e-02, -1.0892e-02,  1.5117e-02,  2.4659e-02,
         1.2523e-02,  3.6396e-02,  2.3783e-02,  8.7150e-02,  3.6212e-02,
        -4.0921e-02, -1.0837e-02,  8.7575e-03, -1.7552e-02, -1.5444e-03,
         1.1869e-03, -4.6650e-02,  4.2195e-02, -1.2151e-02,  9.3164e-02,
         4.4961e-02, -9.5340e-02, -1.3847e-01,  5.4536e-04,  7.6822e-02,
         1.6384e-02, -3.0908e-02,  1.0987e-02,  1.1831e-01, -4.9415e-02,
        -2.1586e-02, -6.0064e-02,  1.0400e-02, -6.3712e-02,  1.3103e-02,
        -5.9888e-02,  3.8891e-02,  1.3061e-02,  1.1834e-02, -3.4659e-02,
        -1.3284e-03,  7.9027e-03,  5.9358e-03,  1.4736e-02,  4.0386e-03,
        -3.2566e-02,  1.6921e-02, -3.6965e-03,  1.1241e-01,  7.4911e-02,
         3.6419e-02,  9.0836e-02, -3.8851e-02,  2.4322e-02, -5.1579e-08,
         1.5394e-02,  1.6627e-02, -1.8401e-02,  1.8552e-02,  5.2752e-03,
         1.3914e-03, -1.2011e-03, -1.0025e-01,  4.7165e-02, -6.7927e-03,
        -5.9677e-02, -3.0456e-02,  5.3104e-02, -2.6451e-02, -4.0819e-02,
         9.4282e-02,  1.1305e-01,  4.2163e-02,  2.1892e-02,  3.0785e-02,
         5.1797e-02,  5.7264e-02,  3.1405e-02, -7.8752e-02, -2.1249e-03,
         2.9781e-02,  3.8146e-02, -7.3197e-02,  8.1934e-03,  4.1234e-02,
        -1.6236e-02, -3.6224e-02,  3.3614e-02, -1.5721e-01, -2.3362e-02,
         2.5194e-02,  6.3613e-02, -5.2159e-02,  2.4178e-04, -7.5474e-02,
         8.9257e-02,  9.0984e-02, -5.1922e-02, -2.9802e-02,  2.1513e-02,
         1.3799e-02,  5.4242e-02, -3.1123e-02, -7.6076e-02,  6.3710e-02,
         5.2699e-02, -5.5046e-03, -3.6214e-02,  5.6066e-02,  4.1845e-02,
        -3.4833e-02,  2.5570e-03,  1.2699e-01,  4.7972e-02, -3.2390e-02,
        -1.9746e-02,  5.2257e-02,  5.4731e-02, -1.7430e-02], device='mps:0')"
The Godfather,Theatrical,"The world premiere for The Godfather took place at Loews's State Theatre in New York City on Tuesday, March 14, 1972, almost three months after the planned release date of Christmas Day in 1971, with profits from the premiere donated to The Boys Club of New York. Before the film premiered, the film had already made $15 million from advance rentals from over 400 nationwide highlighted theaters as part of the marketing promotion plan for the film. The following day, the film opened in five theaters in New York (Loew's State I and II, Orpheum, Cine and Tower East). Next was the Imperial Theatre in Toronto on March 17 and then Los Angeles at two theaters on March 22. The Godfather was released on March 24, 1972, throughout the rest of the United States reaching 316 theaters five days later.","tensor([-7.8848e-03, -3.0546e-02, -4.5232e-02,  3.2578e-02, -5.7509e-02,
        -3.3426e-02, -9.2438e-02,  3.6742e-02,  4.3037e-02,  4.4892e-03,
         6.5558e-02,  2.4645e-02,  1.2500e-02,  1.0989e-01,  1.0765e-02,
        -2.1087e-02,  6.2971e-02,  4.2950e-03,  3.0090e-02, -2.2352e-02,
         4.5903e-02, -1.3991e-01,  2.2760e-02,  4.2820e-02,  4.1449e-02,
         2.4302e-02, -1.9555e-03,  3.2912e-03, -3.7145e-02,  9.3899e-02,
        -2.6969e-02, -6.5914e-02,  5.3308e-02, -2.0248e-02,  5.3596e-02,
        -1.4928e-02,  9.4206e-03,  9.1368e-03,  3.8678e-02, -2.4338e-02,
         7.5195e-02,  2.2023e-02,  1.0097e-02,  6.4089e-02,  4.3101e-03,
        -5.9761e-03,  3.8621e-02,  7.5867e-02,  4.0301e-03,  5.3798e-02,
        -2.2100e-02,  5.1944e-02, -7.3760e-02, -1.1017e-02, -6.4215e-02,
        -2.6430e-03,  1.6635e-02, -2.6189e-02,  3.7330e-02,  5.6346e-02,
        -7.8263e-02, -6.0695e-02,  2.3089e-02,  2.3527e-03,  3.9350e-02,
        -1.6543e-02,  1.9485e-02, -1.3640e-02, -3.2769e-02, -1.2303e-02,
         7.6701e-02,  1.6487e-02,  2.6559e-02, -3.4172e-02,  1.5158e-03,
         1.1838e-02, -2.0080e-02,  4.6120e-02, -3.4386e-02, -4.1009e-02,
         9.8439e-02, -3.2874e-02, -5.6079e-02,  2.7409e-03, -1.6256e-02,
         3.6228e-02, -3.7457e-02,  7.7662e-02,  1.7112e-02,  7.0914e-02,
        -7.4105e-03,  1.4764e-02, -5.7459e-02,  3.3462e-02, -1.3310e-02,
        -4.3673e-02, -6.8214e-03,  1.0472e-01,  8.7330e-02, -5.6157e-02,
         9.3741e-02, -7.2651e-02,  1.9106e-02, -3.9122e-02,  5.7794e-04,
         2.5307e-02, -4.2915e-03,  4.7765e-02, -9.7401e-02,  4.8914e-02,
        -7.8708e-02,  5.9247e-02,  8.6290e-02, -5.7400e-02, -6.5279e-03,
         4.0487e-02,  1.1159e-01,  3.7545e-02,  4.9811e-02,  1.1755e-02,
         2.6187e-02,  1.2934e-02,  1.2988e-01, -1.4548e-02, -8.7344e-02,
        -4.6471e-02,  1.1995e-02,  1.6220e-33, -1.7339e-02, -6.6701e-02,
        -2.9406e-02,  2.1104e-02,  8.9959e-04, -5.5563e-03,  5.9879e-02,
         1.8024e-02, -9.6586e-02, -3.5643e-02, -1.2189e-02, -8.9459e-02,
        -5.8957e-02, -1.0623e-01, -3.5500e-02,  9.8608e-04,  2.2634e-02,
        -2.7465e-02, -1.6724e-02, -1.2167e-02, -8.5161e-02, -9.5376e-02,
         3.6170e-02,  7.1120e-02, -1.4180e-02, -1.4525e-02, -9.0434e-02,
        -3.0374e-03, -5.1735e-02, -4.6767e-02,  1.4304e-03, -5.8331e-03,
        -3.6370e-03, -4.8207e-02,  9.1516e-02, -7.2500e-02,  3.3239e-02,
        -5.4940e-02,  7.0299e-03, -3.7276e-02, -2.6875e-02, -7.3666e-03,
        -8.3726e-02, -5.2528e-02,  3.8976e-02,  8.4301e-02, -9.3946e-02,
         8.6134e-02,  2.3535e-02,  5.1186e-03,  9.6785e-02, -2.4852e-02,
        -4.8421e-02, -9.0094e-02, -6.7411e-02,  3.7933e-02, -3.0676e-02,
        -1.2294e-01,  5.1377e-02, -1.7324e-02,  5.7869e-02,  6.1480e-02,
         8.4531e-03,  1.4836e-02, -1.2889e-01, -1.1508e-02, -5.6620e-03,
         2.4965e-02, -7.1168e-03,  5.1335e-02,  8.9837e-02, -1.0113e-01,
        -4.1599e-02, -4.5967e-02,  1.0685e-01,  1.7400e-02, -4.3531e-02,
         4.0556e-02,  3.4384e-02,  5.5723e-03,  6.5267e-02,  9.5446e-02,
         1.1381e-01,  8.0377e-03,  1.5831e-02,  4.8829e-02, -5.5765e-02,
         5.2095e-02,  5.2978e-03,  1.1919e-02,  4.8194e-03, -8.7781e-03,
         2.3813e-03, -3.9327e-04,  5.5340e-02, -4.1104e-33,  1.0387e-01,
        -1.5228e-02, -8.7883e-03, -8.9884e-02, -5.1819e-02, -1.0158e-01,
        -1.3700e-01,  1.0997e-02,  8.9327e-02,  5.9796e-02, -6.3322e-03,
         3.5643e-03,  5.6829e-02,  3.2109e-02, -2.4794e-02,  2.2175e-02,
         5.2226e-03,  2.1652e-02,  4.5233e-02,  8.8919e-03,  5.9374e-02,
        -7.8496e-02,  2.3003e-02,  6.7425e-04, -5.6174e-02, -7.9128e-02,
        -4.1773e-04,  8.1777e-02,  1.4801e-02,  4.0474e-02, -7.8016e-02,
        -2.6733e-02, -9.3738e-03,  2.3037e-02, -3.5109e-02,  2.2935e-02,
        -2.3339e-03, -4.5345e-02,  3.1899e-02, -4.9304e-02, -6.5503e-02,
        -2.4991e-02, -8.5820e-02,  4.5060e-02, -1.7416e-02,  1.2418e-02,
         1.8751e-02,  2.3100e-02,  3.3637e-03, -4.1805e-03, -9.9000e-02,
         2.6814e-02, -2.5246e-02, -1.4922e-02, -8.3697e-03,  1.5311e-02,
        -1.2626e-02, -1.8896e-02,  1.1179e-02, -1.7791e-02, -2.1635e-02,
        -4.8963e-02, -1.2382e-01, -7.5912e-02, -4.9917e-02, -4.5991e-03,
        -7.0377e-03,  5.3801e-02,  2.7438e-03,  2.5874e-03,  4.3213e-02,
        -7.7884e-03, -7.6086e-02, -2.9440e-03, -1.0597e-01,  5.2599e-02,
         6.1282e-03,  1.6803e-02,  3.0653e-02,  3.9677e-02,  1.2213e-02,
         9.1930e-02, -4.0716e-03,  2.0746e-02, -2.6954e-02, -5.3669e-03,
         1.1270e-01,  3.9879e-03, -6.1873e-02,  7.3412e-02,  4.8279e-02,
         1.0515e-02,  4.7029e-02, -1.7484e-02, -3.3845e-02, -5.0524e-08,
        -1.0000e-03,  3.9172e-02, -1.9417e-02,  2.7133e-02,  3.7112e-02,
        -5.8548e-02,  4.3385e-03,  2.2620e-02,  1.1686e-01,  1.6830e-02,
        -4.5307e-02, -1.8480e-02,  9.0293e-03,  8.1026e-03, -3.1982e-02,
        -3.6913e-02,  1.0226e-02,  3.4619e-02,  4.8076e-02, -8.0654e-03,
         1.0725e-01, -9.0947e-03,  1.6977e-02, -2.7493e-04,  1.2196e-02,
        -4.3929e-02, -4.3532e-02, -2.5499e-03, -1.9905e-02, -4.2297e-03,
         3.7925e-03, -7.5795e-02,  1.9061e-02, -1.1367e-01, -3.8374e-02,
        -1.6389e-02, -4.1921e-02, -6.1182e-02,  8.1590e-03, -1.2037e-01,
         2.1442e-02,  3.9814e-02, -1.6000e-02, -1.8329e-02,  2.2125e-02,
         1.0488e-01, -8.6109e-02, -3.2369e-02, -3.2484e-02,  4.6782e-02,
        -5.1252e-03,  1.6472e-02, -6.8260e-02, -9.9747e-02,  5.7173e-02,
        -7.9957e-02,  2.0385e-02,  1.0580e-01,  7.5823e-02, -5.1465e-02,
         4.6766e-02, -3.2213e-02, -3.0128e-02, -2.3267e-04], device='mps:0')"
The Godfather,Home media,"The television rights for the film were sold for a record $10 million to NBC for one showing over two nights. The theatrical version of The Godfather debuted on American network television on NBC with only minor edits. The first half of the film aired on Saturday, November 16, 1974, and the second half two days later. The television airings attracted a large audience with an average Nielsen rating of 38.2 and audience share of 59% making it the eighth most-watched film on television, with the broadcast of the second half getting the third-best rating for a film on TV behind Airport and Love Story with a rating of 39.4 and 57% share. The broadcast helped generate anticipation for the upcoming sequel. The next year, Coppola created The Godfather Saga expressly for American television in a release that combined The Godfather and The Godfather Part II with unused footage from those two films in a chronological telling that toned down the violent, sexual, and profane material for its NBC debut on November 18, 1977. In 1981, Paramount released the Godfather Epic boxed set, which also told the story of the first two films in chronological order, again with additional scenes, but not redacted for broadcast sensibilities. The Godfather Trilogy was released in 1992, in which the films are fundamentally in chronological order.
The Godfather Family: A Look Inside was a 73-minute documentary released in 1991. Directed by Jeff Warner, the film featured some behind-the-scenes content from all three films, interviews with the actors, and screen tests. The Godfather DVD Collection was released on October 9, 2001, in a package that contained all three films—each with a commentary track by Coppola—and a bonus disc containing The Godfather Family: A Look Inside. The DVD also held a Corleone family tree, a ""Godfather"" timeline, and footage of the Academy Award acceptance speeches.","tensor([-1.4390e-02, -1.5590e-02, -3.7051e-02,  5.3861e-02, -1.0317e-02,
         2.0516e-02, -8.2571e-02,  8.0057e-02,  1.0173e-01, -2.6247e-02,
        -3.0057e-02,  5.6728e-02, -2.0583e-02,  5.9187e-02, -3.1228e-02,
        -1.0509e-01,  1.1051e-01, -2.7032e-02,  2.5386e-02, -1.4237e-03,
         6.9224e-02, -4.5337e-02,  2.0024e-02,  9.0868e-03,  7.9316e-02,
         2.3777e-03, -6.1102e-02,  3.2531e-02, -4.0889e-02,  3.0887e-02,
         1.0910e-02,  1.8607e-02,  7.1388e-02,  1.7186e-02, -7.7289e-02,
        -5.2972e-02, -1.3097e-02,  1.6946e-02,  2.2131e-03, -3.4703e-02,
         7.4193e-02,  3.2161e-03,  3.1466e-02,  5.2933e-02, -8.1255e-03,
        -1.1890e-02,  5.2191e-02,  5.8798e-02,  1.9847e-02,  4.1911e-02,
        -3.0727e-02,  7.2634e-02, -3.7387e-02,  6.5909e-02, -2.4908e-02,
        -1.7360e-02, -3.7943e-02,  3.9238e-02,  2.7804e-04, -3.1134e-02,
        -4.4133e-02, -1.4688e-02,  1.8833e-02, -2.1528e-02,  1.1285e-02,
        -2.1035e-02,  1.8275e-02, -2.9768e-02, -3.5680e-02, -6.0660e-03,
        -1.1493e-02,  4.7610e-02,  1.6247e-02, -1.7794e-02,  9.3901e-03,
         2.0691e-02, -6.3502e-03, -1.5061e-02, -1.3514e-02, -1.2570e-01,
         1.0529e-01, -7.0597e-02, -7.8473e-02,  2.6806e-03, -4.5089e-02,
         7.5285e-03, -4.0579e-03,  3.8919e-02, -4.3495e-02,  3.2369e-02,
        -8.2252e-03,  2.7916e-02,  6.0165e-02, -3.0527e-02,  1.0839e-02,
        -2.3318e-02, -1.1594e-01,  6.5521e-02,  8.7004e-02, -3.7599e-02,
         3.4593e-02, -4.7039e-02, -5.3816e-02, -6.8180e-02,  7.2203e-02,
         1.4881e-02,  6.9083e-02, -2.3216e-02,  5.9701e-03,  8.8666e-02,
        -1.0334e-01,  6.6395e-02,  1.4967e-02, -5.1124e-02,  5.6176e-02,
         3.3235e-02,  1.0078e-01,  1.0060e-02,  1.2988e-01,  5.8453e-02,
         4.1556e-02, -3.7630e-02,  9.3420e-02, -6.6873e-02,  6.1871e-03,
        -8.5078e-02,  4.0234e-02,  2.3171e-34, -8.6365e-02, -3.8619e-02,
        -4.6893e-02,  2.7947e-02,  3.7152e-02,  3.4594e-02,  3.5368e-02,
         3.3689e-03, -7.2063e-02,  2.4589e-02, -9.5510e-02, -2.1899e-02,
        -6.8593e-02, -7.4847e-02, -4.6760e-03,  6.2961e-03, -2.4992e-02,
        -4.1063e-02, -1.5258e-02, -2.4032e-02, -6.8063e-02, -5.6196e-02,
         5.5372e-03, -1.0214e-02, -2.3886e-02, -4.5622e-02, -2.9853e-02,
        -1.3910e-02,  2.2005e-02, -3.7083e-02, -5.0321e-02,  5.0307e-02,
         5.8452e-03, -8.0311e-02,  8.8989e-02, -8.2008e-02,  1.9472e-02,
        -1.7978e-02,  2.8960e-02,  2.6027e-02, -7.7037e-02,  1.8546e-02,
        -9.9548e-02, -9.0600e-02,  4.7020e-02,  6.7054e-02, -6.1998e-02,
         6.9184e-02, -3.2554e-02, -3.3293e-02,  1.1537e-01, -1.6869e-02,
         1.8001e-02, -1.0907e-02, -7.2143e-02,  6.2251e-02, -3.6522e-02,
        -1.3766e-01,  7.4035e-02,  4.2545e-02,  1.3062e-02,  9.1029e-02,
        -1.4400e-02,  1.0783e-02, -1.2570e-01,  5.4331e-02,  2.8403e-02,
         7.1469e-02, -7.5275e-02,  3.7959e-02,  3.6206e-02, -5.5172e-02,
        -6.2778e-02, -7.6212e-02,  8.2263e-02,  9.3969e-03,  2.2931e-02,
         3.3193e-02,  2.2613e-02,  2.5649e-03,  2.3285e-02,  2.6824e-02,
         7.6255e-02,  1.2930e-02,  3.4715e-02,  4.4587e-02, -9.4012e-03,
         6.0890e-02, -8.8262e-03,  7.3661e-03,  4.8324e-02, -4.8967e-02,
         3.3328e-02,  3.2101e-02,  7.8769e-02, -1.6238e-33,  4.2885e-02,
         2.4857e-02, -4.1152e-02, -5.7930e-02, -4.0383e-02, -1.0392e-01,
        -1.1574e-01, -7.5457e-03,  8.1806e-02,  3.2164e-02,  3.8514e-02,
        -8.7457e-02,  1.8758e-03,  3.3956e-02, -3.4628e-02, -1.2635e-02,
        -4.3457e-02, -3.6080e-02,  3.2458e-02,  2.3145e-02,  5.9866e-02,
        -2.8313e-02, -1.6943e-02,  6.7566e-02, -2.5082e-02, -6.0755e-02,
         1.6805e-02,  1.3110e-01,  8.3125e-03,  2.6703e-02, -3.8540e-02,
        -9.1636e-03,  8.0240e-03,  9.3353e-03, -5.5506e-02,  3.3154e-02,
         4.3961e-02, -4.2081e-02,  4.6872e-02,  2.1818e-02, -1.3839e-02,
         1.0968e-02, -8.7903e-02,  6.9531e-03, -1.3054e-02, -2.5001e-02,
         2.9856e-02, -1.0779e-03, -5.4951e-02, -3.9383e-02, -3.8245e-02,
         4.1570e-02, -1.8004e-02,  3.5220e-02, -1.4365e-02,  1.9944e-03,
        -2.3347e-03,  5.3448e-02,  8.4987e-02,  2.2576e-03,  4.7963e-02,
        -2.2762e-02, -1.4130e-01, -1.2529e-01,  9.2940e-03,  1.7590e-02,
         5.3617e-02, -2.4848e-03, -1.9984e-03,  5.9188e-02, -5.8603e-02,
        -6.6526e-02, -3.7807e-02, -1.5350e-02,  4.0236e-02,  1.2162e-01,
        -2.2071e-02,  3.7032e-03,  2.4809e-02,  6.6940e-02, -2.2754e-02,
         2.3400e-02, -1.7921e-03,  2.3136e-04,  1.0974e-02, -5.2639e-02,
         9.7196e-02, -4.6852e-03, -7.5734e-02,  1.0543e-01, -2.0743e-02,
        -3.5605e-02,  1.5377e-02,  1.0048e-02, -1.7948e-02, -5.7567e-08,
        -4.3926e-02,  1.5405e-02,  3.3003e-02, -1.2105e-02,  4.2932e-02,
         3.5687e-04, -6.5496e-02,  3.1236e-04,  7.1980e-02, -5.8044e-02,
        -5.5163e-02, -6.7218e-03, -4.4007e-02, -1.1491e-02, -3.6988e-02,
         3.1229e-02, -5.3606e-03,  1.0748e-02,  5.8485e-02,  5.7298e-02,
         4.2508e-02, -1.0343e-02,  5.4096e-03, -7.5137e-02,  1.7291e-02,
        -4.5084e-03, -6.2050e-02, -6.8878e-02,  1.2667e-02,  7.7341e-02,
         1.5772e-02, -9.2188e-02,  1.9619e-02, -8.3968e-02, -8.9243e-03,
        -5.7144e-02, -5.3270e-03, -2.4217e-02,  6.7452e-02, -4.6339e-02,
         9.2937e-02,  1.0925e-02, -5.2641e-04, -4.0457e-04,  3.7339e-02,
         6.2633e-02, -5.4462e-02, -4.7533e-02, -1.8053e-02, -6.7037e-02,
         1.3481e-01,  2.8791e-03, -3.9008e-02, -1.6322e-02,  9.0670e-02,
        -8.3998e-02,  9.3386e-03,  8.8308e-02,  2.8983e-02, -6.5025e-02,
         3.3504e-02,  9.0135e-03, -4.2316e-02,  4.3019e-02], device='mps:0')"
The Godfather,The Godfather: The Coppola Restoration,"During the film's original theatrical release, the original negatives were worn down due to the reel being printed so much to meet demand. In addition, the duplicate negative was lost in Paramount archives. In 2006 Coppola contacted Steven Spielberg—whose studio DreamWorks had recently been bought out by Paramount—about restoring The Godfather. Robert A. Harris was hired to oversee the restoration of The Godfather and its two sequels, with the film's cinematographer Willis participating in the restoration. Work began in November 2006 by repairing the negatives so they could go through a digital scanner to produce high-resolution 4K files. If a negative was damaged and discolored, work was done digitally to restore it to its original look. After a year and a half of working on the restoration, the project was complete. Paramount called the finished product The Godfather: The Coppola Restoration and released it to the public on September 23, 2008, on both DVD and Blu-ray Disc. Dave Kehr of The New York Times believed the restoration brought back the ""golden glow of their original theatrical screenings"". As a whole, the restoration of the film was well received by critics and Coppola. The Godfather: The Coppola Restoration contains several new special features that play in high definition, (including additional scenes, behind the scenes footage, etc.).
Paramount Pictures restored and remastered The Godfather, The Godfather Part II, and The Godfather Coda: The Death of Michael Corleone (a re-edited cut of the third film) for a limited theatrical run and home media release on Blu-ray and 4K Blu-ray to celebrate the 50th anniversary of the premiere of The Godfather. The disc editions were released on March 22, 2022.","tensor([-1.4234e-01, -2.1496e-02, -2.9261e-03,  3.4171e-03, -9.9447e-02,
        -2.8070e-02, -1.5148e-02, -9.2428e-06,  7.3608e-02, -5.4767e-02,
         4.6042e-02,  1.1937e-01, -2.9893e-02,  6.3900e-02, -6.8574e-02,
        -6.6205e-03,  8.0934e-02,  5.9417e-02, -2.4035e-02, -1.8933e-02,
         1.6960e-02, -6.2968e-02, -7.9653e-02, -3.4280e-02, -1.6335e-02,
         4.3114e-02, -6.3165e-02,  2.7983e-02, -2.5418e-02, -2.0132e-02,
        -2.5241e-02,  3.1219e-02,  1.0436e-02, -1.3566e-02,  6.9645e-02,
         1.9154e-02, -7.6620e-03,  1.3677e-02,  3.7934e-02, -8.1725e-02,
         1.4246e-02,  2.9551e-02, -5.9958e-02,  1.6654e-02,  7.7465e-03,
        -4.3765e-02,  3.4289e-02,  1.6388e-02,  7.6135e-02, -2.3406e-02,
         2.2350e-03,  1.1880e-02, -4.0838e-02,  3.4510e-03,  1.3219e-02,
         5.1296e-02,  2.6849e-02,  7.3354e-03, -3.8111e-02,  1.2440e-02,
        -5.4350e-02,  1.6909e-03, -3.0711e-02,  1.5678e-02,  1.1230e-01,
         2.2204e-02, -2.9499e-02, -7.0684e-02,  5.8562e-03,  5.3383e-02,
        -5.3137e-02,  1.8165e-03,  5.8712e-02, -2.6131e-02, -1.5557e-02,
         6.5937e-02, -7.7233e-02, -7.2046e-03, -7.0812e-02, -1.0322e-01,
         1.5887e-01, -6.8417e-02, -1.0614e-01,  6.6976e-02,  3.4840e-02,
         4.3251e-02, -3.0175e-02, -5.0125e-02,  1.6639e-03,  4.7930e-02,
        -1.5026e-02,  4.7375e-02,  1.5611e-02, -1.2402e-02, -7.5957e-02,
        -4.8987e-02, -1.0115e-02,  5.7544e-02,  7.5153e-02,  4.8373e-02,
         5.5408e-02, -5.8412e-02, -6.3053e-03, -1.0900e-01, -5.4234e-02,
        -4.5141e-02,  1.2071e-02, -2.6240e-02, -1.4878e-02,  5.8834e-02,
        -9.1922e-02,  5.0737e-02,  3.6649e-02,  4.3604e-03,  9.5221e-02,
         8.0488e-02,  3.6671e-02,  4.6469e-02,  2.9242e-02, -2.7778e-02,
        -1.3859e-02,  2.2276e-02,  7.9833e-02, -8.3965e-02,  6.9422e-03,
         1.1810e-02,  4.9509e-02, -1.5559e-33, -2.2393e-02,  6.5898e-02,
         4.7684e-02, -1.9532e-02,  3.5735e-02,  3.1949e-02,  5.6241e-02,
        -1.9659e-03, -7.3648e-02, -2.0107e-02,  2.0167e-02,  3.2931e-02,
        -6.7404e-02,  2.4408e-04, -8.0816e-02,  2.2663e-02, -3.3977e-03,
        -4.8337e-03, -5.0343e-02,  8.5044e-04, -7.3524e-02,  2.4465e-02,
         2.4851e-02, -1.3498e-03, -1.0616e-03, -2.1288e-02,  2.5564e-03,
         2.6441e-02, -5.7682e-02,  5.5359e-04, -1.1634e-01,  1.3522e-01,
         2.3793e-02, -6.7308e-02,  5.3039e-02, -1.5968e-02,  4.1208e-02,
        -2.7787e-02, -3.6586e-02, -3.1377e-03, -7.2710e-02,  8.6671e-02,
        -5.2656e-02, -4.9756e-02,  1.0818e-02, -5.2183e-02,  1.0507e-02,
         7.5717e-02, -3.8873e-02, -2.6409e-04,  1.3230e-01, -3.5808e-02,
         6.6840e-03, -5.9042e-02, -1.1029e-01,  3.9526e-02, -1.7705e-03,
        -7.2056e-02,  7.2399e-02,  1.1799e-03,  1.4508e-01,  9.2540e-02,
        -8.0831e-02, -1.9122e-02, -3.3692e-02,  7.8522e-02,  7.7876e-03,
         8.1546e-02, -2.8671e-02, -1.6591e-02,  2.4484e-03, -9.6911e-02,
        -6.0690e-02,  1.7937e-02,  7.9140e-02,  8.1274e-03, -4.9971e-02,
         7.7620e-02,  2.2642e-02, -5.6579e-02, -5.6735e-02,  2.6163e-02,
         6.0041e-03, -7.9375e-02,  3.0984e-03,  2.4539e-02,  2.5115e-02,
        -1.8873e-02,  3.6743e-03, -2.4035e-02,  1.2320e-02, -4.8004e-02,
        -2.5220e-02,  4.1415e-02,  7.8160e-02, -1.2398e-33,  4.7872e-02,
        -5.5997e-02, -4.1466e-02, -3.6539e-02, -8.7738e-02, -9.8163e-02,
        -9.3927e-02, -2.4529e-02,  3.7034e-02, -6.4505e-02,  1.4721e-02,
         3.7042e-02,  1.7159e-02,  1.8839e-02, -5.1386e-02,  6.6175e-03,
        -6.6728e-02, -2.3532e-02,  1.4400e-02, -5.0319e-02,  8.1518e-02,
         1.8327e-02,  2.5901e-02,  4.6531e-02, -4.3641e-02, -2.7381e-02,
        -2.1821e-02,  9.0206e-02,  9.9125e-02, -3.5887e-02,  1.0874e-02,
        -1.1247e-02, -5.7083e-02, -5.9673e-03,  8.8421e-03, -4.2556e-03,
         3.4668e-02, -6.4441e-02,  1.5262e-02, -3.8310e-02, -4.2439e-02,
         3.1821e-02,  1.7150e-02,  4.5170e-02,  1.2570e-02, -5.5179e-03,
         3.3659e-02, -2.8851e-02,  9.5628e-03,  3.9352e-03, -5.8048e-03,
        -4.6719e-03, -4.1945e-02,  5.4931e-02,  1.4169e-02,  1.6795e-02,
         2.3091e-02,  3.1656e-03,  2.6373e-02,  7.0036e-02,  4.9584e-03,
         4.7939e-03, -7.2737e-02, -1.2218e-01, -3.5258e-02,  3.0340e-02,
         5.3350e-02,  4.2024e-02, -2.6435e-02,  3.2182e-02, -1.8354e-02,
         6.1578e-02, -8.3962e-02, -5.9822e-02, -1.4943e-02,  1.7695e-02,
        -7.6316e-02,  1.1226e-01, -2.5692e-02,  7.9025e-02, -4.0408e-02,
        -1.8920e-02,  8.2342e-03,  5.7572e-02,  4.9234e-02, -1.2817e-02,
         3.2922e-02, -6.0262e-03,  1.5533e-02,  5.5381e-02, -2.2837e-02,
         2.3769e-02, -2.8314e-02,  5.1509e-02, -2.3456e-02, -5.1336e-08,
        -5.3799e-02,  7.8939e-02,  1.2861e-02, -1.8233e-02,  3.4580e-02,
        -1.4092e-01, -5.7058e-02,  3.9769e-02,  4.5427e-02, -1.1638e-01,
        -8.7884e-03, -4.7774e-02, -2.8889e-02,  2.7942e-02, -7.0686e-02,
         6.1632e-02,  5.5334e-02,  5.5056e-04,  1.6623e-02,  5.7096e-03,
        -1.1074e-02, -3.1114e-02,  3.2486e-02,  2.4344e-02,  7.8489e-03,
        -2.6187e-02, -6.4321e-03, -8.8932e-02, -7.3050e-03,  6.0684e-02,
         8.5257e-03, -6.5288e-03,  6.5190e-02, -8.9305e-02, -1.3981e-03,
        -9.0705e-02,  1.7351e-02, -1.2076e-02,  1.6619e-02, -9.4598e-02,
         3.9676e-02,  2.3221e-02, -5.8732e-02,  1.9966e-02,  7.4094e-02,
         1.7644e-02,  3.3850e-02, -9.8330e-02, -8.0279e-02,  2.7901e-02,
         7.8767e-02,  4.5101e-02, -8.6874e-03,  2.7779e-02,  6.4340e-02,
        -4.3378e-02,  1.5637e-02,  8.0759e-02,  1.6359e-03,  5.2918e-03,
         6.3182e-02, -4.9115e-02,  6.2097e-02,  6.5532e-02], device='mps:0')"
The Godfather,Box office,"The Godfather was a blockbuster, breaking many box office records to become the highest-grossing film of 1972. The film's opening day gross from five theaters was $57,829 with ticket prices increased from $3 to $3.50. Prices in New York increased further at the weekend to $4, and the number of showings increased from four times a day to seven times a day. The film grossed $61,615 in Toronto for the weekend and $240,780 in New York, for an opening weekend gross of $302,395. The film grossed $454,000 for the week in New York and $115,000 in Toronto for a first week gross of $568,800, which made it number one at the U.S. box office for the week. In its first five days of national release, it grossed $6.8 million, taking its gross up to $7,397,164. A week later its gross had reached $17,291,705 with the one week gross of around $10 million being an industry record. It grossed another $8.7 million by April 9 to take its gross to $26,000,815. After 18 weeks at number one in the United States, the film had grossed $101 million, the fastest film to reach that milestone. Some news articles at the time proclaimed it was the first film to gross $100 million in North America, but such accounts are erroneous; this record belongs to The Sound of Music, released in 1965. It remained at number one in the US for another five weeks to bring its total to 23 consecutive weeks at number one before being unseated by Butterflies Are Free for one week before becoming number one for another three weeks.
The film eventually earned $81.5 million in theatrical rentals in the US and Canada during its initial release, increasing its earnings to $85.7 million through a reissue in 1973, and including a limited re-release in 1997, it ultimately earned an equivalent exhibition gross of $135 million, with a production cost of $6.5 million. It displaced Gone with the Wind to claim the record as the top rentals earner, a position it would retain until the release of Jaws in 1975. The film repeated its native success overseas, earning in total an unprecedented $142 million in worldwide theatrical rentals, to become the highest net earner. Profits were so high for The Godfather that earnings for Gulf & Western Industries, Inc., which owned Paramount, jumped from 77 cents per share to $3.30 a share for the year, according to a Los Angeles Times article, dated December 13, 1972. Re-released eight more times since 1997, it has grossed between $250 million and $291 million in worldwide box office receipts, and adjusted for ticket price inflation in North America, ranks among the top 25 highest-grossing films.","tensor([-2.3623e-03, -6.1430e-02, -4.0363e-02,  6.6979e-02, -6.4861e-02,
        -2.2110e-03, -2.6940e-02,  8.3511e-02,  4.8790e-02, -2.3101e-02,
        -3.8838e-02,  1.6509e-02, -5.7360e-02,  4.9829e-02, -2.4521e-02,
        -6.6880e-02,  1.1466e-01,  1.0548e-02, -1.7833e-02, -1.7221e-02,
         5.2808e-02, -9.9339e-02,  6.1799e-02,  2.6575e-02,  3.2844e-02,
        -7.3395e-04, -4.6126e-02, -1.7864e-03, -4.3102e-02,  2.1752e-02,
        -2.8541e-02, -7.2583e-04,  3.9877e-02,  1.0869e-02,  3.4084e-02,
        -2.9860e-02, -4.2233e-03,  2.7678e-02,  3.2312e-02, -3.0558e-02,
         5.4165e-02,  2.5946e-02, -6.0345e-03,  7.3015e-02,  1.4917e-02,
        -4.8137e-02, -9.4417e-03,  1.2820e-01,  5.6609e-02,  5.3412e-02,
        -6.1260e-02,  5.9714e-02, -6.9482e-02, -2.2281e-02,  7.8407e-03,
        -1.4700e-02, -4.4955e-03, -5.7992e-02,  4.1698e-02,  3.6811e-02,
        -6.0748e-02, -1.2721e-02,  2.6012e-02, -5.5853e-02,  1.9722e-02,
        -3.8655e-02, -5.7384e-02, -1.9154e-02, -6.2018e-02,  1.8567e-02,
         1.2640e-02,  6.1429e-02,  2.4274e-02, -5.5552e-02, -2.9147e-02,
        -1.5210e-02, -2.3237e-02, -1.4221e-02, -1.8132e-02, -8.6692e-03,
         1.0980e-01, -5.8401e-02, -1.1064e-01, -8.8802e-03,  3.5752e-03,
         2.5004e-02,  7.0553e-04,  9.6575e-02,  2.2161e-02,  9.1217e-02,
         2.3593e-02,  2.0151e-02, -1.3062e-02, -1.0757e-02, -3.9977e-02,
        -6.3620e-03, -8.5212e-02,  8.3087e-02,  5.9851e-02, -2.6525e-02,
         1.0117e-01, -1.3772e-02, -2.1781e-02, -3.7357e-02,  7.3352e-03,
        -1.3155e-02,  3.5499e-02,  2.8321e-02, -5.9935e-02,  5.6336e-02,
        -6.5674e-02,  2.2882e-02,  2.3372e-02, -8.5610e-02, -7.3757e-03,
         2.6304e-02,  4.5007e-02,  2.5983e-02,  5.8658e-02,  9.6105e-02,
         2.7381e-02,  1.9508e-02,  6.8248e-02, -1.4859e-02, -8.3364e-02,
        -7.3247e-02, -2.4405e-02, -1.2382e-34, -6.8406e-02, -1.1983e-02,
        -2.2485e-03, -2.9581e-02, -1.6125e-02,  4.0494e-02, -1.0292e-02,
         2.5891e-02, -5.5952e-02,  1.5195e-02, -4.6492e-02, -4.4953e-02,
        -7.0793e-02, -1.0164e-02,  1.5897e-02, -8.1319e-03,  5.3282e-03,
         1.1378e-03, -1.8958e-02, -5.3978e-02, -1.0105e-01, -4.8140e-02,
        -3.3118e-02,  6.2013e-02, -7.0476e-02,  2.1459e-03, -9.1068e-02,
         9.5330e-03, -3.5320e-03, -4.9047e-02, -5.4120e-02,  3.5273e-02,
         3.9552e-02, -3.5273e-02,  8.0242e-02, -1.1426e-01,  5.2139e-02,
        -1.7187e-02,  3.1998e-02,  1.7245e-02, -1.3354e-01,  1.0872e-02,
        -7.4370e-02, -8.1232e-02, -4.1350e-02,  6.0404e-02, -9.4318e-03,
         5.7779e-02, -1.7832e-02, -4.0538e-02,  1.0339e-01, -3.4301e-02,
        -1.9078e-02, -1.7661e-02, -9.6876e-02,  5.6801e-02,  1.9094e-03,
        -1.2302e-01,  7.4210e-02,  4.3988e-02,  2.3237e-03,  5.2206e-02,
         2.6192e-02, -1.2977e-02, -1.2922e-01,  7.7397e-02,  1.1755e-03,
         5.4691e-02,  1.8695e-02,  1.2923e-01,  5.0988e-02, -4.9483e-02,
        -3.6367e-03, -5.0954e-02,  1.0109e-01,  4.4949e-02,  2.2047e-02,
        -1.3011e-02,  4.9309e-02,  2.3988e-02,  4.6033e-02,  5.5004e-02,
         1.2804e-01, -6.9109e-03,  5.1741e-02,  8.5738e-02, -8.2917e-02,
         7.4979e-02,  4.4969e-02,  2.8410e-02,  4.1723e-02, -3.3385e-02,
        -4.3817e-02, -2.8461e-02,  5.6320e-02, -2.8168e-33,  5.4505e-02,
         7.4395e-03, -1.0468e-02, -7.0765e-02, -3.7074e-02, -4.5484e-02,
        -7.5857e-02,  1.8072e-02,  7.2664e-02,  4.5312e-02, -7.2617e-03,
         3.1045e-02,  3.2802e-02,  6.5558e-02,  1.9849e-02, -8.0444e-03,
        -3.5583e-03, -2.8369e-04,  4.9658e-02,  1.4992e-02,  6.7553e-04,
        -3.3263e-02,  3.8456e-02,  5.3687e-02, -5.5118e-02, -1.5394e-02,
        -2.0137e-02,  9.8053e-02,  2.9683e-02,  1.1021e-02, -1.3541e-02,
        -4.6258e-02, -2.2486e-03,  1.8613e-02, -1.7728e-02,  3.6734e-02,
         5.2298e-02, -6.2508e-02,  4.2561e-02, -1.3534e-02, -9.5208e-03,
         1.1993e-02, -2.0240e-02, -2.7848e-03,  2.3417e-02, -2.0324e-02,
        -4.9450e-02,  2.3361e-02,  1.5479e-02,  5.8170e-03, -2.5863e-02,
         4.2945e-02, -1.0916e-01,  5.8120e-02, -5.3226e-02,  3.6480e-02,
         1.1337e-02, -1.6001e-02,  2.3210e-03,  1.4127e-03, -4.2115e-03,
        -1.4834e-02, -1.5054e-01, -2.5357e-02, -6.2001e-02,  5.5086e-03,
         2.6252e-03, -5.3741e-02, -1.7646e-02, -2.4888e-02, -2.3712e-02,
        -5.6804e-02, -3.8629e-02, -6.4012e-02, -9.6840e-02,  1.0317e-01,
        -9.9560e-03,  2.3208e-02,  8.0679e-02,  9.3537e-02, -4.9032e-02,
         1.5596e-03,  1.0872e-02, -5.7058e-02, -2.3496e-02, -6.3758e-02,
         5.6015e-02, -2.9916e-03, -7.0549e-02,  1.4444e-01, -3.2481e-02,
        -3.1919e-03,  2.5020e-02, -5.0095e-02, -4.4518e-02, -5.2528e-08,
        -3.1863e-03, -2.1641e-02,  5.0441e-02, -4.8456e-04,  6.8813e-02,
        -8.5652e-02, -1.9109e-02,  7.6569e-02,  1.3220e-01,  5.0502e-02,
         1.9504e-02, -4.7119e-02, -6.0125e-02,  2.7109e-02, -1.0431e-01,
         5.8747e-03, -1.4645e-03, -7.7008e-04,  7.1680e-02, -9.9985e-03,
         5.4187e-02,  4.2606e-02,  2.2615e-02, -5.6673e-03, -1.5953e-02,
        -4.8758e-02, -3.6574e-02,  4.8330e-02,  1.4536e-02,  6.3214e-02,
         2.1622e-02, -4.0008e-02,  5.0141e-03, -8.3356e-02, -2.1702e-02,
        -6.7585e-02, -4.9515e-02, -6.3093e-02,  6.1193e-03, -6.9372e-02,
         3.9948e-02, -4.1260e-02, -9.3933e-02, -2.0229e-02,  2.3131e-02,
         3.4969e-02, -8.0831e-02, -7.7842e-02, -3.3352e-02, -3.5014e-02,
         8.5209e-02,  5.3094e-02, -4.2653e-02, -3.6291e-02,  9.7897e-02,
        -5.4290e-02, -8.1391e-03,  9.8507e-02,  1.2280e-02, -8.9685e-03,
         2.5941e-03, -1.0275e-01, -1.5204e-03, -1.8623e-02], device='mps:0')"
The Godfather,Critical response,"The Godfather has received widespread critical acclaim and is seen as one of the greatest and most influential films of all time, particularly of the gangster genre. On review aggregator Rotten Tomatoes, the film holds an approval rating of 97% based on 153 reviews, with an average rating of 9.4/10. The website's critics consensus reads, ""One of Hollywood's greatest critical and commercial successes, The Godfather gets everything right; not only did the movie transcend expectations, but it established new benchmarks for American cinema."" Metacritic, which uses a weighted average, has assigned the film a score of 100 out of 100 based on 16 critic reviews, indicating ""universal acclaim"".
The Village Voice's Andrew Sarris believed Marlon Brando portrayed Vito Corleone well, and that his character dominated each scene it appeared in, but felt Puzo and Coppola had the character of Michael Corleone too focused on revenge. In addition, Sarris stated that Richard Castellano, Robert Duvall, and James Caan were good in their respective roles. Pauline Kael of The New Yorker wrote that ""If ever there was a great example of how the best popular movies come out of a merger of commerce and art, The Godfather is it...[Coppola] has stayed very close to the book's greased-lightning sensationalism and yet has made a movie with the spaciousness and strength that popular novels such as Dickens' used to have."" She concluded that ""The Godfather is popular melodrama, but it expresses a new tragic realism.""
Roger Ebert of the Chicago Sun Times praised the casting by Coppola and Ruddy: ""As the Irish cop, for example, they simply slide in Sterling Hayden and let the character go about his business."" He wrote that ""Coppola has found a style and a visual look for all this material so ""The Godfather"" becomes something of a rarity: a really good movie squeezed from a bestseller. The decision to shoot everything in period decor (the middle and late 1940s) was crucial; if they'd tried to save money as they originally planned, by bringing everything up-to-date, the movie simply wouldn't have worked. But it's uncannily successful as a period piece, filled with sleek, bulging limousines and postwar fedoras. Coppola and his cinematographer, Gordon Willis, also do some interesting things with the color photography. The earlier scenes have a reddish-brown tint, slightly overexposed and feeling like nothing so much as a 1946 newspaper rotogravure supplement."" Ebert named The Godfather the best film of 1972. The Chicago Tribune's Gene Siskel gave the film four out of four, commenting that it was ""very good"".
Desson Howe of The Washington Post called the film a ""jewel"" and wrote that Coppola deserves most of the credit for the film. Writing for The New York Times, Vincent Canby felt that Coppola had created one of the ""most brutal and moving chronicles of American life"" and went on to say that it ""transcends its immediate milieu and genre"". Director Stanley Kubrick thought the film had the best cast ever and could be the best movie ever made. Director Steven Spielberg listed it among his favorite films. Stanley Kauffmann of The New Republic wrote negatively of the film in a contemporary review, claiming that Pacino ""rattles around in a part too demanding for him"", while also criticizing Brando's make-up and Rota's score.
Previous mafia films had looked at the gangs from the perspective of an outraged outsider. In contrast, The Godfather presents the gangster's perspective of the Mafia as a response to corrupt society. Although the Corleone family is presented as immensely rich and powerful, no scenes depict prostitution, gambling, loan sharking, or other forms of racketeering. George De Stefano argues that the setting of a criminal counterculture allows for unapologetic gender stereotyping (such as when Vito tells a weepy Johnny Fontane to ""act like a man"") and is an important part of the film's appeal.
Remarking on the fortieth anniversary of the film's release, film critic John Podhoretz praised The Godfather as ""arguably the great American work of popular art"" and ""the summa of all great moviemaking before it"". Two years before, Roger Ebert had written in his journal that it ""comes closest to being a film everyone agrees ... is unquestionably great"". Ebert added it to his canon of great movies, writing that ""a strange thing happened as I watched the restored version: Familiar as I am with Robert Duvall, when he first appeared on the screen I found myself thinking, 'There's Tom Hagen.' Coppola went to Italy to find Nino Rota, composer of many Fellini films, to score the picture. Hearing the sadness and nostalgia of the movie's main theme, I realized what the music was telling us: Things would have turned out better if only they had listened to the Godfather.""","tensor([-7.8418e-02, -5.7596e-02, -1.4273e-01, -9.1143e-03, -6.9860e-02,
         3.0741e-02,  2.1045e-02,  8.6853e-02,  3.6686e-02, -4.1024e-02,
        -1.1190e-03,  9.4666e-03, -1.5091e-02,  9.6980e-02, -3.3547e-02,
        -1.0309e-02,  1.6247e-01,  5.2939e-02,  1.9576e-03, -4.8289e-02,
        -2.8309e-03, -1.8069e-02,  1.4893e-02,  2.3853e-02,  4.9659e-03,
        -2.6554e-02, -2.2734e-02,  6.2370e-02, -1.3071e-01,  3.8559e-02,
        -5.7725e-02,  3.2057e-02,  4.9610e-04, -3.1901e-02, -9.5519e-02,
         3.9568e-02, -1.6238e-02,  1.9306e-03,  5.0598e-02, -7.4630e-02,
         2.5354e-02,  6.1463e-02,  5.7387e-02,  1.0509e-02,  9.1538e-02,
        -1.0233e-01, -2.3326e-02,  2.1314e-02,  3.5675e-02,  2.3922e-02,
        -7.1305e-02,  3.3859e-02, -7.7836e-03, -2.2521e-02, -7.0622e-02,
         1.0179e-02, -1.0345e-02, -3.2791e-02,  5.4706e-02, -5.9569e-02,
        -5.6557e-02, -3.7047e-02,  3.9798e-02,  3.7592e-03,  7.0716e-02,
        -3.7806e-02, -3.4623e-02, -3.1616e-02, -9.7744e-02,  6.8555e-02,
        -2.4331e-03, -3.1138e-02,  7.0330e-02, -1.4690e-02, -1.7450e-02,
         5.6270e-02, -1.1751e-01, -1.2287e-02, -2.6512e-02, -3.8496e-02,
         1.7290e-01, -2.4764e-03, -9.1953e-02,  9.7690e-04, -4.0845e-03,
        -1.6435e-02,  2.3920e-02,  8.8255e-03, -9.3631e-03,  9.2579e-02,
         4.3305e-02,  5.6634e-02, -2.5969e-02, -2.3283e-02,  4.7491e-02,
         2.3880e-04, -1.4934e-02,  2.5776e-02, -6.0563e-03, -4.3152e-02,
         6.0421e-02, -1.8010e-03, -6.0148e-02, -7.5507e-02,  3.5585e-02,
        -2.3043e-02,  1.2255e-01,  3.4939e-02,  8.5923e-03,  5.9519e-02,
        -1.4476e-01,  4.5045e-02, -2.8920e-02, -7.0286e-02,  5.5646e-02,
        -3.9601e-03,  7.8023e-02,  2.5376e-02, -1.7820e-02,  9.1835e-02,
         1.3689e-02,  4.9013e-03,  4.4250e-02, -7.4013e-02,  4.2846e-02,
        -6.8601e-03,  3.6465e-02,  5.2966e-34, -4.7779e-02,  3.9262e-02,
         5.6197e-02,  6.4624e-02, -2.6268e-03, -5.4814e-03, -4.5115e-02,
        -4.5484e-02, -5.3904e-02, -4.8468e-02, -8.5636e-02,  1.3374e-02,
        -6.3737e-02,  3.2050e-02,  5.6192e-03,  9.3743e-02, -2.1847e-02,
        -6.1971e-02,  5.6923e-03, -2.1880e-02, -2.3306e-02,  3.9365e-02,
         2.5900e-02, -1.8897e-02, -2.4790e-02, -2.2429e-03, -5.7500e-02,
         3.0094e-02, -7.3236e-02, -1.0926e-02, -5.2481e-02,  7.0665e-02,
         2.0112e-02, -6.7475e-02,  6.2087e-02, -9.6726e-02, -9.4150e-02,
         6.6536e-03,  5.1724e-02, -1.6253e-02, -6.5854e-02,  2.3449e-02,
        -8.1622e-02,  2.2763e-02, -6.7974e-03,  6.7391e-02, -1.5558e-02,
         6.8677e-02, -7.8574e-02, -6.9257e-03,  8.6738e-02, -5.3205e-02,
         1.0594e-02,  9.5343e-02, -5.3209e-02,  4.8054e-02, -1.2091e-02,
        -6.6285e-02,  1.5809e-02, -3.2805e-02,  8.2193e-03,  1.0945e-01,
        -4.9976e-02, -3.2475e-02, -5.8546e-02,  8.8145e-02, -3.4708e-02,
         8.4235e-02,  1.7101e-03,  2.5454e-02,  8.2654e-02, -7.7246e-02,
        -1.2219e-01,  5.5182e-02,  7.2154e-03,  4.4721e-02,  3.0962e-02,
         2.1017e-02, -4.3939e-02, -1.9128e-02, -2.8940e-02, -2.8390e-03,
         6.9381e-02, -8.7139e-02,  2.3672e-02,  4.1202e-02, -1.8703e-03,
        -4.1282e-02,  3.0343e-02,  4.2246e-02,  7.5323e-02, -3.3867e-02,
         3.7556e-02,  3.5729e-04,  1.2518e-02, -2.4996e-33, -1.1501e-02,
        -1.4556e-02,  4.5357e-02,  4.9814e-03, -8.9751e-02, -5.9063e-02,
        -1.2883e-01, -6.9557e-02,  1.1717e-01,  3.7816e-02,  2.2130e-03,
         3.4791e-03,  1.5426e-02, -7.4507e-03,  6.0939e-02,  3.1178e-02,
        -9.6032e-03,  2.9090e-03,  2.8931e-02, -9.0745e-03,  1.2671e-01,
         1.7472e-02, -1.6426e-02,  1.1613e-02, -6.4579e-02, -5.3085e-03,
        -8.4959e-02,  2.0318e-02,  1.5500e-02,  1.8966e-02,  4.9758e-02,
        -1.0345e-02,  2.3928e-02,  2.1308e-02,  1.5726e-02,  3.2181e-03,
         4.7399e-02, -5.1092e-02,  3.5101e-02,  6.4495e-02, -1.4862e-02,
        -7.1723e-03, -9.1967e-02, -6.5991e-02,  2.0787e-02, -2.5974e-02,
         4.3227e-02, -2.3208e-02, -6.2249e-02,  2.1485e-02, -3.7240e-02,
         6.2820e-02, -1.3222e-02,  8.2044e-02,  1.9496e-03, -1.7496e-02,
         1.5286e-04, -1.4753e-02,  6.3230e-02,  2.8470e-02,  4.2451e-02,
         2.9662e-02, -1.2148e-01, -5.2145e-02,  3.0166e-02, -4.1753e-03,
         3.7092e-02, -4.7984e-02,  3.3128e-03, -4.7245e-03, -3.3490e-02,
        -5.3269e-02, -6.3888e-02, -1.9832e-02, -5.8311e-02,  8.3772e-02,
        -7.3385e-03,  3.3383e-02,  4.8685e-03, -1.1023e-02,  1.5300e-02,
        -2.6371e-02,  1.9089e-02, -4.3734e-02,  1.9097e-03,  1.1158e-03,
         6.1989e-02, -8.0133e-02, -3.7734e-02,  1.1276e-01,  6.2687e-02,
        -4.4376e-02,  4.9623e-02, -5.8412e-02,  7.8302e-03, -5.2526e-08,
        -2.3053e-02,  2.6386e-03,  5.3151e-02, -2.2301e-03, -1.2502e-03,
         5.2710e-03, -5.9325e-02,  1.5334e-02,  8.8183e-02,  8.4019e-02,
         1.0293e-02, -4.1100e-02, -5.2413e-02,  2.4398e-03, -7.9618e-02,
        -9.3183e-03,  4.2392e-02,  3.8101e-02,  4.4307e-02,  1.9161e-02,
         4.6965e-02, -9.3488e-04, -3.3613e-02, -4.9115e-02,  9.5224e-03,
        -2.9883e-02,  1.2534e-02, -8.2741e-02, -2.7696e-02,  6.7450e-02,
         3.7680e-02, -4.4446e-02,  1.4306e-02, -4.9306e-02, -2.9047e-02,
         1.3720e-02,  6.2926e-03, -6.0504e-02,  1.5635e-02, -3.5285e-02,
         3.0034e-02,  4.4034e-02, -4.7756e-02, -1.2602e-02,  3.1917e-02,
         2.2524e-02,  1.6274e-02, -3.4035e-02, -8.3631e-02,  4.4812e-03,
         1.0496e-01, -6.2915e-03, -2.8733e-03, -2.6003e-02,  5.7113e-02,
        -8.6412e-02,  8.8623e-03,  1.2095e-01, -1.1955e-02, -1.8966e-02,
         3.1149e-02, -3.4422e-02,  1.7540e-02,  1.8715e-02], device='mps:0')"
The Godfather,Accolades,"The Godfather was nominated for seven awards at the 30th Golden Globe Awards: Best Picture – Drama, Al Pacino and Marlon Brando for Best Actor – Drama, James Caan for Best Supporting Actor, Best Score, Best Director, and Best Screenplay, winning for: Best Screenplay, Best Director, Best Actor – Drama (Brando), Best Original Score, and Best Picture – Drama.
Rota's score was also nominated for Grammy Award for Best Original Score for a Motion Picture or TV Special at the 15th Grammy Awards. Rota was announced the winner of the category on March 3 at the Grammys' ceremony in Nashville, Tennessee.
When the nominations for the 45th Academy Awards were revealed on February 12, 1973, The Godfather was nominated for eleven awards. The nominations were for: Best Picture, Best Costume Design, Marlon Brando for Best Actor, Mario Puzo and Francis Ford Coppola for Best Adapted Screenplay, Pacino, Caan, and Robert Duvall for Best Supporting Actor, Best Film Editing, Nino Rota for Best Original Score, Coppola for Best Director, and Best Sound. Upon further review of Rota's love theme from The Godfather, the academy found that Rota had used a similar score in Eduardo De Filippo's 1958 comedy Fortunella. This led to re-balloting, where members of the music branch chose from six films: The Godfather and the five films that had been on the shortlist for best original dramatic score but did not get nominated. John Addison's score for Sleuth won this new vote, and thus replaced Rota's score on the official list of nominees. Going into the awards ceremony, The Godfather was seen as the favorite to take home the most awards. From the nominations that The Godfather had remaining, it only won three of the Academy Awards: Best Actor for Brando, Best Adapted Screenplay, and Best Picture.
Brando, who did not attend the Golden Globes ceremony two months earlier, boycotted the Academy Awards ceremony and declined the Oscar, becoming the second actor to decline a Best Actor award after George C. Scott in 1971. Brando sent American Indian Rights activist Sacheen Littlefeather in his place, to announce at the awards podium Brando's reasons for declining the award, which were based on his objection to the depiction of American Indians by Hollywood and television. Pacino also did not attend the ceremony; he was allegedly insulted at being nominated for the Academy Award for Best Supporting Actor, when he had more screen time than his co-star and Best Actor-winner Brando, and thus should have received the nomination for Best Actor. Pacino denies this, saying in his memoir, Sonny Boy, that he was ""scared"" of his sudden fame and never heard the rumor until much later in his life.
The Godfather had five nominations for awards at the 26th British Academy Film Awards. The nominees were: Pacino for Most Promising Newcomer, Rota for the Anthony Asquith Award for Film Music, Duvall for Best Supporting Actor, and Brando for Best Actor, the film's costume designer Anna Hill Johnstone for Best Costume Design. The only nomination to win was that of Rota.","tensor([-4.2128e-02,  9.8691e-03, -5.5304e-02, -3.1118e-02, -4.8081e-02,
         4.4883e-02, -1.2837e-02,  3.5691e-02,  5.0488e-02, -2.3245e-02,
        -5.6877e-02,  3.0316e-02,  3.1906e-02,  1.0725e-01, -7.4027e-02,
        -2.0164e-02,  1.0440e-01,  7.3497e-02,  3.5399e-02, -5.0589e-02,
         5.0840e-02,  3.9086e-02, -3.8625e-02,  3.9139e-02, -2.0086e-02,
         4.0606e-02, -4.5890e-02,  1.8969e-02, -8.4370e-02,  3.3827e-02,
        -7.2012e-02, -4.1197e-02,  1.3895e-02, -9.6710e-03, -1.1815e-01,
        -2.7274e-02, -5.1534e-02, -1.9718e-03, -2.6056e-02, -6.0940e-02,
         1.8863e-02,  5.5716e-02,  5.1213e-02,  1.7939e-02,  1.0703e-01,
        -3.6354e-02,  2.2010e-02, -3.9446e-02,  8.0020e-03,  8.7376e-03,
        -6.7357e-02,  9.2617e-02, -6.7099e-02,  8.4505e-02, -7.9098e-02,
         3.8037e-02,  4.0869e-02, -9.1730e-02,  3.6703e-02, -6.8831e-02,
        -7.3442e-02, -4.1951e-02,  4.8554e-02, -1.3848e-02,  2.7349e-02,
        -6.9398e-02,  1.4307e-02, -3.3429e-02, -3.2780e-02,  6.4912e-02,
         6.1963e-02, -2.9409e-02,  6.3982e-02, -8.1132e-03,  6.0591e-02,
         6.7575e-02, -7.1957e-02,  7.0312e-02, -7.3646e-04, -8.3116e-02,
         1.4221e-01,  1.6548e-02, -5.0230e-02, -3.5520e-02,  7.3696e-02,
         3.0625e-02, -4.1640e-02,  3.3757e-02, -2.3348e-02,  3.0290e-02,
         4.2320e-02,  2.1046e-02, -5.1471e-02, -1.1966e-01, -1.6928e-02,
        -1.0671e-01, -5.0619e-03, -3.2280e-03,  3.0338e-02, -4.6758e-02,
         4.0391e-02, -4.3933e-02, -7.3809e-02, -5.5090e-02,  3.4399e-02,
         5.3475e-02,  6.0500e-02, -1.3011e-02,  3.6308e-02,  1.3253e-02,
        -9.9806e-02,  5.7079e-02,  2.9719e-02, -3.1119e-02, -1.6942e-02,
         3.8207e-02,  9.7322e-02,  2.1523e-02,  7.4851e-02,  9.5854e-02,
        -2.7681e-02, -4.0901e-02,  8.8899e-02, -8.0007e-02, -1.5804e-02,
        -7.3576e-02,  7.1625e-03,  2.2324e-33, -5.5463e-03,  2.4503e-03,
         3.5734e-02,  6.0262e-03, -1.5583e-02, -2.1507e-02,  6.8589e-03,
        -1.2310e-02, -4.9089e-02, -2.6374e-02, -5.2489e-02,  2.6772e-02,
         9.1745e-03, -5.4508e-02, -1.3402e-02,  7.6998e-02, -5.2069e-02,
        -7.1894e-02, -2.5628e-02, -3.2309e-02, -7.0732e-02, -1.7780e-02,
         4.0117e-02, -1.7856e-02,  7.2044e-03, -5.2278e-02, -1.0492e-02,
        -2.0722e-03, -5.0113e-02, -1.5871e-02, -1.8275e-02, -6.7477e-03,
         3.8475e-02, -8.2192e-02,  5.3000e-02, -7.8425e-02, -5.8288e-02,
        -3.0355e-02,  5.5654e-02,  9.7644e-03, -5.0487e-02, -3.9792e-03,
        -1.1201e-01,  3.3841e-02,  3.1881e-02,  1.0441e-01,  4.3345e-04,
         1.1156e-01,  4.0814e-02,  6.3381e-02,  1.1460e-01, -6.4394e-02,
         2.2177e-02, -2.1283e-02, -3.2992e-02,  7.9473e-02,  4.2358e-02,
        -4.0247e-02,  3.3362e-02, -4.8715e-02, -1.8395e-02,  7.0999e-02,
        -1.3884e-02, -9.4596e-02, -6.0546e-02,  1.1367e-02, -7.5810e-03,
         8.4232e-02,  3.1615e-03,  3.0115e-02,  7.8380e-02, -8.6875e-02,
        -8.3147e-02,  2.0749e-02,  1.5623e-03,  1.1950e-02,  2.1542e-02,
        -2.8986e-02, -2.9266e-02, -1.5763e-02, -7.3938e-02,  2.5652e-02,
         5.3002e-02, -2.2479e-02,  2.4404e-02,  4.8862e-02, -1.3147e-02,
         1.9925e-02, -2.3424e-02,  2.4873e-02,  1.0324e-01,  6.0083e-03,
         6.7836e-02,  1.4670e-02,  2.6395e-02, -3.4326e-33,  2.9584e-02,
         8.0445e-03, -8.5849e-03,  3.9858e-02, -4.1407e-04, -5.6581e-02,
        -1.1413e-01, -1.6580e-02,  8.8261e-02,  8.2008e-03,  1.0339e-01,
         1.1706e-02,  4.7095e-02, -3.7918e-02,  3.4899e-02,  8.5613e-02,
        -5.9494e-02,  5.5080e-02, -2.0643e-02,  3.2942e-02,  7.0465e-02,
         8.3938e-02, -1.6720e-02,  6.3873e-02, -1.0548e-01, -1.0293e-02,
        -6.8664e-03,  5.9701e-02,  3.3546e-02,  4.3792e-03,  2.3391e-02,
         8.3896e-03, -8.2760e-02,  2.4419e-02,  1.4034e-03, -2.2699e-02,
        -4.7304e-03, -5.8413e-02,  2.5094e-02,  1.0435e-01,  1.1085e-03,
         2.2135e-02, -3.1157e-02,  1.5505e-02, -4.7249e-03, -6.7093e-02,
        -8.9046e-03,  2.9065e-02,  2.6987e-02,  3.7720e-02, -6.9289e-02,
        -4.0319e-02, -2.3215e-02,  4.9419e-02,  2.3287e-02,  2.6539e-02,
         2.9701e-03,  3.3005e-02,  1.1273e-01,  5.3581e-02,  1.8018e-02,
         2.0729e-04, -6.2136e-02, -1.0347e-01,  1.6119e-03, -2.8154e-02,
         4.0696e-02, -3.5051e-02, -6.8252e-02,  3.7716e-02, -6.3892e-02,
         4.0381e-02, -2.5867e-02,  6.5296e-02, -6.2949e-02,  6.3080e-02,
         2.8067e-02,  6.9111e-02, -1.1978e-02, -4.4627e-02, -2.9611e-02,
         5.0950e-02, -1.5889e-02, -1.2465e-02, -5.8448e-02,  3.5310e-02,
         3.7564e-02, -8.6942e-02, -6.9173e-03,  8.5285e-02,  5.3078e-02,
        -2.3545e-03,  1.0050e-01, -4.1444e-02,  2.7604e-02, -5.0924e-08,
        -2.1857e-03,  4.1110e-02, -4.1463e-02,  1.5697e-03, -6.7181e-02,
         4.4082e-02, -5.6625e-02, -7.8147e-03,  8.6007e-02, -2.0263e-02,
         3.2499e-02,  1.7542e-02, -4.0089e-02,  1.9374e-02, -7.8622e-02,
         1.9644e-02, -1.9983e-02, -1.0825e-02,  1.6142e-02, -2.6138e-02,
         8.4852e-02, -4.9462e-02, -1.4431e-02, -3.4097e-02, -1.1530e-03,
        -7.8844e-02,  1.8265e-03, -2.8475e-02, -3.4185e-02, -2.3030e-02,
         1.6850e-03, -8.4267e-02,  1.2007e-02, -6.4430e-02, -1.3634e-02,
         2.4271e-02, -2.3150e-02, -7.4645e-02,  5.0263e-02, -4.3433e-02,
         2.8364e-02,  5.4912e-02, -4.8547e-02, -6.6364e-02, -5.6307e-02,
         4.4248e-02,  4.5189e-02, -2.1532e-02, -1.1091e-01,  3.3395e-02,
         4.2516e-02, -8.6420e-02, -4.5312e-02, -8.4040e-04,  4.2728e-02,
        -8.7314e-02,  2.6770e-02,  6.1516e-02,  9.6093e-02, -6.9659e-02,
        -5.6336e-03, -1.2930e-03, -1.4833e-02,  2.7766e-02], device='mps:0')"
The Godfather,American Film Institute,"1998 AFI's 100 Years...100 Movies – No. 3
2001 AFI's 100 Years...100 Thrills – No. 11
2005 AFI's 100 Years...100 Movie Quotes:
""I'm going to make him an offer he can't refuse."" – No. 2
2006 AFI's 100 Years of Film Scores – No. 5
2007 AFI's 100 Years...100 Movies (10th Anniversary Edition) – No. 2
2008 AFI's 10 Top 10 – No. 1 Gangster Film","tensor([-4.9541e-02,  9.2990e-03, -1.2291e-02,  6.9303e-03,  2.8885e-02,
         5.0047e-02,  3.8410e-02,  5.4557e-02,  1.5719e-02, -4.7995e-02,
         1.5843e-02, -1.5777e-02,  1.8335e-02,  1.1957e-01,  5.0648e-02,
         1.9522e-02,  3.8492e-02, -2.5685e-03,  4.2768e-02, -3.0868e-02,
         7.9073e-02,  2.0773e-02,  6.0614e-02, -3.3992e-02, -1.2484e-03,
        -9.9904e-02, -4.4077e-03,  1.4987e-02, -4.5510e-02,  7.1802e-02,
         1.0255e-01,  5.6785e-02, -3.0763e-02,  4.8069e-02, -1.1050e-01,
        -1.2821e-01,  1.1266e-02, -9.1049e-03, -4.1636e-02,  2.9467e-02,
        -1.6673e-02, -5.4167e-02,  1.6916e-02, -4.3228e-02,  3.1044e-02,
        -6.7298e-02, -5.9451e-02, -1.2348e-02,  3.1195e-02,  2.3146e-02,
        -8.4831e-02,  1.0453e-02, -3.7602e-02, -8.8868e-02, -4.4585e-02,
        -4.6044e-02,  5.2720e-03,  5.7271e-02, -5.8633e-03, -3.7090e-02,
        -5.8809e-03, -2.2154e-02, -3.9969e-02, -2.9660e-02,  2.8341e-02,
         4.3246e-02, -3.2947e-02,  1.6309e-02,  9.4215e-04,  1.1617e-01,
         2.2794e-02, -2.2166e-02, -4.3696e-02, -7.1153e-02, -3.0761e-02,
        -9.1477e-03, -3.2041e-02,  7.8126e-02,  5.0567e-03, -1.1844e-01,
         1.7591e-02, -9.4094e-02, -8.0564e-03, -8.4661e-02, -8.2172e-02,
        -2.0529e-02, -1.5292e-02,  3.9547e-02, -1.2138e-01,  7.1037e-02,
        -1.0410e-02,  1.5214e-02,  3.6200e-02, -1.0792e-02,  1.0179e-02,
         4.2542e-02, -9.9319e-02,  8.7770e-02, -7.0545e-02, -5.4665e-02,
         4.2064e-02, -4.2874e-03, -1.3553e-01,  1.0536e-02,  3.6956e-02,
        -4.4685e-03,  1.2785e-01,  4.0155e-02, -5.0189e-02,  3.5620e-03,
        -7.7785e-02,  6.3723e-04,  7.2594e-02, -5.7814e-02, -2.5421e-02,
        -4.2053e-02, -1.1998e-02,  5.3415e-02,  6.8121e-02,  4.0433e-02,
         2.1565e-02,  3.2165e-02,  5.7903e-02,  7.5439e-03, -2.7544e-02,
        -3.6284e-02,  3.5968e-02, -4.7669e-33,  2.0228e-02, -2.7151e-02,
        -2.4985e-02, -1.0693e-02, -4.2857e-02, -7.6487e-03,  4.1513e-02,
         2.4898e-03, -4.4115e-02,  9.1483e-02, -5.2174e-02,  5.6678e-02,
        -6.9984e-04,  6.8023e-03,  1.3193e-01, -1.6056e-02,  8.5601e-02,
         2.8491e-02,  3.4194e-02, -1.3348e-01, -9.6893e-03, -5.8698e-02,
         4.1970e-02,  2.5318e-02,  3.3035e-03,  7.8168e-03, -7.4788e-02,
         7.0228e-02,  2.4587e-02, -2.1889e-02, -6.3328e-02,  9.3792e-02,
         7.1874e-02, -9.0538e-02,  2.6583e-02,  6.8853e-03, -1.4833e-02,
         6.8758e-02, -5.1254e-03, -4.0270e-02, -4.4421e-02, -1.4497e-02,
        -8.3021e-02,  2.3902e-02, -3.9235e-02,  4.3846e-02,  5.0642e-03,
        -2.3323e-02,  2.3102e-02,  1.3272e-03,  1.8885e-02,  3.4678e-02,
        -6.5328e-02,  4.5741e-02, -4.5682e-02, -6.9038e-03, -5.1019e-03,
        -3.2932e-02,  2.6323e-02, -1.3521e-02,  5.4508e-02, -2.8833e-03,
        -9.8067e-02, -5.1132e-02, -8.0624e-02,  7.1237e-02,  6.0157e-02,
         5.6245e-02, -2.2393e-02,  7.9759e-02, -2.0119e-02, -9.4567e-02,
        -5.9926e-02, -7.5280e-02,  9.3408e-02, -4.9610e-02,  8.4759e-02,
        -2.2110e-02, -3.1401e-02, -2.2424e-02, -4.8301e-02, -1.2207e-02,
         6.4245e-02,  1.5854e-02,  4.3226e-02,  1.9485e-02,  2.1958e-02,
        -1.9489e-02, -5.1883e-03, -3.2879e-02,  3.5746e-02, -4.7941e-02,
         4.4998e-02,  4.8671e-02,  8.9581e-02,  1.9065e-33,  7.3977e-02,
         2.5902e-02, -1.7113e-02, -4.7162e-03,  7.4669e-02,  6.7775e-03,
        -1.5392e-01,  9.9502e-02,  1.2012e-01,  1.2256e-02, -8.4270e-05,
         3.8822e-02,  1.3901e-01, -3.6340e-02, -5.2863e-02, -5.9594e-02,
        -4.7883e-02,  2.3359e-03, -6.5437e-02, -4.6442e-03,  1.6793e-02,
         4.4070e-02,  2.1300e-02,  8.9493e-03, -4.2361e-03, -1.6972e-02,
        -2.4969e-02,  5.2805e-02,  5.5531e-02, -2.7667e-02, -4.9053e-02,
        -3.4797e-02,  2.8714e-02,  3.9795e-02, -2.4404e-02, -1.2553e-01,
         5.6139e-02, -4.2726e-03, -3.6785e-02,  1.0978e-01,  4.4954e-02,
         1.0634e-02, -6.0415e-02, -2.1016e-02,  4.3426e-02, -3.9217e-02,
         3.1636e-03,  9.4318e-03,  1.0691e-02, -4.0716e-02,  1.6612e-02,
         7.7097e-02,  1.9038e-02,  2.4294e-02,  2.3374e-02, -1.2349e-02,
        -5.5532e-02,  4.4411e-02,  6.9722e-02, -3.7984e-03, -1.4831e-02,
         7.4644e-02,  3.1952e-02, -4.4907e-03, -1.5986e-03,  4.9466e-02,
         1.7658e-02,  7.2059e-02, -2.7348e-02, -4.5044e-02,  2.1898e-02,
        -7.5304e-04, -8.7640e-02, -1.3849e-03, -6.0892e-02, -5.2463e-02,
        -5.1611e-02,  2.8988e-03,  7.8998e-03, -3.7959e-02,  4.1162e-02,
         4.3124e-02,  1.6487e-02,  2.4710e-02, -5.9929e-03,  5.2937e-02,
         6.1367e-02, -4.7036e-03,  3.0569e-02,  2.9645e-02,  1.0460e-01,
        -7.3441e-02,  3.8440e-02,  3.3340e-03,  4.1064e-02, -4.1007e-08,
        -2.3015e-02,  6.5159e-02, -1.8254e-02, -5.5346e-02,  6.0542e-02,
         9.9722e-02, -7.9441e-02,  9.0760e-03,  2.0340e-02,  7.6278e-03,
         9.4352e-02, -2.7571e-02, -7.4903e-02,  3.8107e-03, -9.1168e-02,
         6.6725e-03, -1.8295e-02, -4.6481e-03,  6.0052e-02,  5.3663e-02,
        -2.3187e-02,  3.4002e-02,  7.5971e-02,  1.3828e-02, -3.8028e-02,
        -2.7865e-02, -1.5761e-02, -3.7650e-03, -7.9180e-03,  7.6268e-02,
         1.4528e-02, -5.8250e-02, -5.5481e-02, -4.7193e-02, -4.6268e-02,
        -7.5936e-02,  5.4085e-02, -9.4537e-03, -5.5656e-02, -3.5664e-02,
         1.9265e-02, -4.6978e-02, -7.5506e-03,  4.0376e-02, -4.7524e-02,
        -7.1792e-03, -1.0107e-02, -3.8892e-02, -3.1890e-02, -5.9275e-02,
         4.6479e-02,  1.9623e-02, -9.6909e-02, -3.1060e-02,  3.1244e-02,
        -6.1441e-02, -8.2337e-02,  2.2073e-02, -6.5749e-02, -6.9573e-03,
         6.9878e-02, -7.6568e-03,  6.1996e-02, -2.2247e-02], device='mps:0')"
The Godfather,Others,"1990 Selected for preservation in the United States National Film Registry as being deemed ""culturally, historically, or aesthetically significant"".
1992 The Godfather ranked 6th in Sight & Sound Greatest Films of All Time director's poll.
1998 Time Out conducted a poll and The Godfather was voted the best film of all time.
The Village Voice ranked The Godfather at number 12 in its Top 250 ""Best Films of the Century"" list in 1999, based on a poll of critics.
1999 Entertainment Weekly named it the greatest film ever made.
2002 Sight & Sound polled film directors and they voted the film and its sequel as the second best film ever; the critics poll separately voted it fourth.
2002 The Godfather was ranked the second best film of all time by Film4, after Star Wars Episode V: The Empire Strikes Back.
2002 The film (along with The Godfather Part II) was included on the list of the ""Top 100 Essential Films of All Time"" by the National Society of Film Critics.
2005 Named one of the 100 greatest films of the last 80 years by Time magazine (the selected films were not ranked).
2006 The Writers Guild of America, West agreed, voting it the number two in its list of the 101 greatest screenplays, after Casablanca.
2008 Voted in at No. 1 on Empire magazine's list of The 500 Greatest Movies of All Time.
2008 Voted at No. 50 on the list of ""100 Greatest Films"" by the prominent French magazine Cahiers du cinéma.
2009 The Godfather was ranked at No. 1 on Japanese film magazine kinema Junpo's Top 10 Non-Japanese Films of All Time list.
2010 The Guardian ranked the film 15th in its list of 25 greatest arthouse films.
2012 The Motion Picture Editors Guild listed The Godfather as the sixth best-edited film of all time based on a survey of its membership.
2012 The film ranked at number seven on Sight & Sound directors' top ten poll. On the same list, it was ranked at number twenty-one by critics.
2014 The Godfather was voted the greatest film in a Hollywood Reporter poll of 2120 industry members, including every studio, agency, publicity firm, and production house in Hollywood in 2014.
2015 Second on the BBC's ""100 Greatest American Films"", voted by film critics from around the world.
2022 Came in twelfth on the British Film Institute's 2022 Sight & Sound critics' poll, while their directors' poll listed it third.","tensor([-7.2446e-03, -8.2396e-02, -6.3101e-02, -2.6930e-02,  3.9357e-02,
         8.0091e-02, -3.7625e-02,  8.8849e-02,  1.5868e-02, -5.2412e-02,
        -4.8438e-02,  1.1676e-01, -3.9415e-02,  8.3784e-02, -4.6363e-02,
         1.6136e-03,  1.1829e-01,  3.9370e-03,  6.4778e-02, -1.0521e-01,
         2.3309e-02,  3.0637e-02,  8.1664e-02, -2.8992e-02,  4.0752e-02,
        -2.9986e-02, -4.2976e-02,  2.3397e-02, -9.9101e-02,  7.7463e-02,
        -6.3722e-02,  6.6136e-02, -2.5804e-02, -3.2140e-02, -1.1293e-01,
        -6.4287e-02,  1.6922e-03,  3.4868e-02,  6.8094e-03, -4.8343e-02,
         5.2687e-03, -5.0021e-03,  5.7115e-02, -7.3684e-02,  6.5996e-02,
        -3.0549e-02,  1.2567e-02, -1.1829e-02, -4.5422e-02,  8.0027e-02,
        -7.8490e-02,  6.2629e-02, -2.6255e-02,  1.1290e-02, -2.4021e-02,
        -3.5704e-02, -2.7118e-02, -3.9100e-03,  6.1661e-03, -1.3986e-02,
        -1.3147e-02,  8.7214e-03,  1.7081e-02, -2.0798e-02,  4.3176e-02,
         5.2299e-02, -1.2591e-02, -2.1838e-02, -4.6511e-02,  6.4613e-02,
        -2.1607e-02,  5.5385e-02,  3.8740e-02, -1.0964e-02,  1.5730e-02,
        -5.9924e-03, -5.1064e-02,  9.4285e-03,  1.1019e-02, -4.1030e-02,
         9.3822e-02,  5.7602e-03, -6.1748e-02, -4.8059e-02,  1.1952e-02,
         1.0477e-02,  2.4245e-02,  3.3576e-02, -6.6608e-02,  3.4284e-02,
         3.7107e-04,  1.2626e-02,  5.2846e-02, -1.4574e-02,  8.2746e-02,
        -3.5342e-02, -5.2809e-02,  3.6480e-02,  5.9717e-02, -9.4523e-02,
         2.0638e-02, -8.2775e-02, -1.2884e-01, -2.6944e-02,  5.2128e-02,
        -1.5613e-02,  1.3937e-01, -1.8482e-02, -7.8472e-03,  4.8731e-02,
        -1.3971e-01,  4.0697e-02, -1.9201e-02, -5.0074e-02,  1.5512e-02,
        -9.2951e-02,  1.2144e-01,  1.8791e-06,  4.7792e-02,  8.9615e-02,
        -4.3921e-02,  5.4922e-02,  3.9213e-02, -7.7954e-02,  5.9709e-02,
        -4.3614e-02,  7.2877e-02, -1.6342e-33, -1.9378e-02,  1.2700e-02,
         3.3283e-03, -1.5751e-02, -1.6015e-02,  2.8420e-02, -1.7485e-02,
        -6.7138e-03, -7.3064e-02, -1.2886e-02, -1.7851e-02, -1.5594e-02,
        -1.1088e-02, -9.5419e-03,  2.7800e-02,  3.2485e-02,  4.9822e-02,
         3.5587e-02, -7.4261e-03, -1.1673e-01, -5.7381e-02,  4.3155e-02,
         7.2895e-02, -1.4847e-02,  1.8784e-03,  2.1687e-02, -2.7140e-02,
        -3.5668e-03, -8.5364e-02, -2.4026e-02, -9.6387e-03, -2.9004e-03,
        -4.4440e-02, -9.4913e-02,  7.7393e-02, -4.9323e-02,  2.7811e-02,
         7.4996e-02,  5.7064e-02, -5.3875e-02, -7.9434e-02,  1.0787e-02,
        -9.4167e-02,  1.3413e-02,  5.6137e-02,  2.5911e-02, -7.3083e-02,
         3.5465e-02, -2.4182e-02,  1.9799e-02,  2.5450e-02, -5.6074e-02,
         6.5776e-02,  3.1486e-02, -7.6960e-02,  1.6615e-03,  4.9307e-02,
        -2.9050e-02, -2.6556e-02,  1.4201e-02, -1.4026e-02,  7.0107e-02,
        -6.9526e-02, -7.3196e-02, -9.0366e-02,  8.0605e-02,  2.6609e-02,
         4.8657e-02, -1.4915e-03,  6.7044e-02,  7.1728e-02, -7.5494e-02,
        -3.8718e-02, -2.2684e-02,  6.8952e-02,  3.0050e-02,  8.1327e-02,
        -2.4743e-02, -2.3694e-02,  2.3928e-02, -2.7933e-02,  3.6541e-02,
         4.7937e-02, -7.2832e-02,  7.8738e-02,  1.8451e-02,  1.4497e-02,
         9.5163e-03,  3.3752e-02, -8.2490e-03,  4.2247e-02, -2.5131e-02,
         1.1238e-01, -2.0215e-02,  8.1869e-03, -3.2060e-35,  5.1943e-02,
         1.2156e-02,  5.3447e-02,  1.6555e-02, -5.5924e-02, -3.6646e-02,
        -1.4907e-01, -4.2049e-02,  5.6409e-02,  3.4435e-02,  9.2015e-02,
        -5.0032e-03,  1.0252e-01, -1.8621e-02,  6.5864e-03,  4.0635e-02,
        -7.7170e-02, -7.6937e-02, -2.2611e-02,  9.1727e-04,  1.0009e-01,
         1.8390e-02,  5.4409e-02,  8.3324e-03, -6.6284e-02, -3.4474e-02,
        -2.4051e-02,  5.0312e-02,  4.9844e-02, -1.1039e-01, -2.8399e-02,
         1.9994e-03, -4.2861e-02,  5.7529e-02,  2.3463e-02, -4.7271e-02,
         4.6394e-02, -9.3514e-02, -2.0433e-02,  1.2131e-01, -2.5231e-03,
         5.2016e-02, -1.3028e-01, -2.8052e-02, -6.8995e-02,  1.1223e-03,
        -5.1957e-02,  2.9854e-02, -2.8548e-02,  2.5184e-02, -2.8990e-02,
         2.6717e-03, -9.2102e-04,  6.9170e-02,  2.9022e-02,  2.8298e-02,
        -5.6752e-03,  4.8784e-02,  6.9741e-02,  1.8583e-02,  7.9699e-03,
         4.9784e-02, -3.2575e-02, -4.7099e-02,  1.9957e-02,  3.2476e-03,
         2.0167e-02, -6.7277e-04, -8.0435e-02, -1.8266e-02, -7.5330e-02,
         1.9747e-02, -1.1060e-01, -1.7075e-02, -7.9541e-02,  1.1974e-01,
        -3.9022e-03,  2.2012e-02,  3.0867e-02,  2.7323e-02, -1.6218e-02,
         1.8654e-02, -1.7807e-02,  8.8387e-03,  1.7927e-02,  4.9391e-02,
         5.3023e-02, -2.2304e-02,  1.9983e-02,  4.9972e-02,  3.0299e-02,
        -5.3973e-02,  3.0291e-02,  2.5087e-02,  1.5083e-02, -4.6170e-08,
        -2.0376e-02,  4.6530e-02, -8.9876e-03, -2.3587e-02, -1.6759e-02,
        -3.6321e-02, -3.2753e-02,  7.3463e-02,  5.9987e-02, -1.0455e-03,
         7.2347e-02, -4.3960e-02, -6.8233e-02,  3.8885e-02, -3.6397e-02,
        -5.3695e-02,  1.8562e-03, -8.5602e-03,  5.0403e-02, -4.2816e-02,
         1.5511e-02,  1.1907e-02,  4.1927e-02,  6.7245e-03, -4.6943e-02,
         5.1297e-03, -3.4134e-02, -9.3299e-02,  7.0405e-03,  6.9918e-02,
         6.2311e-02, -5.2684e-02, -2.1438e-02, -1.2059e-01, -7.1492e-02,
        -1.7258e-02, -7.6968e-03, -4.7915e-04, -2.1099e-02, -3.6620e-02,
         7.2740e-02,  4.8734e-02, -8.8976e-02,  4.4448e-02,  2.5521e-02,
         3.2102e-02,  1.6322e-02, -8.5288e-02, -6.2126e-02, -4.1316e-02,
         3.6338e-03,  7.8553e-03, -1.0891e-03, -6.2998e-03,  5.4783e-02,
        -1.0667e-03, -1.4518e-02,  8.1556e-03,  8.4719e-03, -3.1494e-02,
         6.0119e-02,  3.4058e-02, -2.2119e-02,  3.7503e-02], device='mps:0')"
The Godfather,Cultural influence and legacy,"Although many films about gangsters preceded The Godfather, Coppola steeped his film in Italian immigrant culture, and his portrayal of mobsters as persons of considerable psychological depth and complexity was unprecedented. Coppola took it further with The Godfather Part II, and the success of those two films, critically, artistically and financially, was a catalyst for the production of numerous other depictions of Italian Americans as mobsters, including films such as Martin Scorsese's Goodfellas and TV series such as David Chase's The Sopranos. A comprehensive study of Italian-American culture in film from 1914 to 2014 was conducted by the Italic Institute of America showing the influence of The Godfather. Over 81 percent of films, 430 films, featuring Italian Americans as mobsters (87 percent of which were fictional) had been produced since The Godfather, an average of 10 per year, while only 98 such films were produced preceding The Godfather.
Produced in a period of intense national cynicism and self-criticism, the film struck a chord about the dual identities felt by many descendants of immigrants. The Godfather has been cited as an influence in an increase in Hollywood's negative portrayals of immigrant Italians, and was a recruiting tool for organized crime. Don Vito Corleone's line, ""I'm gonna make him an offer he can't refuse"", was voted the second-most memorable line in cinema history in AFI's 100 Years...100 Movie Quotes by the American Film Institute, in 2014. The concept was not unique to the film. French writer Honoré de Balzac, in his novel Le Père Goriot (1835), wrote that Vautrin told Eugène: ""In that case I will make you an offer that no one would decline."" An almost identical line was used in the John Wayne Western, Riders of Destiny (1933), where Forrest Taylor states, ""I've made Denton an offer he can't refuse."" In 2014, the film also was selected as the greatest film by 2,120 industry professionals in a Hollywood survey undertaken by The Hollywood Reporter.
Gangsters reportedly responded enthusiastically to the film. Salvatore ""Sammy the Bull"" Gravano, the former underboss in the Gambino crime family, said: ""I left the movie stunned ... I mean, I floated out of the theater. Maybe it was fiction, but for me, then, that was our life. It was incredible. I remember talking to a multitude of guys, made guys, who felt the same way."" According to Anthony Fiato, after seeing the film, Patriarca crime family members Paulie Intiso and Nicky Giso altered their speech patterns to imitate that of Vito Corleone. Intiso was known to swear frequently and use poor grammar, but after seeing the movie, he began to improve his speech and philosophize more. In 2025, The Times reported that recruits to the Sicilian Mafia in Italy are now required by mafia bosses to watch The Godfather so they can learn the trade and because mafia bosses fear that new recruits ""lack a code of honour"".","tensor([-6.1220e-02, -6.7008e-03, -1.1503e-01,  1.1500e-02, -4.4938e-02,
         5.4244e-02, -1.0068e-02,  1.6981e-02,  3.5689e-02, -9.6214e-02,
         5.2922e-02, -4.8763e-02,  2.1552e-02,  4.1331e-02, -9.5889e-02,
        -1.2882e-02,  8.1584e-02,  5.7904e-02,  2.4003e-03,  3.0440e-02,
        -1.3694e-02, -1.2972e-01,  2.3060e-02,  4.8604e-02, -3.3111e-02,
        -5.7560e-03, -1.2597e-02,  2.8595e-02, -1.1869e-01,  8.0236e-02,
        -3.2279e-03,  5.0928e-02,  5.9816e-02, -1.9000e-02, -1.6013e-02,
        -3.1070e-03,  1.7593e-02,  8.2346e-02,  4.9258e-02, -1.9632e-02,
         4.3249e-02,  2.3719e-02,  2.5268e-02,  1.1611e-02,  4.9137e-02,
        -7.7979e-02, -2.0689e-02,  9.8379e-02, -4.0423e-02,  2.5210e-02,
        -1.1732e-01,  5.5467e-02,  1.9795e-02, -1.0029e-02, -1.7517e-02,
        -3.0158e-02,  7.2761e-02,  3.1120e-02,  4.7755e-02, -2.2359e-02,
        -4.1291e-02, -4.4197e-02,  1.9672e-02,  2.9010e-02,  6.7557e-02,
         3.4832e-02, -8.7548e-02,  3.8120e-03, -5.0531e-02,  4.5169e-02,
        -1.3569e-02, -1.3977e-03, -9.7036e-03,  4.2729e-03, -6.0729e-02,
         2.3631e-02, -7.1789e-02, -1.8117e-02, -8.8462e-02, -6.5116e-02,
         1.7278e-01, -5.5213e-02, -8.2580e-02, -4.3380e-02,  2.5590e-02,
         1.0927e-02, -3.5088e-02, -4.3084e-03, -4.1271e-02,  8.0521e-02,
        -2.5822e-04,  4.7339e-02, -4.7625e-03, -5.0744e-02,  7.7033e-02,
        -7.0228e-02, -6.6558e-02,  9.7957e-02,  2.8174e-02, -3.3138e-03,
         3.6800e-02, -1.0378e-01, -5.8092e-02, -5.3091e-02, -1.4495e-02,
        -1.6104e-02,  1.2763e-01,  3.1068e-03, -7.2486e-02,  5.0459e-02,
        -8.2947e-02,  4.3846e-02, -3.3395e-02, -2.8868e-02,  8.4305e-02,
        -1.7866e-02,  6.0032e-02, -1.4258e-02,  2.3903e-02,  3.6829e-02,
         5.4355e-02,  1.4290e-02, -1.6845e-02, -5.3728e-02, -3.8656e-04,
        -1.9456e-02, -4.9335e-02,  8.0609e-34, -3.9770e-02,  5.5091e-03,
        -2.0512e-02,  6.3435e-02,  4.0985e-02,  1.2504e-02, -5.7476e-02,
        -5.5350e-02,  1.8865e-02, -1.9349e-02, -3.6030e-03, -7.4872e-03,
        -5.1674e-02,  2.9846e-02, -3.5609e-02,  4.8562e-02, -3.2978e-02,
        -6.5109e-02,  1.5262e-02, -5.1238e-03, -6.6123e-02, -3.7166e-03,
         3.3302e-03, -1.6132e-02, -4.8326e-02, -2.6761e-02, -6.0578e-02,
        -3.2079e-02, -4.5298e-02, -6.4080e-03, -5.2526e-02,  1.0071e-01,
         1.5529e-02, -6.2101e-02,  9.2591e-02, -9.2770e-03,  7.6122e-03,
        -2.8285e-02,  2.2403e-02,  4.3643e-02, -3.9941e-02,  4.7753e-02,
        -4.0941e-02,  1.6348e-02, -2.1458e-02,  8.3203e-02, -2.1589e-02,
         2.7476e-02, -8.2358e-02,  3.3412e-02,  9.7594e-02, -4.9085e-02,
         1.3386e-02, -1.6754e-02, -1.3562e-02,  7.8403e-02, -2.9144e-02,
        -6.2587e-02,  1.4697e-02, -2.7380e-02,  9.6526e-03,  8.7187e-02,
        -4.7385e-02,  1.2569e-03, -6.2305e-02,  3.0328e-02,  1.3215e-02,
         9.8903e-02, -2.5206e-03,  5.8875e-02,  6.7701e-02, -1.7893e-02,
        -8.1802e-02,  4.7378e-02, -3.6590e-03,  4.5064e-02, -1.0232e-02,
         5.9694e-02, -5.7699e-02, -2.6391e-02,  3.5438e-02, -2.6549e-03,
         3.7516e-02, -6.7937e-02, -3.4658e-02,  5.5932e-02,  1.8030e-03,
        -4.2336e-03,  7.8014e-02,  4.6281e-02,  5.9390e-02, -1.0259e-01,
        -3.9184e-03,  1.5225e-02,  1.4897e-02, -3.3402e-33,  1.7985e-02,
        -4.2152e-02,  6.8574e-02, -9.3661e-02, -4.1362e-02, -5.5532e-02,
        -9.7634e-02, -4.1531e-02,  1.1573e-01, -2.1154e-02, -1.9256e-02,
        -3.3719e-02,  4.2087e-02,  1.5636e-02, -6.8959e-04, -3.7813e-02,
        -3.0583e-03, -2.0073e-03,  1.8454e-02, -4.9735e-02,  1.9423e-02,
        -7.2785e-02, -3.8517e-02,  3.6155e-02, -4.1534e-02,  1.8123e-02,
        -7.3934e-02,  5.4466e-02,  3.7103e-02,  2.2887e-02, -7.9434e-03,
         4.6304e-03,  2.1190e-02, -1.9803e-03, -2.3775e-02,  1.2839e-01,
         3.1139e-02,  7.9426e-03,  6.8170e-02, -4.4704e-02, -7.9059e-02,
         1.7494e-04, -3.6272e-02,  7.5028e-03, -4.5451e-02,  1.7991e-03,
         2.1787e-02, -1.5075e-02, -9.2348e-02, -4.4406e-02, -7.3050e-02,
         5.7409e-02, -2.2139e-02,  4.7566e-02,  2.6357e-03, -2.8649e-03,
         2.9412e-02, -7.0003e-02,  9.5177e-03, -1.6088e-02, -5.0638e-03,
         9.7918e-03, -1.1490e-01, -9.9978e-02, -6.6402e-03, -4.2707e-02,
        -4.6136e-02,  1.9542e-02, -1.4007e-02,  4.2524e-02,  4.2988e-03,
        -6.9703e-02, -1.1944e-01,  2.6569e-02, -1.0954e-01,  1.7552e-02,
        -7.8079e-02,  5.1247e-02,  4.3261e-02,  5.8873e-02, -1.5460e-02,
        -9.0125e-02,  3.6461e-02,  3.9759e-02,  1.2976e-02,  4.3963e-02,
         4.8775e-02,  1.5968e-02,  1.8025e-02,  9.4084e-02,  5.8594e-02,
        -4.1975e-02,  4.6265e-03, -3.2271e-02, -4.5735e-02, -5.1414e-08,
        -4.4576e-02, -3.7912e-02,  6.4113e-02, -1.3011e-03, -1.9813e-02,
         2.1960e-02, -7.2709e-02,  7.0405e-04,  7.0294e-02, -1.9683e-02,
        -1.0343e-01,  1.4577e-03,  9.8607e-03, -1.5292e-02, -7.6440e-02,
         4.0555e-02,  6.1802e-02,  2.9902e-02,  5.1985e-02,  8.7307e-02,
         2.6794e-02,  2.6267e-02,  2.1066e-03, -1.6907e-02, -8.7431e-03,
        -7.3028e-03, -2.5758e-02, -6.0354e-02,  1.8535e-02,  6.7834e-02,
        -1.5307e-02, -6.0748e-02,  1.1670e-03, -1.2823e-01,  4.2865e-02,
         3.9908e-02, -4.8142e-03, -6.3864e-02,  3.4401e-02, -1.0889e-01,
         4.9522e-02, -2.6134e-03, -4.3570e-03, -3.5974e-03,  3.6787e-02,
        -1.4342e-02, -4.5132e-02,  2.8430e-03, -2.5971e-02,  1.9741e-02,
         4.3716e-02,  3.1146e-02, -1.3888e-02,  7.0410e-02,  5.2795e-02,
        -6.3801e-02,  6.4053e-02,  1.5644e-01,  7.8157e-02, -4.5568e-02,
         6.4376e-02,  5.1770e-02,  5.8491e-02,  3.8530e-03], device='mps:0')"
The Godfather,Representation in other media,"The film has been referenced and parodied in various kinds of media.

John Belushi appeared in a Saturday Night Live sketch as Vito Corleone in a therapy session; he said of the Tattaglia Family, ""Also, they shot my son Santino 56 times"".
The crime drama television show The Sopranos has many film references. Most notably, Silvio Dante's topless bar is named Bada Bing!, a phrase popularized by James Caan's character Sonny Corleone in The Godfather. Throughout the show, Silvio impersonates Al Pacino's character, Michael Corleone, using quotes from the movie and its sequels.
In the animated television series The Simpsons, there have been many references to the film. For instance, in the season 3 episode ""Lisa's Pony"", Lisa wakes up to find a horse in her bed and starts screaming, a reference to Jack Woltz finding his prize racehorse's head in his bed. In the season 4 episode ""Mr. Plow"", Bart Simpson is pelted with snowballs in mimicry of Sonny's killing.
The film's baptism sequence was parodied in ""Fulgencio"", the 13th episode of season 4 of the comedy series Modern Family, with Phil Dunphy standing in for Michael. The sequence also references the horse head scene when Phil's son Luke places a severed zebra head in the bed of a boy who had been making fun of him and had a fear of zebras. Phil also references Godfather lines when he tells his wife Claire, ""Don't ask me about my business,"" and mentions an offer he can't refuse.
The 2006 video game The Godfather is based upon this film and tells the story of Aldo Trapani, whose rise through the ranks of the Corleone family intersects with the plot of the film on numerous occasions. Duvall, Caan, and Brando supplied voiceovers and their likenesses, but Pacino did not. Francis Ford Coppola openly voiced his disapproval of the game.
In the 2016 animated film Zootopia, the character Mr. Big is a parody of Vito Corleone.
On April 28, 2022, a 10-episode drama series The Offer premiered on Paramount+, about the production told from the perspective of producer Ruddy.
The 2023 film Barbie, directed by Greta Gerwig, features a scene in which the characters watch The Godfather, with Ken, portrayed by Kingsley Ben-Adir, praising the film as a collective effort of Francis Ford Coppola and Robert Evans. A clip from The Godfather is also shown, showing Marlon Brando in the opening scene of the film.
In season 4 episode 27 of the animated show Family Guy, Peter Griffin admits to his family that he did not care for the film, causing debate. When asked to explain himself, Peter replied that the film ""insists upon itself"". Seth Macfarlane explained on X that the origin of ""it insists upon itself"" was a criticism his college film history professor had of the film The Sound of Music.","tensor([-6.5045e-02,  1.9868e-02, -2.9492e-02, -3.1620e-02, -1.1359e-01,
         9.9009e-03,  3.3913e-02,  7.9931e-02,  1.6891e-02, -1.1423e-01,
         5.9029e-03, -9.6331e-02,  4.3311e-03,  3.8994e-02, -1.0837e-01,
        -1.1412e-01,  9.0321e-02,  5.9621e-02,  5.9457e-02,  6.1873e-02,
         1.0246e-01, -9.9780e-02, -1.4638e-02,  5.1195e-02, -2.2658e-02,
         4.8998e-02, -6.3010e-02, -1.0452e-02, -9.1707e-02,  1.1901e-02,
        -7.4125e-02, -2.1830e-02,  4.6713e-02, -4.9674e-02, -1.8267e-02,
        -4.4319e-02,  9.9923e-02,  7.0449e-02,  4.3002e-02,  9.1881e-02,
         2.4343e-02,  4.5886e-03, -8.3062e-02,  4.9884e-02,  2.9727e-02,
        -1.6550e-02,  7.9719e-02, -4.3628e-02,  5.0705e-02,  5.3498e-02,
        -1.0234e-01,  6.9260e-02, -6.9001e-03,  5.3936e-02, -2.7657e-02,
        -4.6181e-02,  7.9310e-02,  7.8806e-02,  7.8967e-02,  4.8441e-02,
        -3.5913e-02, -3.9173e-03,  2.2276e-02,  5.9077e-02,  6.3986e-02,
         1.0435e-02, -1.0628e-01, -3.7074e-03, -5.6467e-02,  4.6196e-02,
        -1.1689e-02, -1.0637e-02,  2.7781e-02, -7.1918e-02, -6.5884e-02,
         4.5320e-02,  5.2365e-02, -3.8772e-02,  1.6754e-02, -1.9193e-02,
         6.0865e-02, -3.8498e-02, -8.4377e-02, -3.4876e-02,  4.0979e-02,
         1.4926e-02, -3.1835e-03, -1.2406e-01,  1.4878e-02,  3.3412e-03,
        -8.7108e-02, -4.2192e-02, -3.1909e-02, -5.2671e-02,  6.9393e-02,
        -5.6288e-02, -3.6654e-02,  3.7245e-02, -6.2348e-02,  1.2514e-02,
         2.8530e-02, -2.5695e-02,  2.1971e-02, -7.3438e-02,  7.5968e-02,
         1.0665e-01,  3.4969e-02, -5.7196e-04,  1.9915e-02, -6.3136e-03,
        -9.0171e-02, -1.1241e-02,  4.6165e-02, -4.8539e-02,  1.6187e-02,
         7.3847e-02, -6.7676e-03, -4.7390e-02,  2.7095e-03, -4.9155e-02,
         8.6272e-02,  5.9899e-03,  1.9000e-02,  4.1662e-02, -1.9525e-04,
        -5.1342e-02, -2.5709e-02,  1.8690e-34, -6.0625e-03,  1.0042e-02,
        -2.7734e-02, -4.0794e-02,  5.3674e-02,  1.0775e-03, -3.9898e-02,
         1.5136e-02, -2.0101e-02, -5.1230e-03, -5.6683e-03, -5.0480e-02,
        -6.6662e-02,  1.5397e-03, -2.2126e-02,  8.5882e-02,  1.6040e-02,
        -2.8564e-02,  9.1398e-03, -5.3922e-02, -9.3386e-03,  4.8464e-02,
        -4.0966e-02, -6.3205e-02, -1.5196e-02,  2.8536e-02, -3.8011e-02,
        -5.5244e-02, -4.8026e-02,  2.3321e-02, -9.2396e-02,  8.4156e-02,
         4.5078e-02, -4.7949e-02,  1.9262e-02, -7.4718e-02, -6.5353e-02,
         1.8733e-02, -4.8222e-02,  3.6364e-02, -4.3050e-02, -2.5144e-03,
         2.0003e-02,  8.0953e-03, -7.6745e-02, -7.2657e-02, -1.1348e-02,
         4.7745e-02, -5.0904e-02, -9.7027e-03,  9.6707e-02, -7.1299e-02,
        -1.8731e-03,  4.0784e-02, -3.3683e-02,  4.4734e-02, -1.0128e-02,
        -4.2985e-02, -2.0398e-02,  2.9247e-02,  3.4555e-02,  4.8127e-02,
         3.9615e-02,  1.6518e-02, -6.7846e-02, -5.3664e-02,  2.3564e-02,
         1.1618e-01,  4.6216e-02,  1.6503e-02, -9.2696e-03,  2.6386e-03,
        -3.5469e-02, -5.3105e-02, -2.0904e-02, -4.1052e-02,  1.7405e-02,
         2.8952e-02, -1.1807e-01,  6.7738e-02,  6.4792e-02, -1.6491e-02,
         7.1457e-02, -6.5087e-02, -5.2149e-02,  5.4473e-02,  8.8601e-02,
        -2.1872e-02, -8.3769e-02,  2.3847e-02,  2.7175e-02, -5.4449e-02,
         4.4478e-02,  1.8575e-02, -3.2513e-03, -2.0280e-33,  3.8689e-02,
        -3.3335e-02,  1.0329e-01, -6.1864e-02, -7.6087e-02, -1.9412e-02,
        -1.4746e-02, -2.7368e-02,  1.3055e-02,  1.2544e-02, -4.7545e-02,
        -1.0277e-01,  7.2498e-03, -1.4416e-03,  5.1689e-02,  4.7200e-03,
        -6.6246e-02,  1.1490e-02, -5.0923e-02, -6.1888e-02,  6.9824e-02,
        -2.6298e-02, -1.0432e-01,  7.6503e-02,  6.8780e-02, -2.4382e-02,
         5.4696e-02,  8.4110e-02,  2.2750e-03,  6.8143e-03, -1.1817e-01,
         2.1073e-02, -4.3744e-02,  2.0784e-02, -9.1531e-03,  1.2521e-01,
        -6.6536e-03, -9.5428e-04,  3.4351e-02, -2.1093e-02,  6.4131e-02,
        -2.4865e-03, -1.0579e-02,  7.3660e-02, -4.0488e-02,  5.4656e-03,
         9.5826e-03,  4.7386e-02,  2.3807e-02,  2.0043e-02, -1.9943e-02,
        -3.8507e-02, -1.2707e-01,  5.6732e-02, -1.2605e-02,  1.2358e-02,
         6.8605e-04,  2.3753e-02, -6.4589e-02, -4.8002e-02,  4.5788e-03,
        -7.5107e-02, -3.7760e-02, -1.8781e-02,  5.0223e-02, -4.4252e-04,
        -3.8598e-02, -2.9561e-02,  3.8972e-03,  4.8085e-02,  4.2203e-02,
        -3.3400e-02,  3.7236e-03,  1.8628e-02,  1.1699e-02,  5.8109e-02,
        -3.1760e-02,  4.0047e-02, -3.0247e-02, -1.6747e-02, -3.7538e-02,
        -8.7504e-02,  5.0935e-02,  1.3539e-01,  3.7344e-02, -3.7147e-02,
        -1.1643e-03,  5.0535e-02, -3.1778e-02,  7.8318e-02,  3.8314e-02,
        -2.4733e-02,  6.0460e-02, -2.8984e-02, -4.0893e-03, -5.0364e-08,
         5.7458e-02, -2.2624e-02,  1.5004e-02, -3.4235e-03, -1.2296e-02,
         2.5577e-02, -1.1434e-01, -4.5982e-02, -2.0908e-02, -8.1897e-03,
        -4.5952e-02,  5.2689e-02,  4.2098e-02, -3.8309e-02, -1.4670e-02,
         9.8128e-02,  2.5627e-02,  1.3405e-02,  3.9389e-02,  2.2689e-02,
        -5.1458e-02, -2.2616e-02,  5.7655e-03,  4.8970e-02,  2.1254e-02,
        -3.1453e-02, -8.0213e-04,  6.2256e-02, -6.3437e-03,  5.0450e-02,
         2.9097e-02, -4.3573e-02, -4.5232e-02, -1.5682e-01,  6.1437e-02,
         4.0758e-02,  1.0169e-02, -1.5449e-02, -2.1409e-02, -6.9669e-02,
         2.9016e-02,  1.7807e-02,  1.7901e-02, -2.0889e-02,  1.4777e-02,
         5.9557e-02,  3.2292e-02, -1.9238e-02,  6.0987e-02,  1.7988e-02,
        -1.7012e-02,  2.6651e-02,  6.7869e-02, -1.5335e-03,  1.3433e-02,
        -8.8774e-03,  4.9608e-02,  2.0919e-02,  8.5304e-02,  1.8423e-02,
         4.7813e-02,  1.0788e-01,  3.1506e-02, -5.1480e-02], device='mps:0')"
Goodfellas,Introduction,"Goodfellas (stylized as GoodFellas) is a 1990 American biographical gangster film directed by Martin Scorsese, written by Nicholas Pileggi and Scorsese, and produced by Irwin Winkler. It is a film adaptation of Pileggi's 1985 nonfiction book Wiseguy. Starring Robert De Niro, Ray Liotta, Joe Pesci, Lorraine Bracco and Paul Sorvino, the film narrates the rise and fall of Mafia associate Henry Hill and his friends and family from 1955 to 1980.
Scorsese initially titled the film Wise Guy and postponed making it; he and Pileggi later changed the title to Goodfellas. To prepare for their roles in the film, De Niro, Pesci and Liotta often spoke with Pileggi, who shared research material remaining from writing the book. According to Pesci, improvisation and ad-libbing came from rehearsals wherein Scorsese gave the actors freedom to do whatever they wanted. The director made transcripts of these sessions, took the lines that he liked most and put them into a revised script, from which the cast worked during principal photography.
Goodfellas premiered at the 47th Venice International Film Festival on September 9, 1990, where Scorsese was awarded with the Silver Lion award for Best Director, and was released in the United States on September 18 by Warner Bros.. When released, the film grossed $47 million against a budget of $25 million and received widespread acclaim. The film was nominated for six Academy Awards, including Best Picture and Best Director, with Pesci winning Best Supporting Actor. The film also won five awards from the British Academy of Film and Television Arts, including Best Film and Best Director, and was named the year's best film by various critics' groups.
Widely regarded as one of the greatest films ever made, particularly in the gangster genre, the critical consensus on review aggregator Rotten Tomatoes calls it ""arguably the high point of Martin Scorsese's career"". In 2000, it was deemed ""culturally, historically, or aesthetically significant"" and selected for preservation in the National Film Registry by the United States Library of Congress. Its content and style have been emulated in numerous other pieces of media.","tensor([-1.1897e-01, -6.9659e-03, -7.3586e-02, -1.3724e-02, -3.5829e-02,
         1.8552e-02, -6.4726e-02,  2.3813e-02, -3.3474e-02, -1.7702e-02,
         5.3529e-03, -4.8935e-03,  1.2222e-02,  3.1888e-02, -5.6158e-02,
        -2.1663e-02, -2.2340e-02,  7.2761e-02,  1.8482e-02, -4.9064e-02,
        -1.8907e-02, -2.5353e-02,  3.5702e-02, -7.1194e-03, -1.1049e-01,
        -4.1028e-02,  1.2701e-02, -5.6901e-02, -1.3087e-01,  6.1907e-02,
        -8.8581e-03,  6.2814e-02, -1.8492e-02, -8.3489e-02, -6.3334e-02,
         5.3994e-02, -3.4873e-02,  4.5439e-02,  1.0056e-02,  1.2977e-02,
         5.5071e-03, -3.2057e-02, -3.7382e-02,  3.5337e-02,  1.9441e-02,
        -1.2242e-01, -3.3130e-03, -1.9895e-02, -2.1966e-02,  2.5635e-02,
        -7.8344e-02,  2.8527e-02, -1.9443e-02,  1.0636e-02,  2.1571e-02,
         2.9683e-02,  8.2112e-02, -1.0800e-02,  1.6626e-02, -2.4071e-02,
        -4.7819e-02, -6.8827e-02,  3.9382e-02, -1.7555e-02,  5.9155e-02,
         1.1707e-01, -2.0981e-02, -4.1995e-04, -1.0894e-01,  1.6142e-02,
        -2.6289e-02,  9.6528e-03, -5.8952e-02, -3.7467e-02, -3.0058e-02,
        -7.0689e-03, -2.8354e-02,  3.2000e-02, -7.7468e-02, -9.0249e-02,
         6.1448e-03,  1.9107e-02, -1.1495e-02, -7.7327e-03, -3.7764e-02,
         1.1372e-02,  2.0028e-03, -1.6900e-02,  5.8047e-02,  1.9475e-02,
        -1.5777e-02,  7.0459e-02, -4.4371e-02, -3.2777e-02,  7.9219e-02,
        -1.0314e-03, -2.0657e-02,  8.7933e-03, -8.8694e-03, -3.8411e-03,
         4.3636e-02, -8.5367e-02, -4.1274e-02, -5.5249e-02,  7.1852e-02,
         5.0191e-02,  1.5839e-01,  6.0308e-03, -5.5311e-02,  4.9537e-02,
         1.7679e-02,  1.9382e-02,  9.2351e-02,  3.7275e-02,  7.0429e-02,
        -3.7230e-02,  1.4290e-02,  2.1066e-02, -1.0622e-01, -1.4461e-02,
         7.9281e-02, -1.1494e-02,  1.0670e-03, -2.1801e-02, -6.2863e-02,
        -6.4520e-02, -9.5774e-03,  4.5249e-33,  2.7867e-02, -1.9547e-02,
        -1.5866e-02,  2.5378e-02,  4.8318e-02, -1.4364e-03, -5.1040e-02,
         7.7121e-03, -1.1546e-02,  4.7130e-02, -6.9053e-04, -1.5787e-02,
        -1.0995e-01,  4.3705e-02, -5.9224e-02,  4.2392e-03,  3.8880e-02,
        -4.6851e-03,  1.9640e-02, -4.2823e-02, -4.8692e-02,  1.4657e-03,
        -3.9398e-02, -9.1795e-02, -5.0984e-02,  3.0559e-02,  5.5394e-04,
        -5.4131e-04,  2.6621e-03, -4.7264e-02, -2.5090e-02,  2.9642e-02,
         6.2136e-03, -6.4550e-02,  1.0238e-01, -7.3214e-02, -6.6937e-02,
         2.8828e-02, -3.1559e-02,  2.7474e-02, -3.5551e-03,  9.5225e-02,
        -1.6457e-03, -4.5145e-02, -5.4193e-02,  1.1020e-01, -3.4683e-02,
        -1.3905e-02, -1.7508e-02,  6.8848e-03,  1.2538e-04, -4.3523e-02,
        -1.5792e-02,  8.7509e-02, -5.1258e-02,  5.7104e-02, -6.7535e-03,
        -5.8253e-02,  4.4191e-03, -3.5260e-03,  8.3576e-02,  1.1861e-01,
        -1.6788e-02, -2.9854e-02, -1.0134e-01, -3.7642e-02, -1.3749e-02,
         1.6508e-02,  1.1073e-02, -1.9827e-02,  2.3641e-02,  1.0145e-01,
        -4.9371e-02,  6.0912e-02,  4.3719e-02, -1.3418e-03, -5.2264e-02,
         1.0950e-01, -7.3034e-02, -2.3540e-02,  2.1036e-02,  7.2158e-02,
        -3.0326e-02, -1.1794e-01, -1.1498e-02,  1.3593e-02, -2.5883e-02,
        -1.0383e-02,  2.5376e-02,  1.9998e-02,  1.1398e-02, -4.8090e-02,
        -1.8607e-02, -1.1485e-02,  2.0324e-02, -5.9787e-33,  7.5088e-02,
        -5.8288e-02,  2.9917e-02, -2.0179e-02,  4.1251e-02, -2.1473e-02,
        -6.2120e-02, -3.0472e-02,  1.1012e-01, -4.2666e-03, -7.3079e-02,
         3.7293e-03,  7.3655e-02, -2.5639e-03,  1.5439e-01, -2.5114e-02,
        -7.2621e-03,  2.2882e-02, -2.6003e-02, -5.8746e-02,  5.1529e-02,
        -1.0833e-01, -4.2803e-02, -5.8255e-02,  8.8006e-02,  1.3824e-02,
        -1.8671e-02,  9.4245e-02, -1.3330e-01,  3.9284e-02, -3.4938e-02,
        -1.8327e-02, -6.3911e-02,  6.9265e-02, -3.0629e-02,  1.7723e-02,
         4.8883e-03, -1.1079e-01,  5.4892e-02, -3.4262e-02, -1.4970e-02,
         2.2930e-02,  1.1958e-02,  6.9024e-02, -9.8789e-02,  1.4459e-02,
        -6.7194e-02,  3.3155e-02, -7.6490e-02, -6.7297e-02, -4.5069e-02,
         5.7396e-02,  4.7216e-03,  1.1121e-02,  4.3246e-02,  3.5286e-02,
         6.2817e-02, -4.6523e-02,  5.0248e-02,  9.4977e-03, -1.6811e-02,
         2.7386e-02, -4.2862e-02, -7.2894e-02, -2.2734e-02, -4.0881e-02,
        -3.5442e-02, -1.1954e-02,  2.0281e-02,  1.8649e-02,  2.3979e-02,
        -7.6989e-02, -2.9187e-02,  2.3036e-02, -9.6473e-03,  5.1857e-02,
        -2.4404e-02,  9.3187e-02,  6.0009e-02, -2.2192e-02,  5.6004e-02,
        -5.6902e-02,  7.6621e-03,  9.1906e-02, -5.6367e-02,  3.9953e-02,
         1.3101e-01, -1.0790e-02, -8.2051e-03,  4.5564e-02,  6.6480e-02,
        -2.5759e-02,  8.3880e-02,  8.3074e-02,  1.7527e-02, -6.0592e-08,
        -7.7802e-02, -3.3984e-02, -6.3166e-02,  1.4863e-03, -5.5764e-02,
        -7.9791e-02, -3.7092e-02,  5.4315e-02,  3.2944e-02, -3.4962e-02,
        -3.5672e-02, -7.2759e-03,  1.3184e-02, -1.8585e-02, -4.0370e-02,
         6.3514e-02,  5.3554e-02,  2.8118e-02,  2.8708e-02,  8.5838e-02,
         1.3926e-01,  7.0630e-03, -2.0098e-02,  4.0007e-02, -4.6771e-02,
         3.6193e-02,  3.3312e-02, -8.0095e-02, -3.7313e-03,  5.4526e-02,
         4.0287e-02,  1.9352e-02,  3.0623e-02, -4.2155e-02,  7.2678e-02,
         2.4970e-02, -2.2132e-02,  1.3440e-02,  1.0230e-01, -1.5529e-02,
         2.2959e-02,  8.5147e-02,  6.9309e-03, -6.6212e-02, -2.2582e-02,
        -2.8715e-02, -2.0141e-02,  2.5821e-02, -2.4440e-02, -2.2065e-02,
         3.1563e-02,  2.7907e-02,  7.5164e-02,  3.9994e-02,  3.3820e-02,
        -7.8993e-02,  6.1666e-02,  1.0732e-01,  1.7457e-02,  4.2860e-02,
         1.5154e-02,  5.7241e-02,  1.7589e-02, -1.5128e-02], device='mps:0')"
Goodfellas,Plot,"In 1955, teenager Henry Hill becomes enamored by the criminal life and Mafia presence in East New York, a working-class Italian-American neighborhood in Brooklyn, New York City. He begins working for local caporegime Paulie Cicero and his associates Jimmy Conway, an Irish-American truck hijacker and gangster, and Tommy DeVito, a fellow juvenile delinquent prone to violence. Henry begins as a fence for Jimmy, gradually working his way up to more serious crimes.
Throughout the 1960s, the three men excel at carjacking, stealing cargo trucks from JFK Airport, and eventually commit the Air France Robbery. They spend most of their nights at the Copacabana nightclub, carousing with women. Henry starts dating Karen Friedman, a Jewish woman who is initially confused by Henry's criminal activities. She is soon seduced by Henry's glamorous lifestyle, and marries him, despite her parents' disapproval.
In 1970, Billy Batts, a made man in the Gambino crime family who was recently released from prison, insults Tommy at a nightclub that is owned by Henry. In response, Tommy and Jimmy beat, stab and fatally shoot Billy. Realizing that the unsanctioned murder of a made man will invite retribution, Jimmy, Henry and Tommy bury the body in Upstate New York. Six months later, Jimmy learns that the burial site is slated for development, prompting them to exhume and relocate the decaying corpse.
In 1974, Karen harasses Henry's mistress Janice, and threatens Henry at gunpoint. Henry moves in with Janice, but Paulie insists that he return to Karen after collecting a debt from a gambler in Tampa with Jimmy. Jimmy and Henry are arrested after being turned in by the gambler's sister, an FBI typist, and they receive ten-year prison sentences. To support his family on the outside, Henry has Karen smuggle in drugs from Pittsburgh, which he sells to fellow inmates.
In 1978, Henry is paroled and expands his cocaine business with Jimmy and Tommy, against Paulie's orders. Jimmy organizes a crew to raid the Lufthansa vault at JFK Airport, stealing six million dollars in cash and jewelry. After some members purchase expensive items against Jimmy's orders and the getaway truck is found by police, he has most of the crew killed. Only Henry and Tommy are spared, as Henry is making money through his Pittsburgh connection, and Tommy is about to become a made man. However, Tommy is killed when he arrives at the bogus initiation ceremony, in retribution for murdering Batts, much to Jimmy's dismay.
By 1980, Henry has become a nervous wreck due to heavy cocaine use. He sets up another drug deal with his Pittsburgh associates but is arrested by narcotics agents and incarcerated. After bailing him out, Karen explains that she flushed $60,000 worth of cocaine down the toilet to prevent FBI agents from finding it during their raid, leaving the Hills penniless.
Feeling betrayed by Henry's drug dealing, and realizing that he is a liability, Paulie gives him $3,200 and ends their association. Henry meets Jimmy at a diner and is asked to travel to a hit assignment, but the request makes him suspicious. Realizing that Jimmy plans to have him killed, Henry decides to finally become an informant and enroll with his family in the witness protection program. Henry gives sufficient testimony and evidence in court to have Paulie and Jimmy convicted, and moves to a neighborhood in an undisclosed location, in accordance with the witness protection program. Henry describes his unhappiness by leaving his exciting and turbulent gangster life, feeling condemned to live a boring, average life as a ""schnook"".","tensor([-8.3012e-02,  1.1555e-02, -1.4133e-01,  9.5721e-05,  7.3862e-02,
         1.9404e-02,  2.6394e-02,  2.0777e-02, -2.6355e-03, -3.4032e-02,
         1.1363e-01, -4.7054e-02,  1.6514e-02,  3.1237e-02,  3.8568e-02,
        -3.7922e-02,  1.4404e-02,  2.5811e-02, -6.6372e-02,  4.9908e-02,
        -5.7232e-02, -7.9665e-02,  4.1719e-02, -8.8768e-03, -2.6416e-02,
         1.9568e-02,  3.4351e-02, -3.9101e-02, -1.2218e-01, -5.5763e-03,
        -8.7539e-03,  2.7976e-03,  7.3807e-03,  5.1958e-02,  7.8927e-02,
        -4.6778e-02,  1.0663e-01,  8.3690e-02,  6.3304e-02, -1.6850e-02,
        -3.0043e-02, -5.3883e-02,  3.3729e-02, -1.9262e-02, -9.6485e-02,
        -3.7754e-02, -3.9777e-02,  9.1993e-03,  2.5025e-02, -4.0020e-02,
        -5.3563e-02,  1.0410e-01,  1.7305e-03, -1.8158e-02,  4.1965e-03,
         3.5829e-02,  7.5342e-02,  4.3668e-02,  3.7478e-02, -1.8211e-03,
         2.1908e-03, -3.1874e-02, -2.2758e-02,  2.7202e-02,  7.7429e-04,
        -8.6776e-03, -3.7423e-02, -4.9083e-02, -1.1361e-02,  3.1345e-02,
         1.7312e-02,  1.4745e-03, -5.8267e-02, -1.5254e-02,  5.1313e-02,
         3.0582e-02, -2.1670e-02,  3.5435e-02,  2.4835e-02, -2.9492e-02,
        -1.4910e-02, -7.4601e-02,  7.6301e-03, -9.5428e-03, -1.2741e-02,
         5.8223e-03, -4.4394e-03, -5.6520e-02,  2.5795e-03, -2.7488e-02,
        -9.2118e-02, -6.0457e-02, -5.3675e-02, -3.5407e-02, -3.9626e-02,
        -1.4450e-03, -3.1116e-02,  5.6768e-02, -8.3660e-02,  5.8027e-02,
        -1.3715e-02,  2.1028e-02,  8.8055e-02, -2.2328e-02,  4.0919e-02,
         7.9274e-02,  3.2011e-02,  6.2132e-02, -1.3858e-02,  6.5884e-03,
         2.9738e-02,  3.2707e-02,  2.8265e-02, -1.2737e-02,  8.4138e-02,
        -7.6812e-03,  2.4136e-02, -1.9855e-02, -4.1017e-02, -5.0152e-03,
         1.1548e-01,  3.3512e-04, -4.1056e-02,  3.7605e-03, -9.4658e-02,
         2.2550e-02,  8.4825e-03,  5.4076e-33,  2.6460e-02,  6.7441e-03,
        -1.1694e-02, -3.8088e-02,  4.0634e-02, -1.2901e-02, -6.2544e-02,
        -1.3699e-02,  7.0752e-02,  2.9424e-03, -1.0701e-02, -9.6203e-02,
        -7.1594e-02, -1.2121e-02, -7.1637e-02,  7.4439e-02, -3.0476e-02,
        -4.9094e-02, -4.5440e-03, -3.3549e-03,  5.2384e-02,  9.9466e-02,
        -2.6202e-03,  1.9951e-02, -5.6701e-02, -2.4416e-02, -6.7336e-02,
        -1.7994e-03,  3.4004e-02,  3.2294e-02, -6.1540e-02,  9.4742e-02,
         1.9637e-02,  1.0689e-02,  3.6737e-02,  2.1216e-02, -3.5088e-02,
        -7.5621e-02, -3.8835e-03, -5.9842e-02, -2.7602e-03,  5.1188e-02,
        -6.8569e-02, -2.2585e-02, -1.1390e-01,  1.7048e-02,  2.5637e-02,
         1.2058e-02,  2.9209e-03,  4.7459e-02, -4.2186e-02, -5.3450e-02,
         1.4034e-02, -2.9219e-03, -1.1156e-02,  7.7822e-02, -1.7419e-02,
        -3.2828e-02,  1.2151e-01,  6.0334e-02,  6.5915e-02,  8.7503e-02,
         2.9519e-02,  9.4821e-02, -5.4972e-02, -6.8291e-02,  2.9187e-02,
         2.9610e-02, -8.9657e-02,  2.8411e-02,  5.5900e-02,  3.8702e-02,
         2.3657e-02, -2.0167e-02, -3.9856e-02, -3.0288e-02,  5.0669e-02,
         7.2427e-02,  4.3157e-03, -1.1777e-01,  4.5828e-02,  1.8023e-02,
         9.7904e-02, -4.3848e-02, -1.0353e-01,  1.4212e-03,  9.1607e-03,
        -9.8935e-02, -2.5733e-02,  1.2054e-01, -4.2865e-02, -2.5742e-02,
         5.0792e-02, -2.5381e-02, -2.1647e-02, -6.3463e-33,  6.9238e-02,
        -1.5094e-02,  6.4441e-02, -6.9252e-02,  5.6007e-02, -1.2714e-03,
        -1.0586e-02, -4.5215e-02,  7.1730e-02, -7.5149e-02, -4.4787e-02,
        -1.0908e-02,  6.2691e-02,  2.8361e-02,  7.9312e-02, -8.9388e-02,
         7.9827e-02, -3.2130e-02, -3.7872e-02,  2.6449e-02,  2.4642e-03,
        -4.6391e-02, -1.2520e-01,  1.1967e-02,  6.0487e-03,  2.3282e-02,
         2.7200e-03,  2.4823e-02, -1.4588e-01,  4.3849e-02, -2.7527e-02,
         4.9161e-02,  2.1387e-02,  6.6941e-03,  3.4425e-03,  1.0296e-02,
         5.3491e-03,  2.5121e-02,  6.3624e-02, -9.7818e-02, -4.5837e-02,
        -4.6515e-02, -6.4505e-03,  5.3814e-02, -1.6314e-02, -5.2312e-03,
        -3.4102e-03, -1.2661e-02, -4.1761e-02, -2.9081e-02, -1.0019e-01,
         7.3635e-02, -7.2022e-02,  4.5100e-02, -4.7775e-02,  2.5449e-03,
         3.6933e-02, -1.2078e-02, -2.5123e-02,  2.0241e-02, -1.5161e-01,
         1.5134e-02, -4.6752e-02,  6.4570e-02,  4.9809e-02, -8.2183e-02,
        -9.8365e-02, -7.3547e-02, -5.6775e-02,  3.3891e-02,  2.9740e-02,
        -3.8813e-02,  4.0492e-02,  5.6973e-02,  2.4608e-02, -4.5143e-02,
        -3.1778e-02,  4.8992e-02, -2.5255e-02, -2.7733e-02, -8.1675e-04,
        -3.8297e-02, -6.3657e-02,  6.0357e-02, -6.2816e-02,  6.3196e-03,
         2.0276e-02, -3.1843e-02,  2.5535e-02, -5.4153e-02,  4.1009e-02,
        -1.0752e-01,  4.5522e-02,  2.4762e-03,  7.5065e-03, -6.8592e-08,
        -3.8439e-02,  8.5178e-03, -2.6963e-02, -3.8719e-03, -6.3144e-02,
         2.1413e-02,  4.7793e-02,  3.8259e-03,  2.1667e-02,  2.8006e-02,
        -9.9780e-03,  1.2237e-01,  7.0131e-02, -3.2535e-02, -8.6179e-02,
        -6.3095e-02,  1.1350e-02, -4.7397e-02, -1.0552e-02,  1.2321e-01,
         8.7775e-02, -5.1309e-02,  5.9185e-02,  5.9418e-02,  9.4360e-02,
         3.8439e-02,  6.0573e-02,  2.7577e-02, -2.4267e-02,  6.0924e-02,
        -4.0361e-02, -7.0049e-03, -5.4189e-02, -3.8649e-02,  1.4595e-02,
        -1.2164e-02,  2.2151e-02,  5.3563e-02, -4.2276e-03, -6.0619e-02,
         2.2734e-02,  2.8131e-02, -3.6151e-02, -4.5629e-02,  3.7708e-02,
         1.8298e-02, -6.3490e-02,  4.9089e-02,  2.3231e-02,  4.8178e-02,
        -7.7731e-02,  6.0103e-02,  2.0492e-02,  2.5246e-02,  3.7611e-02,
        -1.0037e-01,  1.2355e-02,  7.7794e-02,  3.3667e-02, -2.4346e-02,
         1.0301e-01, -1.5950e-02,  5.1095e-02, -4.9057e-02], device='mps:0')"
Goodfellas,Development,"Goodfellas is based on New York crime reporter Nicholas Pileggi's book Wiseguy. Martin Scorsese did not intend to make another Mafia film, but he saw a review of Pileggi's book, which he read while working on The Color of Money in 1986. He had always been fascinated by the mob lifestyle, and was drawn to Pileggi's book because he thought that it was the most honest portrayal of gangsters that he had ever read.
After reading the book, Scorsese knew what approach he wanted to take: ""To begin Goodfellas like a gunshot and have it get faster from there, almost like a two-and-a-half-hour trailer. I think it's the only way you can really sense the exhilaration of the lifestyle, and to get a sense of why a lot of people are attracted to it."" According to Pileggi, Scorsese cold-called the writer and told him, ""I've been waiting for this book my entire life,"" to which Pileggi replied, ""I've been waiting for this phone call my entire life.""
Scorsese decided to postpone making the film when funds materialized in 1988 to make The Last Temptation of Christ. He was drawn to the documentary aspects of Pileggi's book. ""The [Wiseguy] book gives you a sense of the day-to-day life, the tedium, how they work, how they take over certain nightclubs, and for what reasons. It shows how it's done."" He saw Goodfellas as the third film in an unplanned trilogy of films that examined the lives of Italian-Americans ""from slightly different angles"". He has often described the film as ""a mob home movie"" that is about money, because ""that's what they're really in business for"". Two weeks in advance of the filming, the real Henry Hill was paid $480,000.","tensor([-9.7391e-02,  1.3226e-02, -4.3570e-02,  6.6227e-02,  2.3117e-02,
         4.1256e-02, -1.4476e-02,  3.3311e-02,  2.3835e-02, -6.7288e-03,
         5.6532e-03,  1.9889e-02,  2.8844e-02,  1.0292e-02, -4.8406e-02,
        -4.6872e-02,  2.0549e-02,  2.8192e-04, -3.3501e-02, -1.0505e-02,
        -1.9105e-02, -1.2015e-02,  6.5192e-02,  1.4663e-02, -8.5238e-02,
        -3.6580e-02,  5.7306e-03, -2.3713e-02, -1.2461e-01,  9.2273e-02,
         1.0538e-02,  3.0648e-02,  1.7631e-02, -4.3711e-02, -6.6207e-02,
         4.6493e-02,  4.6931e-02,  7.8523e-02,  2.0655e-02,  4.5547e-02,
        -7.6685e-03, -2.6252e-02,  8.6388e-03,  2.1487e-02, -9.1974e-03,
        -1.3042e-01, -6.4137e-03, -2.2047e-02, -5.3182e-03, -2.0750e-02,
        -5.7789e-02,  1.2357e-02, -6.2270e-03, -4.8316e-02,  4.0625e-02,
         5.5569e-02,  6.7536e-02,  8.0101e-03,  2.7668e-02, -2.2006e-02,
        -3.4463e-02, -1.0076e-01,  4.6905e-02, -4.4308e-02,  9.9053e-02,
         7.5328e-02, -4.8833e-02,  1.5923e-02, -9.0894e-02,  3.0223e-02,
         1.7672e-02,  4.7320e-03, -2.5510e-02, -3.8468e-02, -2.1106e-02,
         9.3723e-03, -1.7652e-02,  7.7448e-03, -5.4678e-02, -6.6210e-02,
         1.8227e-02, -4.6644e-02,  1.3949e-02,  1.3755e-02, -3.4972e-02,
         4.3205e-02, -4.1072e-02,  6.1187e-03,  1.7919e-02,  2.0060e-02,
         9.4966e-04,  5.4033e-02, -6.4233e-02, -4.0052e-02,  1.5289e-02,
        -2.8241e-02, -6.1649e-02,  1.4946e-02, -5.2670e-03, -4.5068e-02,
         4.3032e-02, -7.7428e-02, -2.2022e-02, -9.1290e-02,  8.3160e-02,
        -4.1482e-02,  7.2881e-02,  4.4578e-02, -7.7847e-02,  1.2379e-02,
        -4.8464e-03,  2.2129e-02,  9.7477e-02,  5.2306e-02,  6.9155e-02,
         2.3205e-02, -2.3340e-02,  1.2049e-02, -4.3932e-02,  4.6482e-02,
         1.1172e-01,  5.2545e-02, -6.0725e-02, -3.5027e-02, -8.1484e-02,
        -8.8041e-02,  1.1679e-03,  6.6782e-34, -2.7518e-02,  2.0154e-02,
         2.5228e-02,  6.2602e-02,  7.3483e-02, -1.3494e-04, -3.6472e-02,
        -6.9402e-03,  1.7873e-02,  9.0620e-02, -2.7096e-03,  1.8329e-02,
        -1.3239e-01,  7.7699e-02, -7.6733e-02, -4.2981e-02, -5.1700e-02,
        -5.4588e-02,  8.5916e-03, -5.7754e-03, -3.7272e-03, -2.3983e-02,
         3.7768e-04, -1.0971e-01, -4.5542e-02, -2.5709e-02,  7.6015e-03,
         5.0934e-02,  4.4818e-02, -4.0628e-02, -6.2717e-02,  6.5432e-02,
         1.4020e-02, -1.2246e-01,  6.6457e-02, -6.4050e-02, -4.3905e-02,
         6.8308e-03, -7.4048e-02,  2.9244e-02, -1.4139e-02,  9.6931e-02,
        -5.4032e-02, -3.3023e-02, -5.3322e-02,  1.4128e-01, -2.1997e-02,
        -1.3182e-02, -2.9595e-02,  4.9541e-02, -1.4652e-03, -4.4992e-02,
         8.1753e-03,  5.5281e-02, -5.0698e-02,  3.2931e-02,  5.8116e-03,
        -9.9055e-02,  5.1435e-02,  8.9181e-03,  2.0474e-02,  9.1733e-02,
        -3.6941e-03, -4.1023e-02, -8.6717e-02,  4.2825e-02, -3.5919e-02,
         2.6279e-03, -6.1509e-02,  1.2739e-02,  6.6025e-02,  1.2287e-01,
        -3.0390e-02,  2.2854e-02, -3.8490e-03, -3.1885e-02, -7.2654e-02,
         9.2028e-02, -7.3372e-02, -8.8089e-03,  3.9193e-02,  2.3793e-02,
        -7.3690e-03, -3.9574e-02, -9.2326e-03, -4.9060e-04,  3.4227e-03,
        -5.3252e-02, -4.6846e-03,  1.2004e-03,  1.4232e-02, -6.6345e-02,
        -1.9245e-02, -1.5515e-02,  9.7295e-03, -3.3139e-33,  4.8160e-02,
        -1.3867e-01,  5.4826e-02,  8.2329e-03,  3.5825e-02, -1.2722e-02,
        -7.3838e-02,  4.4334e-02,  5.4942e-02,  8.1960e-03, -5.4942e-02,
         5.3147e-02,  7.3207e-02,  6.5407e-02,  1.0683e-01, -7.0883e-02,
         2.6701e-02,  2.3650e-02, -1.1859e-02, -6.1551e-02, -1.4391e-02,
        -1.0377e-01, -4.2964e-02, -2.0906e-02,  8.1481e-02,  4.0157e-02,
        -4.9559e-02,  6.3939e-02, -1.3960e-01,  2.0483e-02, -1.6802e-02,
        -2.1956e-02, -4.5166e-02,  5.2708e-02, -2.3524e-02,  5.8319e-02,
         3.1477e-02, -6.9806e-02,  2.3791e-02, -3.1644e-02,  1.0467e-02,
        -4.4810e-02,  2.1283e-03,  5.4488e-02, -1.0134e-01,  4.4661e-02,
        -1.2653e-02,  8.0943e-02, -5.3165e-02, -6.0595e-02, -4.2418e-03,
         5.0550e-02,  1.3767e-02,  1.7471e-02,  7.1987e-02,  1.5022e-03,
         2.5000e-02, -6.7547e-02,  3.0061e-02,  2.9601e-02, -5.5203e-02,
         2.6004e-02, -1.2011e-01, -1.6450e-02, -3.6396e-02, -6.9919e-02,
        -2.8470e-02, -6.8907e-02,  6.8703e-02, -2.3306e-02, -2.7642e-02,
        -1.1536e-01, -1.7700e-02,  4.7618e-02, -4.0253e-02,  5.4282e-02,
        -4.1328e-02,  4.1659e-02,  3.8485e-03,  3.0140e-02,  1.9300e-02,
        -1.0405e-01,  3.9464e-02,  4.5186e-02,  5.5781e-03,  3.3107e-02,
         4.6352e-02, -4.0618e-02, -3.9019e-02,  2.3229e-02,  2.2049e-02,
         3.5006e-03,  3.1804e-02,  1.1842e-01,  3.3702e-02, -6.6629e-08,
        -6.2286e-02, -5.1831e-02,  8.3843e-03, -7.3509e-02, -2.8549e-02,
        -5.0304e-02,  7.5825e-03,  4.3055e-02,  6.5899e-02,  3.6770e-02,
        -1.8589e-02, -2.7525e-02,  9.3539e-03,  1.8259e-02, -8.6024e-02,
         6.1544e-02,  1.0143e-01, -2.2260e-02,  3.3913e-02,  8.7684e-02,
         1.1858e-01, -1.4508e-02, -1.9498e-02, -3.7602e-02, -2.1566e-02,
         3.1402e-02,  1.5448e-02, -4.0320e-02, -3.6733e-03,  4.8279e-02,
         2.2075e-02, -5.5168e-03, -5.5908e-02, -3.2097e-03,  3.6336e-03,
         9.8712e-03, -2.5916e-02,  5.2160e-02,  7.8532e-02, -3.0212e-02,
         5.2058e-02,  3.6369e-02, -2.1548e-02, -2.4742e-02,  1.8468e-02,
        -5.6808e-02, -4.0304e-02,  3.7831e-02,  7.6378e-03,  5.9522e-04,
        -4.0335e-03,  2.4219e-02,  7.6552e-02,  3.3471e-02,  5.0588e-02,
        -1.0689e-01,  3.6992e-02,  1.5884e-01, -3.1947e-02,  1.4182e-02,
         7.4069e-02, -1.4545e-02, -2.4376e-02,  2.4311e-02], device='mps:0')"
Goodfellas,Screenplay,"Scorsese and Pileggi collaborated on the screenplay, and during the course of the 12 drafts that it took to reach the ideal script, the reporter realized that ""the visual styling had to be completely redone... So we decided to share credit."" They chose the sections of the book that they liked and assembled them like building blocks. Scorsese persuaded Pileggi that they did not need to follow a traditional narrative structure.
Scorsese wanted to take the gangster film and deal with it episode by episode, but start in the middle and move backward and forward. Scorsese compacted scenes, realizing that if they were kept short, ""the impact after about an hour and a half would be terrific."" He wanted to use narration in a manner reminiscent of François Truffaut's 1962 film Jules and Jim, and use ""all the basic tricks of the New Wave from around 1961."" This is the first time since Mean Streets that Scorsese is credited as a co-writer.
The names of several real-life gangsters are altered for the film: Tommy ""Two Gun"" DeSimone became Tommy DeVito, taking the name from Pesci's friend and employee, the former 4 Seasons guitarist of the same name, Tommy DeVito. (The role was otherwise unrelated to the musician.) Paul Vario became Paulie Cicero, and Jimmy ""The Gent"" Burke became Jimmy Conway, after Burke's birth surname. Scorsese initially titled the film Wise Guy, but he and Pileggi decided to change the title of their film to Goodfellas because two contemporary projects, the 1986 Brian De Palma film Wise Guys and the 1987–1990 TV series Wiseguy, had used similar titles.","tensor([-1.5500e-01, -2.3223e-02, -4.6021e-02, -2.4657e-02, -1.4686e-02,
        -1.3284e-02, -7.6218e-02,  1.1125e-01,  2.7854e-03, -3.0310e-02,
         4.6218e-02,  5.1143e-02,  8.5593e-04,  8.1645e-04,  4.4694e-02,
        -3.5741e-02, -1.7224e-02,  5.5284e-02,  2.9767e-02,  9.8390e-03,
         5.4731e-02, -9.6467e-02, -1.1637e-02, -2.7497e-02,  2.6813e-02,
         2.3712e-02, -3.6464e-02, -1.5404e-03, -7.0355e-02,  5.0899e-02,
         4.4179e-02,  5.0478e-02, -2.0191e-02,  1.1044e-02, -6.4783e-03,
        -6.3962e-03,  5.3770e-02,  1.2889e-01,  2.4845e-02, -5.4671e-02,
        -5.9970e-02, -1.9162e-02, -3.2292e-02, -1.8774e-03,  4.3121e-02,
        -8.9802e-02, -4.3002e-03,  4.8008e-02,  2.8747e-03,  7.3440e-03,
        -6.2165e-02,  2.5392e-02, -2.1320e-02, -1.5736e-02,  4.4913e-02,
         2.6984e-02,  2.8538e-04,  2.6627e-02,  5.8077e-02, -3.9288e-02,
        -8.4403e-02, -8.2484e-02,  4.4304e-02, -1.6002e-02,  1.1016e-01,
         2.4943e-02, -7.3844e-02, -1.0313e-02, -5.1184e-02,  1.1725e-01,
        -5.7016e-02, -1.3532e-02,  2.3816e-02, -2.9311e-02,  1.6327e-02,
        -1.1282e-01, -1.0125e-01,  8.5175e-02, -6.8461e-02, -1.1091e-01,
         6.6566e-02, -7.8629e-02, -4.9314e-02, -2.1969e-02,  2.0913e-04,
         9.4058e-02,  6.8568e-03, -7.5421e-04, -2.2599e-02,  1.1684e-02,
        -4.4798e-02, -2.3149e-02, -2.7655e-02, -2.3082e-02,  6.5532e-02,
        -2.3633e-02, -9.5652e-02,  5.4981e-02,  2.2205e-02, -5.2802e-03,
         3.8715e-02, -1.1721e-01,  5.3146e-04, -1.0205e-01,  1.3512e-01,
        -1.3659e-02,  9.8489e-02, -1.9806e-04, -3.1373e-02, -9.9766e-04,
        -2.1617e-02,  2.8244e-02,  4.9309e-02, -1.4240e-02,  1.2486e-01,
        -1.1197e-02, -3.2668e-02,  5.1408e-02,  3.1278e-03, -2.4620e-02,
         1.2185e-01,  3.8520e-02, -6.7783e-02, -4.4825e-03, -4.8447e-02,
         1.3476e-02,  6.3095e-02, -1.0227e-33,  3.8826e-02,  7.5388e-02,
        -1.3815e-02,  8.2764e-02,  4.9888e-02, -8.2735e-03, -4.4036e-03,
         4.8736e-02, -1.7539e-03,  4.9743e-02, -8.1896e-02, -5.5219e-02,
        -1.0998e-01,  8.1716e-02, -2.1074e-02, -4.3258e-02, -1.8269e-02,
        -6.2730e-02,  2.7930e-02, -4.7191e-02,  1.5288e-02,  5.9861e-03,
        -1.9410e-02,  3.7005e-03, -7.1251e-02,  5.8653e-02, -2.0029e-02,
         1.2338e-02,  1.2233e-02,  8.1279e-03, -5.6054e-02,  1.2316e-01,
         1.2515e-02,  1.6048e-02,  1.0266e-01, -3.4262e-02, -2.5940e-02,
         1.4613e-02,  5.2494e-03,  2.8964e-02, -1.0808e-02,  5.2224e-02,
        -9.5878e-02, -4.9566e-02, -7.7233e-02,  6.9674e-02,  1.8096e-02,
         2.8279e-02, -7.0340e-02,  2.9723e-02,  4.8523e-03, -4.2294e-03,
         1.3035e-02,  3.3544e-02,  1.7462e-03,  6.4951e-02,  2.3889e-02,
        -9.7663e-02,  4.1597e-04,  3.8234e-02, -2.5040e-02,  1.2438e-01,
         1.2313e-02,  6.8421e-02, -6.5838e-02,  7.1160e-02,  1.6399e-02,
         5.1998e-02,  4.6417e-03,  3.0114e-03, -1.4285e-02,  4.1046e-02,
        -6.6718e-02,  1.4574e-02,  5.2311e-02, -2.9134e-02,  4.9281e-03,
         8.4524e-02, -9.0181e-02,  2.4363e-03,  1.3712e-02,  1.5179e-02,
        -3.4059e-02, -2.0287e-02, -2.2854e-02, -3.1098e-03,  3.0857e-02,
        -8.7682e-02, -4.7564e-02, -2.7436e-02, -5.9342e-02, -1.0503e-01,
        -1.5192e-02,  1.4214e-02, -3.2477e-02, -2.2478e-33,  3.1253e-02,
        -2.1660e-03, -1.9794e-03,  1.2350e-02, -4.7807e-02,  2.0468e-02,
        -7.0732e-02,  6.7362e-03,  7.2013e-02, -1.0343e-02, -1.9849e-02,
        -2.3541e-02, -1.6497e-02, -3.7740e-03,  4.6102e-02,  8.0107e-04,
         1.1352e-02,  2.8795e-03,  1.9949e-02, -1.7114e-02,  1.0205e-01,
        -8.4643e-02, -6.6643e-02,  2.0845e-02,  2.9718e-02,  3.1971e-02,
         6.8775e-02,  3.6768e-02, -7.0124e-02,  9.2284e-04, -4.1603e-02,
        -2.4973e-05,  2.0903e-02, -4.4236e-03, -4.5773e-02,  5.6763e-02,
        -2.8037e-02,  1.0781e-02, -5.9583e-03, -8.5306e-02,  3.7237e-02,
         3.4640e-03, -1.4150e-02,  6.1223e-02, -4.7384e-02, -8.2115e-02,
         1.5527e-02, -6.2229e-03, -1.2483e-01, -1.3518e-02, -1.8910e-03,
         2.1968e-02, -4.9631e-03, -6.0522e-02, -1.9337e-02, -4.1634e-02,
         2.4380e-02, -7.0294e-02, -5.3291e-03,  5.1260e-02, -1.9586e-02,
         1.6428e-02, -8.2293e-02, -7.7223e-02,  5.8477e-02, -7.6262e-02,
        -3.9167e-02, -3.9560e-02,  4.2083e-03,  3.4766e-03,  3.7925e-03,
        -6.1646e-02,  8.7912e-03, -1.9326e-02, -3.5030e-02, -5.5723e-02,
        -1.2158e-01,  2.5296e-02, -4.5625e-02,  3.7460e-02, -7.2758e-02,
        -7.2554e-02,  1.4755e-02,  1.0234e-01, -2.5566e-02,  8.9386e-02,
         2.5225e-02,  5.7885e-03,  3.7476e-02,  5.7184e-02,  7.5702e-02,
         7.2238e-02,  8.9574e-02,  1.2439e-01, -4.6554e-02, -6.5774e-08,
        -4.1243e-02,  5.3888e-02,  3.0532e-02,  1.7424e-02, -4.9886e-03,
         2.3404e-02, -7.8288e-02,  2.1848e-02,  2.6968e-02, -3.8005e-02,
        -5.7367e-02,  4.9498e-02, -3.3771e-04, -1.8348e-03, -9.5700e-02,
         4.9908e-02, -1.8840e-02, -2.8638e-02, -5.4722e-03,  8.7705e-02,
         6.0577e-02, -3.4852e-02, -1.3703e-02,  7.8627e-03,  4.7662e-02,
         5.2873e-03,  2.9531e-02, -6.8556e-02,  2.8696e-02,  7.5420e-02,
        -3.4138e-02, -2.2945e-02, -4.6744e-02, -2.6100e-02, -3.5299e-02,
        -3.0484e-02,  2.6564e-02,  4.8192e-03,  5.1494e-02, -1.9232e-02,
        -3.9193e-03,  4.8442e-02,  4.1757e-02,  2.2836e-02, -3.0768e-02,
        -4.1260e-02,  9.7269e-04, -6.0665e-02,  7.6574e-03, -3.0775e-02,
         3.9683e-02,  7.4300e-02, -2.9706e-02,  4.5172e-02,  5.8758e-02,
         3.6036e-05,  2.2366e-02,  6.7679e-02,  1.9562e-02, -3.3873e-02,
        -4.9718e-02,  8.6934e-02, -6.3104e-02,  8.5405e-02], device='mps:0')"
Goodfellas,Casting,"Once Robert De Niro agreed to play Jimmy Conway, Scorsese was able to secure the money needed to make the film. Ray Liotta, who played Henry Hill, had read Pileggi's book when it came out and was fascinated by it. A couple of years afterward, his agent told him that Scorsese was going to direct a film adaptation. In 1988, Liotta met with Scorsese over a period of a couple of months and auditioned for the film. He campaigned aggressively for a role, although Warner Bros. wanted a well-known actor; he later said, ""I think they would've rather had Eddie Murphy than me"".
Scorsese cast Liotta after De Niro saw him in Jonathan Demme's Something Wild (1986); Scorsese was surprised by ""his explosive energy"" in that film. Al Pacino and John Malkovich were considered for the role of Conway, and Sean Penn, Alec Baldwin, Val Kilmer and Tom Cruise were considered for the role of Hill.
To prepare for the role, De Niro consulted with Pileggi, who had research material that had been discarded while writing the book. De Niro often called Hill several times a day to ask how Burke walked, held his cigarette, and so on. Driving to and from the set, Liotta listened to FBI audio cassette tapes of Hill, so that he could practice speaking like his real-life counterpart.
Madonna was considered for the role of Karen Hill. To research her role, Lorraine Bracco tried to get close to a mob wife but was unable due to the insular nature of Mafia communities. She decided not to meet the real Karen, saying that she ""thought it would be better if the creation came from me"". Paul Sorvino had no problem finding the voice and walk of his character, but found it challenging to find what he called ""that kernel of coldness and absolute hardness that is antithetical to my nature except when my family is threatened"".
Former EDNY prosecutor Edward A. McDonald appeared in the film as himself, re-creating the conversation that he had with Henry and Karen Hill about joining the Witness Protection Program. McDonald, who was friends with Pileggi, was cast on a whim; while a location scout was taking pictures of his office, McDonald casually remarked that he would be happy to play himself if needed. Pileggi called him an hour later asking if he was serious, and he was cast. The scene was unscripted, with McDonald improvising the line referring to Karen as a ""babe-in-the-woods"".","tensor([-1.4941e-01,  1.0977e-02, -1.0278e-01,  4.8223e-02,  2.4498e-02,
        -1.1489e-02,  2.3191e-02,  3.4031e-02,  3.2909e-02, -7.7588e-02,
        -2.6111e-02, -5.6418e-02, -3.9541e-04,  9.1003e-02,  3.3245e-02,
        -1.6805e-03,  4.4455e-02,  2.9033e-02, -5.3790e-02,  4.0081e-02,
         2.3342e-02,  3.7174e-02, -3.5878e-02,  4.6776e-02, -3.6401e-02,
        -5.9812e-02,  3.0982e-02, -5.5454e-02, -1.0651e-01,  6.1068e-03,
         1.0707e-01,  8.2705e-03, -1.0173e-01,  7.3888e-03,  3.3714e-02,
         5.2090e-02, -5.1536e-02,  3.4338e-02,  4.6860e-02, -1.2820e-02,
        -6.1889e-02, -6.6562e-02,  3.7532e-03, -1.0076e-02,  3.4244e-02,
        -9.5715e-02, -1.1076e-02, -6.9036e-02,  5.1452e-03,  3.2460e-02,
        -4.8304e-02,  3.5929e-02,  2.1869e-02, -5.2632e-02,  3.8632e-02,
         2.1921e-02,  8.0829e-02, -4.1430e-02,  4.4564e-02, -3.1140e-02,
        -6.7758e-02, -1.1700e-01,  5.9960e-02,  1.7410e-02,  6.5497e-02,
         9.6158e-03, -1.6799e-03, -7.8683e-02, -7.4167e-02, -5.3331e-02,
        -2.4912e-02,  8.4270e-03, -1.5490e-03, -3.7536e-02,  5.2161e-02,
        -7.2167e-02, -3.8457e-03,  3.9728e-02, -2.0688e-02, -1.7931e-02,
         3.0151e-02, -5.6447e-02, -1.8983e-02, -1.5772e-02,  5.1264e-02,
         3.8716e-02,  6.9523e-03,  1.5264e-03,  1.5349e-02,  2.4981e-02,
        -6.9795e-02, -1.7537e-02, -5.4166e-02,  8.4701e-03,  9.4083e-02,
        -1.2069e-02, -5.8162e-02, -7.8979e-02, -2.6600e-02,  1.5909e-02,
         3.6006e-02, -8.7971e-02, -1.5612e-02, -5.0395e-03,  4.6864e-02,
         1.5358e-02,  1.3666e-01,  1.7763e-03, -1.5470e-02,  5.0049e-02,
        -2.3920e-02,  1.6996e-02,  8.1161e-02,  5.4194e-02,  7.3220e-02,
        -3.4119e-02,  3.2408e-02,  1.5398e-02, -4.1430e-02,  1.4743e-02,
         7.2874e-02,  6.9341e-03, -3.2405e-02,  4.0351e-03, -4.4051e-02,
        -1.0578e-02,  3.2339e-02,  2.7308e-33,  6.0298e-02,  1.1439e-02,
         1.0286e-02,  6.8045e-02,  8.0597e-02,  2.2081e-02, -3.4232e-02,
         3.8538e-02,  7.8257e-03,  1.1604e-02, -9.7346e-02,  3.0578e-03,
        -5.8788e-02, -1.9104e-02, -9.2719e-02,  9.9078e-02, -4.0056e-02,
        -1.9953e-02,  2.1114e-02, -4.1288e-02, -1.8611e-02,  4.8992e-02,
        -2.6949e-02, -4.9386e-02, -6.5560e-02,  3.7905e-02, -2.8478e-02,
        -7.6802e-02,  7.7190e-03, -6.4984e-03, -3.0494e-02,  5.0371e-02,
        -5.1651e-02, -4.3074e-02,  1.1846e-01, -4.5433e-02, -1.4786e-01,
         9.7708e-03,  2.5458e-02,  3.6965e-02,  1.0217e-02,  9.3206e-02,
        -4.9707e-02, -4.8543e-02, -1.6437e-01,  1.0593e-01,  4.3794e-02,
         3.3320e-02, -9.5809e-02,  1.5162e-02,  5.6953e-02,  1.0212e-02,
        -4.5447e-02, -5.6548e-02, -6.0825e-03,  4.2610e-03,  3.2280e-02,
        -6.4113e-02,  9.7614e-02,  4.3417e-02,  2.5181e-02,  1.2515e-01,
         2.7574e-02, -6.2956e-03, -8.4200e-02, -7.5307e-02, -3.9900e-02,
         3.9339e-02, -1.0879e-02, -6.5293e-02,  1.6283e-02,  8.5377e-03,
        -8.9291e-03, -1.9555e-02,  8.6669e-03, -1.0054e-01,  5.4279e-02,
         5.5840e-02, -3.8441e-02, -3.5230e-02,  4.2034e-02,  1.8860e-02,
         6.1603e-02, -7.9666e-02, -7.8227e-02, -1.8944e-02, -4.0374e-02,
        -5.3964e-02, -1.6334e-03, -5.4167e-03,  7.6700e-03, -1.0920e-01,
        -1.8749e-02, -1.0095e-01,  8.6185e-04, -5.5570e-33,  2.3282e-02,
        -5.9199e-02, -6.4180e-03, -6.0250e-02,  6.5856e-02, -1.4290e-02,
        -9.2058e-03, -4.6698e-02,  9.6255e-02, -5.6545e-02,  2.2764e-02,
         4.6609e-02,  7.1422e-03, -7.5220e-03,  8.0937e-02, -3.5507e-03,
        -8.0115e-02, -2.7265e-02,  4.8190e-02,  3.5173e-02,  3.2121e-02,
        -6.3435e-03, -9.8900e-02,  2.5435e-03, -2.8998e-03, -1.8510e-02,
        -1.4529e-02,  9.1638e-02,  4.5935e-03,  2.3032e-03, -4.5879e-02,
        -1.6528e-03, -5.7628e-02, -2.5387e-02, -2.4922e-02,  2.5500e-02,
        -2.0699e-02, -5.3817e-03,  2.1109e-03, -4.7132e-02,  5.4488e-02,
         3.4120e-02,  2.4759e-02,  7.2772e-02, -1.2946e-02, -1.6574e-02,
         3.2872e-05, -7.5878e-02, -1.1005e-01,  4.9401e-02, -1.7080e-02,
         3.1227e-02, -8.5072e-02,  1.1822e-02,  7.0598e-03,  5.9600e-03,
         4.6515e-03, -3.7247e-03,  2.5150e-02, -3.4476e-02, -1.3299e-01,
         2.1006e-02, -2.0368e-02, -7.5785e-02, -6.0743e-02,  1.4786e-02,
        -5.2118e-02, -5.7800e-02,  4.8897e-02,  7.0202e-03, -2.9044e-03,
        -6.1814e-02,  2.0006e-02, -4.2235e-03, -9.9138e-03, -1.9136e-02,
        -1.3338e-02,  3.4459e-02,  2.5937e-02, -4.1734e-02, -5.5762e-02,
         1.2815e-03,  1.4391e-02,  1.9423e-02, -1.1955e-02,  7.4001e-02,
         4.2791e-02, -9.5772e-02,  3.2216e-02, -2.2530e-02,  5.5971e-02,
         1.2041e-02,  1.1681e-01,  7.4756e-02, -2.3763e-02, -6.1376e-08,
        -4.7484e-02,  3.7828e-02, -8.5853e-03,  1.8233e-02, -2.8563e-02,
        -7.9955e-02,  1.0925e-02,  4.3002e-02,  5.7856e-02, -4.5322e-02,
        -5.1771e-03,  4.0678e-02,  1.0102e-01, -6.1032e-03, -1.8518e-02,
         1.0099e-01,  2.0820e-02,  1.8220e-02,  5.0588e-02,  1.2376e-01,
         6.2290e-02, -1.0789e-02,  2.4646e-02,  7.2930e-02,  4.2154e-02,
         7.0975e-02,  4.0913e-02, -8.4090e-02,  6.7377e-02, -1.0482e-02,
         1.2960e-02,  4.8144e-02, -3.8049e-02, -4.1148e-02,  2.3496e-02,
        -2.6010e-03, -2.6316e-03, -1.3738e-02,  5.3700e-02, -6.4060e-03,
         4.3338e-02,  1.0142e-01,  2.1063e-02, -2.2197e-02, -9.6339e-03,
        -2.2646e-03, -3.6666e-02, -7.0933e-02,  2.5944e-02,  2.4773e-02,
         3.0753e-03,  4.8468e-02, -3.3236e-03,  1.2420e-01,  6.1396e-02,
        -6.3272e-02,  3.6533e-02, -6.1990e-03, -3.0221e-02,  2.7835e-02,
         4.7842e-02,  3.8932e-02, -6.4004e-02, -6.4296e-03], device='mps:0')"
Goodfellas,Photography,"The film was shot on location in Queens, Upstate New York, New Jersey and parts of Long Island during spring and summer 1989, with a budget of $25 million. According to Scorsese, shooting wrapped up in August 14. Scorsese broke the film into sequences and storyboarded everything because of the complicated style throughout. The filmmaker stated, ""[I] wanted lots of movement and I wanted it to be throughout the whole picture, and I wanted the style to kind of break down by the end, so that by [Henry's] last day as a wise guy, it's as if the whole picture would be out of control, give the impression he's just going to spin off the edge and fly out.""
He added that the film's style came from the opening scenes of Jules and Jim: extensive narration, quick edits, freeze frames and multiple locale switches. It is this reckless attitude toward convention that mirrors the attitude of many of the gangsters in the film. Scorsese remarked, ""So if you do the movie, you say, 'I don't care if there's too much narration. Too many quick cuts?—That's too bad.' It's that kind of really punk attitude we're trying to show."" He adopted a frenetic style to almost overwhelm the audience with images and information. He also put plenty of detail in every frame because he believed that the gangster life is so rich. Freeze frames were used for certain scenes because Scorsese wanted to highlight that ""a point was being reached"" in Henry's life.
Joe Pesci did not judge his character, but found that the scene in which he kills Spider hard to do until he forced himself to feel the way Tommy did. Bracco found the shoot to be an emotionally difficult one because of the male-dominated cast, and realized that if she did not make her ""work important, it would probably end up on the cutting room floor"". When it came to the relationship between Henry and Karen, Bracco saw no difference between an abused wife and her character.
According to Pesci, improvisation and ad-libbing came out of rehearsals wherein Scorsese let the actors do whatever they wanted. He made transcripts of these sessions, took the lines that the actors came up with that he liked best, and put them into a revised script from which the cast worked during principal photography. For example, the scene in which Tommy tells a story and Henry is responding to him—the ""Funny how? Do I amuse you?"" scene—is based on an actual event that Pesci experienced. Pesci was working as a waiter when he thought that he was making a compliment to a mobster by saying he was ""funny""; however, the comment was not taken well. It was worked on in rehearsals at which he and Liotta improvised, and Scorsese recorded four to five takes, rewrote their dialogue and inserted it into the script.
The dinner scene with Tommy's mother (portrayed by Scorsese's mother Catherine) was also improvised, with the only scripted line being ""Did Tommy tell you about my painting?"". Tommy's mother's painting of the bearded man with the dogs was painted by Nicholas Pileggi's mother and based on a photograph from the November 1978 edition of National Geographic magazine. The cast did not meet Henry Hill until a few weeks before the film's premiere. Liotta met him in an undisclosed city; Hill had seen the film and told the actor that he loved it.
The long tracking shot through the Copacabana nightclub came about because of a practical problem: the filmmakers could not get permission to go in the short way, and this forced them to go round the back. Scorsese decided to film the sequence in one unbroken shot to symbolize that Henry's entire life was ahead of him, commenting, ""It's his seduction of her [Karen] and it's also the lifestyle seducing him"". This sequence was shot eight times because Henny Youngman messed up his lines.
Henry's last day as a criminal was the hardest part of the film for Scorsese to shoot because he wanted to properly show Henry's state of anxiety and paranoia caused by cocaine and amphetamine use. In an interview with film critic Mark Cousins, Scorsese explained the reason for Pesci shooting at the camera at the end of the film: ""Well that's a reference right to the end of The Great Train Robbery...and basically the plot of this picture is very similar to The Great Train Robbery. It hasn't changed, 90 years later, it's the same story, the gun shots will always be there, he's always going to look behind his back, he's gotta have eyes behind his back, because they're gonna get him someday."" The director ended the film with Henry regretting that he is no longer a wise guy, about which Scorsese said that ""I think the audience should get angry at him and I would hope they do—and maybe with the system which allows this"".","tensor([ 1.7926e-03, -1.0596e-02,  3.4124e-03, -2.8853e-02,  1.1817e-01,
         6.6891e-02, -5.8423e-02,  4.5326e-02,  3.2503e-02,  6.4708e-03,
         2.9401e-02,  7.0823e-02, -3.4845e-02, -3.0408e-02,  6.4896e-03,
        -5.7841e-02,  6.0277e-03, -3.7688e-02, -4.5060e-02,  2.7212e-02,
         7.6052e-02, -7.2621e-02,  3.5431e-02,  5.4160e-02, -1.2432e-02,
        -3.1271e-03, -2.1076e-02, -6.2800e-02, -8.8430e-02,  3.9019e-02,
        -6.7588e-03,  9.9494e-02, -4.6558e-02, -2.2437e-02, -3.6010e-02,
         5.4935e-02,  6.3344e-02,  9.4899e-02,  2.9147e-02,  9.7542e-03,
        -6.2073e-02,  2.3864e-02,  1.7089e-02,  2.3024e-02,  3.7528e-02,
        -2.1835e-03,  3.9641e-03, -3.7889e-02,  1.3218e-02,  1.7023e-03,
        -1.0023e-01,  1.2450e-02,  3.8118e-02, -5.9824e-02,  3.6016e-02,
        -1.2608e-02,  1.7273e-02,  8.3354e-03,  1.0243e-01, -6.9760e-03,
        -2.6380e-02, -8.3284e-02,  9.2901e-03,  4.0795e-02,  1.2727e-01,
        -8.1452e-02, -2.1091e-02, -6.6931e-02, -6.8807e-02,  1.3111e-02,
        -2.5144e-02, -5.7740e-03, -5.3253e-02, -6.8214e-02, -4.8576e-02,
        -3.6398e-02,  7.0632e-03, -9.2505e-04, -5.8318e-02, -3.6173e-02,
         1.1321e-01, -7.3957e-02, -1.1581e-02,  1.5827e-02,  1.4694e-02,
         5.9715e-02,  3.5727e-02, -4.0713e-02,  2.8639e-02,  7.2464e-02,
        -4.8770e-02, -6.2036e-02, -4.1111e-02, -8.7405e-03,  5.6612e-02,
         2.3005e-04, -1.0390e-01,  3.9405e-02,  2.6131e-03,  7.0365e-03,
         7.6206e-02, -6.3004e-02,  4.2224e-02, -6.1823e-02,  9.8078e-02,
        -3.9317e-02,  9.0964e-02,  2.5002e-02, -7.9917e-02,  5.5133e-03,
        -4.4561e-02,  3.5075e-02,  2.5853e-02, -3.2558e-02,  6.4510e-02,
        -1.4533e-02, -2.3693e-02, -1.2642e-02,  2.1821e-03,  2.4681e-02,
         9.8271e-02, -4.2813e-02, -1.1817e-01,  2.1461e-02, -4.2793e-02,
         1.1162e-02,  5.6861e-02,  8.2118e-34,  4.8500e-02,  5.1072e-02,
         2.2307e-02,  2.4873e-02,  6.1604e-02, -3.5488e-02,  2.7392e-03,
         7.3472e-02, -5.3308e-02,  7.9937e-02, -5.4609e-02, -1.0072e-01,
        -8.1886e-02,  7.0796e-02,  4.7179e-02,  3.4646e-03, -3.7969e-02,
        -3.4595e-02,  2.1909e-02,  8.4225e-04, -5.0603e-02, -6.8875e-02,
        -1.3425e-02, -1.8578e-02, -7.9466e-02, -3.6623e-02, -2.7329e-03,
         3.8288e-02, -2.3984e-02, -1.8767e-03, -7.1409e-02,  7.6031e-02,
        -1.2155e-02,  1.5876e-02,  1.1070e-01, -6.4795e-02, -4.1726e-02,
        -4.7782e-02,  2.1581e-03,  4.7235e-02, -6.3406e-03,  8.3213e-02,
        -1.0699e-01,  5.2953e-02, -5.6581e-02,  6.9028e-02, -2.3504e-02,
         3.4252e-02, -1.1579e-01,  8.4734e-02,  6.7191e-02,  3.6153e-02,
         3.0418e-02,  4.1612e-02,  5.1085e-03,  6.5132e-02,  6.3806e-02,
        -1.1637e-01, -4.1416e-04,  5.8805e-02, -3.8771e-03,  8.4545e-02,
        -2.1047e-02,  4.4357e-02, -5.0816e-02,  7.1763e-02, -1.5801e-02,
         7.8612e-02,  2.9788e-03, -5.8403e-02, -5.7851e-02,  1.9469e-02,
        -4.7523e-02, -1.4426e-02,  4.9971e-02,  4.2600e-03, -3.7172e-02,
         3.7589e-02,  3.1012e-02,  2.7785e-02,  3.3958e-02,  3.9440e-02,
        -4.5460e-02,  4.0081e-03, -1.6831e-03, -5.3025e-02, -4.0936e-02,
        -4.7920e-02,  1.7798e-02,  1.3780e-02, -1.3006e-02, -1.1289e-01,
        -2.5071e-02,  4.7816e-02, -2.2095e-02, -2.7733e-33,  5.7036e-05,
        -4.0825e-02,  2.0981e-02, -4.3078e-03, -6.9691e-02,  1.2269e-02,
        -6.1096e-02,  5.9061e-02,  7.7721e-02, -5.8700e-02, -6.3606e-02,
        -1.8230e-02,  3.1938e-02,  1.4213e-03,  2.5606e-02, -5.7667e-02,
         3.0019e-02, -2.9416e-02,  7.6091e-03,  2.1649e-02,  1.6285e-01,
        -6.9917e-02, -1.7857e-02, -1.0071e-02, -7.1078e-03,  7.9322e-02,
        -6.4974e-03,  5.3728e-02, -5.3804e-02, -4.3992e-03, -1.2910e-02,
        -9.8699e-02, -9.2554e-04,  1.3502e-02, -7.8770e-02,  6.7210e-02,
         6.1537e-03,  3.4972e-02,  2.7780e-02, -2.0910e-02, -4.5710e-03,
        -1.5877e-02, -3.2121e-02,  4.7072e-02, -1.5919e-02, -2.3006e-02,
        -5.1516e-02,  3.8286e-02, -3.4531e-02,  3.0580e-02, -1.1816e-01,
         5.4326e-02, -2.2687e-02,  3.6011e-02,  3.4137e-02, -9.8102e-02,
        -6.0291e-02, -8.4616e-03, -8.9458e-03, -1.2064e-02, -5.4924e-02,
         3.2119e-02, -1.4283e-01, -8.2856e-02,  2.6973e-02, -4.9266e-02,
        -4.5237e-02, -7.9401e-02,  2.1609e-02,  8.1288e-04, -4.8533e-02,
        -5.2023e-02, -4.0614e-02,  3.4168e-02, -6.1037e-02, -4.6030e-03,
         9.5599e-03, -3.2718e-02,  1.1881e-02,  7.9843e-02, -6.7219e-03,
        -1.3839e-01,  2.9475e-02,  4.7097e-02, -8.9404e-03,  9.9180e-02,
         5.1646e-03, -2.7408e-02,  1.1251e-02,  4.0411e-02,  5.5149e-02,
         2.6126e-02,  6.9981e-02,  7.3663e-02, -3.9707e-02, -7.0373e-08,
        -2.0088e-02,  2.6356e-02,  1.8129e-02, -5.2720e-02,  1.9066e-02,
        -7.3505e-02,  2.4331e-02,  8.2270e-02,  7.6828e-02, -1.1270e-02,
        -1.6962e-02,  6.6666e-02,  4.3788e-02,  2.0099e-04, -9.3399e-02,
         4.8826e-02, -2.3020e-02,  2.9573e-03,  9.5965e-03,  1.0781e-01,
         5.3682e-02, -8.0320e-02,  3.4525e-02, -9.0436e-03,  2.4606e-03,
        -1.4642e-02,  1.6706e-02,  3.3685e-02,  1.6598e-02,  3.8896e-03,
        -5.6909e-02, -2.9359e-02, -8.0830e-03,  1.0974e-02, -7.2727e-02,
        -3.7752e-02, -1.6974e-02, -1.2833e-02,  7.6550e-02, -4.7064e-02,
         1.1293e-02,  3.3276e-02, -8.8494e-03,  3.0033e-02,  4.7624e-02,
         4.9934e-02,  1.8261e-02,  4.6926e-02, -3.9770e-02, -3.1587e-02,
        -1.6215e-02,  1.1129e-02, -4.7282e-02,  1.0247e-01,  8.6219e-02,
        -5.4749e-02,  1.3349e-02,  4.8371e-02,  8.8252e-03,  2.0638e-02,
        -6.6085e-02,  1.7384e-02, -1.2147e-01,  1.6397e-02], device='mps:0')"
Goodfellas,Post-production,"Scorsese wanted to depict the film's violence realistically, ""cold, unfeeling and horrible. Almost incidental"". However, he had to remove 10 frames of blood to ensure an R rating from the MPAA. Goodfellas was Scorsese's most expensive film to that point, but still a medium-sized budget by Hollywood standards.
It is also the first time that he was obliged by Warner Bros. to preview the film. At two preview screenings in California, audiences were ""agitated"" by the sequence depicting Henry's final day as a gangster, which Scorsese argued was his and editor Thelma Schoonmaker's intention. In the first test screening, forty audience members walked out in the first ten minutes. One of the favorite scenes for test audiences was the ""Funny like a clown? Do I amuse you?"" scene.","tensor([-1.4509e-02, -5.2928e-03, -6.6585e-02,  5.2925e-02,  8.8843e-02,
         6.1556e-02,  5.4777e-02,  1.2207e-02, -3.1186e-02, -6.3838e-02,
         2.1521e-02, -6.1557e-02,  1.9006e-02,  2.1881e-02, -5.6573e-02,
        -1.0608e-01,  4.8023e-02, -7.1822e-02, -4.5926e-02,  7.2243e-02,
        -2.8390e-04,  3.9775e-03,  3.8296e-02,  6.6279e-02, -2.0928e-02,
        -3.6022e-02, -1.3322e-02, -4.3115e-02, -6.9636e-02,  7.1799e-02,
        -1.5784e-02, -7.8534e-02,  4.5580e-02, -2.8835e-02,  1.0507e-05,
        -2.4040e-02,  3.0093e-02,  8.0174e-02,  2.0008e-02,  2.1210e-02,
        -4.8420e-02, -1.7777e-02,  1.9385e-03, -3.2227e-02, -1.4371e-02,
        -1.2115e-01,  5.6629e-03, -1.6967e-02,  2.3596e-02,  1.1296e-02,
        -6.7814e-02,  6.9544e-02,  1.0646e-02, -3.5241e-02, -1.2927e-03,
         3.6746e-02,  4.8315e-02, -4.2082e-03,  4.6841e-02,  5.0658e-02,
        -1.0780e-01, -4.0376e-02,  9.5716e-02,  4.6693e-02,  8.9517e-02,
        -3.3978e-02, -1.2051e-02, -5.0252e-02, -2.5449e-02,  9.2280e-02,
        -3.7638e-02,  1.7419e-02,  4.1358e-03, -3.9082e-02, -2.6785e-02,
         3.8833e-02, -1.6493e-02,  7.3567e-04,  2.6201e-02,  1.6402e-02,
         7.3164e-02, -1.0087e-01, -3.2066e-02, -3.3024e-02,  2.0122e-02,
         2.1885e-02,  1.4513e-02, -8.4005e-03, -2.6072e-02,  7.7217e-02,
         2.8625e-03,  4.7376e-03, -2.1693e-02, -2.5308e-02,  5.4458e-02,
        -8.1328e-02, -2.3307e-02,  2.4182e-02, -1.2855e-02,  4.6262e-02,
         5.4403e-02, -7.6962e-02,  5.2410e-03, -1.7828e-02, -1.0698e-03,
        -3.2370e-03,  2.7139e-02, -2.8972e-02, -7.3420e-02, -4.0294e-03,
        -5.5850e-02,  3.7041e-02,  1.1296e-01, -6.7954e-02,  7.5949e-02,
        -9.5797e-03, -1.5749e-02,  2.6394e-03, -1.0418e-02,  4.8140e-04,
         1.1062e-01, -2.1196e-02, -4.9769e-02,  3.8850e-02, -2.5663e-02,
        -2.1095e-02,  3.8983e-02, -1.4064e-34,  1.6484e-02, -3.6640e-02,
         1.5191e-02,  1.4370e-02,  4.7629e-02,  4.2099e-02, -2.4823e-02,
         8.0689e-02, -4.6450e-03, -1.8169e-02,  4.2860e-02, -6.2092e-02,
        -4.6447e-02,  6.2973e-02, -5.8277e-02,  2.3659e-02, -4.4778e-02,
        -5.4335e-04,  9.0024e-03, -6.9253e-03, -7.1686e-02, -1.2196e-02,
        -6.3843e-03, -5.7690e-02, -7.7021e-02, -5.6155e-02, -1.6287e-02,
         3.5254e-02,  5.5410e-02,  1.1419e-02, -6.1322e-02,  6.3845e-02,
         4.4290e-02, -1.3662e-02,  9.7789e-02, -9.7512e-03, -9.9782e-03,
         1.4927e-02, -4.3593e-02, -7.3852e-03,  4.4501e-02,  1.1824e-01,
        -5.4917e-02, -8.1563e-03, -7.3523e-02,  6.4910e-02, -2.0802e-02,
         4.6121e-02, -9.7370e-02,  1.7845e-02,  6.5444e-02,  3.6181e-02,
         6.9629e-02,  2.0986e-02,  1.2819e-03,  2.6326e-02,  8.0158e-02,
        -9.3897e-02, -6.3170e-03,  2.9132e-02, -3.4060e-02,  1.0995e-01,
        -1.4524e-02, -2.5112e-02, -8.6495e-02,  1.3897e-02, -5.2339e-02,
         1.6958e-02, -3.3956e-02, -4.2002e-02,  3.0155e-02,  6.6888e-02,
        -3.6681e-02, -3.8562e-02, -3.8636e-02, -1.6100e-02, -5.2270e-02,
         9.0903e-02, -3.1528e-02, -7.3024e-02,  6.5835e-02, -1.3723e-02,
        -3.7116e-02, -3.7640e-02, -3.2616e-02, -1.0441e-01,  3.0324e-02,
        -6.1247e-02, -9.5685e-03, -7.5619e-03,  4.5614e-02, -8.8337e-02,
         2.6595e-02, -7.5891e-03,  1.3892e-02, -2.3603e-33,  5.0375e-02,
        -7.3450e-02, -5.3512e-03,  6.1936e-02, -1.1513e-02, -2.0925e-02,
        -8.1282e-04,  3.3756e-02,  7.0281e-02, -3.9238e-02, -3.0930e-02,
        -4.4282e-02,  2.9479e-02, -4.8676e-02,  1.1982e-01, -5.8726e-02,
         5.3673e-02, -1.9253e-02,  1.6020e-02,  9.7789e-03,  7.9888e-02,
        -4.8377e-02,  3.1889e-02, -3.9485e-02, -1.8667e-03,  2.5939e-02,
        -5.2366e-02,  2.0307e-02, -7.1905e-02, -2.1060e-02, -3.8246e-02,
        -4.9067e-02, -2.3830e-02,  1.7470e-02, -3.4044e-02,  2.4702e-02,
         5.1862e-03, -4.1291e-02,  1.1298e-02, -9.6908e-03,  7.7579e-03,
         4.1687e-02,  5.0104e-03,  1.0748e-01, -2.8535e-02,  5.3935e-02,
        -7.7101e-02, -3.0323e-03, -2.8408e-02,  1.1642e-02, -1.4170e-01,
         9.1116e-03, -4.4179e-02,  2.1100e-02,  3.8270e-02, -7.2146e-02,
        -4.2670e-02, -4.0016e-02, -1.2011e-02,  4.4463e-03, -5.9018e-02,
         1.1960e-02, -1.8376e-01, -5.9008e-02,  6.3955e-03, -6.7992e-02,
        -3.9354e-02,  1.0242e-02,  2.8819e-03, -4.6645e-02, -2.6506e-02,
        -6.4534e-02,  1.3663e-02,  3.7339e-02, -2.8810e-02,  1.2971e-03,
        -3.3535e-02,  4.9406e-02,  2.9110e-02,  7.9040e-02,  3.1752e-03,
        -8.3732e-02,  4.5396e-02,  4.6093e-02, -3.5985e-02,  5.2600e-02,
         8.7474e-02, -2.5062e-02, -5.0527e-02,  9.1420e-02,  7.3696e-02,
         4.0795e-02,  1.3040e-01,  5.2149e-02,  8.6285e-02, -5.5901e-08,
        -6.3500e-02, -5.0656e-02,  2.2710e-02, -7.9030e-02,  1.6636e-02,
        -8.0250e-02, -7.0656e-02,  3.9706e-02,  5.1100e-02, -3.0301e-02,
         9.4316e-03, -1.0299e-02,  4.1564e-02,  1.0708e-02, -1.1364e-01,
         9.0625e-03,  1.3886e-02,  8.0550e-03,  1.4267e-02,  5.3323e-02,
        -1.8594e-02, -8.6216e-03,  9.9972e-03, -3.3048e-02,  1.2073e-02,
         8.6272e-02,  5.0629e-02, -9.7314e-03, -3.1038e-02,  5.8825e-02,
        -3.0671e-02, -7.7127e-02, -7.0109e-02, -4.4366e-02, -3.5859e-02,
         1.2139e-02, -3.6957e-02, -1.8402e-02,  8.4787e-02, -4.6742e-02,
         5.7518e-02,  5.6632e-02,  1.9357e-02, -4.5556e-03,  7.2093e-02,
         4.0326e-02, -9.0127e-02,  3.0304e-03, -1.5063e-02, -6.4905e-02,
        -4.2317e-02, -3.9439e-03, -3.3702e-02,  5.5802e-02,  7.8954e-02,
        -9.4410e-02,  2.9194e-02,  1.5734e-01, -8.5152e-02,  2.2417e-02,
         9.3266e-02,  1.1863e-01, -8.0365e-02,  2.9722e-02], device='mps:0')"
Goodfellas,Soundtrack,"Although there is no incidental score in the film, Scorsese chose songs for the soundtrack that he felt obliquely commented on the scene or the characters. In any given scene, he used only music contemporary to or older than the scene's setting. According to Scorsese, many of the non-dialogue scenes were shot to playback. For example, he had ""Layla"" by Derek and the Dominos playing on the set while shooting the scene in which the dead bodies are discovered in the car, dumpster and meat truck. Sometimes, the lyrics of songs were inserted between lines of dialogue to comment on the action. Some of the music Scorsese had written into the script, while other songs he discovered during the editing phase.","tensor([-4.3383e-03, -3.8189e-02, -5.8618e-02, -6.5990e-03,  6.8449e-02,
         1.0714e-01,  7.0958e-03, -3.6095e-02,  5.7584e-02, -1.0365e-01,
        -1.3698e-02,  1.6535e-03,  2.7588e-02, -6.9653e-02, -2.3698e-02,
        -4.9711e-02,  1.5855e-02, -3.4446e-02, -2.1175e-02, -1.9751e-02,
        -1.6541e-02,  5.4631e-02,  7.7575e-02,  2.1512e-02,  5.0307e-02,
         1.0174e-02, -1.6676e-02,  1.4167e-02, -6.3281e-02,  8.7210e-02,
         5.2680e-02,  1.0449e-01,  5.0637e-02, -5.3794e-02, -4.9788e-02,
        -1.0304e-03, -2.0646e-03,  2.6638e-02,  2.4637e-02, -2.6030e-02,
        -2.5604e-02,  5.5092e-02,  4.8365e-03, -3.1592e-02, -3.5317e-02,
        -5.8606e-02, -1.3587e-01, -7.8772e-02, -1.4133e-02,  2.9333e-02,
        -4.5789e-02,  4.2743e-02,  3.3216e-02, -1.9851e-02, -6.2652e-02,
        -2.2415e-02,  3.4446e-02,  1.3730e-02,  7.6402e-02, -2.8563e-02,
        -3.2469e-02, -1.0721e-01,  6.5386e-02, -1.0253e-02,  6.7641e-02,
        -4.8902e-02, -2.0641e-02, -8.2585e-02, -5.9495e-02,  7.6833e-02,
        -3.5010e-03,  6.9198e-02,  3.6248e-02, -3.7779e-02, -4.7674e-02,
        -8.2100e-02,  6.3422e-03, -6.1785e-02, -8.7089e-02, -8.8589e-02,
         9.2750e-03, -6.9080e-02, -3.5404e-02, -3.7463e-02,  5.4787e-04,
         6.1335e-02,  8.0532e-03, -9.4872e-03, -2.4163e-02,  1.0276e-01,
        -6.0463e-02, -1.5395e-01, -4.6376e-02, -6.1751e-03, -9.0561e-03,
         1.9139e-02, -2.4615e-02,  2.3485e-02,  7.6724e-02, -5.2279e-02,
         9.7365e-03, -2.3817e-02,  2.4435e-02, -9.7402e-03,  3.2494e-02,
         3.8840e-02,  4.3022e-02,  5.6769e-02, -6.1838e-02, -1.9151e-02,
        -4.2788e-02, -2.7240e-03,  7.6665e-02, -3.0188e-02,  6.8535e-02,
        -4.4638e-03,  4.8221e-02, -8.9067e-02, -4.3491e-02,  1.1235e-02,
         3.7840e-02, -4.0606e-02, -8.8043e-02, -1.4540e-02, -7.2348e-02,
        -1.3323e-02,  3.1649e-02, -1.1995e-34,  9.1413e-02, -8.4946e-02,
         5.2850e-02,  1.4004e-02,  4.8539e-02,  9.1920e-03, -2.5350e-02,
         7.3252e-02,  4.9575e-02,  1.5886e-02, -6.5709e-02, -1.0503e-01,
         1.8720e-02,  5.2067e-02,  2.5151e-02,  2.1701e-02, -7.7087e-02,
        -2.0065e-02,  3.6846e-02, -1.6393e-02, -3.8932e-03,  3.4099e-02,
         2.4132e-02, -8.0690e-03,  3.5730e-02, -3.9392e-02,  4.1540e-02,
        -4.9273e-02,  5.8219e-03, -2.2207e-02, -9.7015e-02,  1.7992e-02,
         6.9482e-02,  1.4969e-02,  5.5543e-02,  7.7125e-02, -8.1347e-02,
         6.5575e-02, -2.4912e-02,  3.5377e-02,  7.3345e-02,  2.9810e-02,
        -7.6795e-02, -3.6158e-02, -1.1778e-01,  6.2814e-02, -2.8306e-02,
         1.0102e-01,  1.4291e-02,  5.8373e-02,  3.3799e-02,  1.0886e-01,
         6.2222e-02,  2.5552e-03,  4.9415e-02,  7.3184e-02,  5.6322e-02,
        -9.9447e-02,  2.1778e-02, -8.2388e-04,  1.9244e-02,  4.8935e-02,
         5.8332e-02, -5.7625e-02,  8.8106e-03,  1.5409e-01, -1.4354e-02,
        -5.9099e-02,  7.0955e-02, -7.1081e-02, -1.0005e-01,  2.6941e-02,
        -4.7757e-02,  2.5348e-02,  1.9047e-02,  9.5188e-04, -6.1168e-02,
        -9.5192e-03,  3.0677e-02,  3.8815e-02,  2.4943e-02, -3.9428e-03,
        -4.3460e-02,  8.3052e-02,  2.4545e-02, -2.8016e-02, -4.4933e-02,
        -3.5767e-02,  1.2138e-02, -3.6590e-04, -2.6913e-02, -5.1283e-02,
        -1.0351e-01, -6.3650e-02, -7.9860e-03, -3.3600e-33, -2.1351e-02,
         5.6272e-03, -1.8480e-02,  4.1785e-02, -4.9334e-02,  5.0893e-02,
        -4.4573e-02,  1.1373e-02,  1.0789e-01, -4.1411e-02, -3.2901e-02,
        -2.6772e-02, -1.4285e-03, -5.6168e-02,  1.4643e-02, -2.2187e-02,
        -4.2223e-02,  5.6199e-02,  4.5671e-02,  2.2789e-02,  3.8277e-02,
        -5.5520e-02,  5.7691e-02, -3.7533e-02, -5.0559e-03, -3.5440e-02,
        -2.0636e-02,  3.7779e-02, -2.1873e-02, -5.5217e-02,  6.7059e-02,
        -4.4863e-02, -5.5247e-02, -5.8020e-02, -1.7855e-02, -3.8839e-02,
         8.8408e-03,  1.6831e-02, -2.5191e-02,  2.5077e-03,  6.3907e-02,
         5.9037e-02, -8.9576e-03,  1.0139e-01,  1.1865e-02, -5.1110e-02,
        -1.0698e-01,  3.7773e-02, -7.2738e-03,  2.6533e-02, -6.6794e-02,
        -5.6584e-02, -3.4736e-02, -1.1865e-02,  3.1127e-02, -4.9486e-02,
        -7.4076e-03, -5.0648e-02,  1.4370e-02,  1.6227e-02, -1.0553e-02,
         2.9910e-02, -6.9385e-02, -7.9053e-02,  7.4240e-03,  5.2050e-03,
         3.6886e-02, -2.5622e-02,  4.2925e-02, -3.0576e-02,  2.1388e-02,
        -1.0667e-01, -1.7603e-02,  5.2660e-02, -5.0113e-02, -8.4705e-03,
        -1.2741e-01, -2.0916e-02, -3.9227e-02,  9.5381e-03,  6.6615e-02,
        -1.1062e-01,  7.3977e-02,  5.5673e-02,  4.9742e-02,  1.1104e-01,
         4.6421e-03, -1.1405e-01, -2.1394e-02,  3.0250e-02,  4.8590e-02,
         7.0104e-02,  9.9128e-02,  4.4109e-02, -2.9524e-02, -4.8248e-08,
        -9.2449e-02,  2.2543e-02,  1.5382e-02, -1.4443e-02, -1.6194e-02,
        -8.7418e-03, -4.8832e-04, -2.9754e-02,  2.9819e-02, -2.1590e-02,
         5.4352e-03, -2.1281e-02, -7.4091e-03, -2.9777e-02, -8.8259e-02,
         2.2391e-02,  4.4413e-02,  1.2322e-02, -8.9679e-03,  2.9709e-02,
         2.9248e-02,  2.7182e-02, -3.2822e-02, -4.5680e-02,  1.6082e-02,
         7.9360e-02,  9.2176e-02, -2.4500e-02,  1.9603e-02, -1.6561e-03,
         1.8369e-02, -4.1969e-02,  6.8594e-02, -2.8566e-02,  4.8077e-03,
        -1.7301e-02,  3.9787e-02, -4.9057e-02, -3.6133e-03, -5.9110e-02,
         3.9103e-02,  4.8152e-02, -4.4685e-02, -3.1819e-02,  4.4532e-02,
         3.6706e-02, -8.2439e-05, -2.6469e-03, -3.9938e-02, -5.0792e-03,
        -4.5552e-02,  3.9277e-02, -2.4714e-02,  8.8631e-02,  1.2900e-01,
        -1.3663e-02,  4.0791e-02,  6.7167e-02,  3.9913e-03, -1.1133e-03,
        -6.9976e-03,  1.2304e-01, -3.1035e-02,  1.1422e-03], device='mps:0')"
Goodfellas,Theatrical,"Goodfellas premiered at the 47th Venice International Film Festival, where Scorsese received the Silver Lion award for best director. It was given a wide release in North America on September 21, 1990.","tensor([-2.0842e-02,  3.7934e-03, -3.5859e-02,  4.9367e-02,  6.7622e-02,
         1.0063e-01, -1.0036e-01,  1.6004e-02, -7.3101e-02, -3.2464e-02,
        -9.3739e-03, -1.8052e-02,  5.0576e-04,  1.1189e-01, -4.7402e-02,
        -3.4777e-02,  3.8807e-03, -2.2501e-02,  8.8863e-03, -7.5269e-02,
         2.9283e-02,  2.1908e-02, -1.1661e-02,  3.9341e-02, -4.6505e-02,
        -5.7207e-02, -1.7673e-02, -8.2853e-02, -1.0517e-01,  1.1577e-01,
        -7.0215e-02, -4.7150e-02, -3.8359e-02, -3.4829e-02, -7.1152e-02,
        -8.5524e-03, -3.1084e-02,  2.7663e-02, -1.8048e-02,  1.3321e-02,
        -6.9978e-02,  2.3429e-03,  8.7353e-03, -4.4129e-02, -3.2333e-02,
        -1.1395e-01,  1.3372e-02, -6.5829e-02, -5.1750e-02,  4.8608e-02,
        -7.8745e-02,  6.5345e-02, -1.8408e-02, -6.0440e-02,  3.4059e-02,
         1.5346e-02,  1.9569e-02, -5.5438e-02, -8.3451e-03, -4.5488e-02,
        -2.0012e-03, -6.0339e-02, -1.1620e-02, -3.8723e-02,  5.8503e-02,
         3.0816e-02, -3.3164e-02,  6.6018e-03, -6.9998e-02,  2.6904e-02,
         5.7765e-02,  4.4768e-02, -1.2027e-02, -7.1101e-02,  1.5836e-03,
         4.4572e-02,  4.8309e-03,  4.2551e-02, -2.6665e-02, -1.4761e-02,
         6.3035e-02, -4.0135e-02, -3.6248e-02,  2.5706e-02,  7.4704e-02,
         4.1311e-02, -1.9883e-03,  1.9722e-02, -1.9286e-02,  4.1926e-02,
         3.9153e-02,  1.2233e-02, -5.0117e-02,  4.5544e-02, -5.9187e-02,
        -9.1707e-02, -1.4969e-02,  3.2689e-02,  1.1280e-02,  8.9304e-03,
         3.5004e-02, -6.9642e-02, -6.4343e-02, -3.6904e-02,  1.0579e-01,
         7.2488e-02,  1.1077e-01,  8.9727e-03, -7.2818e-02,  2.2594e-02,
         1.4603e-02,  5.7015e-02,  3.1632e-02,  2.7279e-02,  3.8268e-02,
         9.8832e-03, -4.4769e-02, -2.1508e-02, -3.6644e-02, -1.0234e-02,
         5.9597e-02,  1.7289e-02, -6.3582e-03, -1.2831e-02, -7.1749e-02,
        -1.7290e-02,  3.3455e-02, -5.9829e-34, -8.0767e-03, -4.0352e-02,
         5.4144e-02,  1.8011e-03,  8.3533e-04,  3.0737e-02, -4.7325e-02,
         7.3223e-02, -1.5511e-03,  4.5800e-03, -5.1560e-02, -5.5275e-02,
        -8.6056e-02, -3.9994e-02, -7.3837e-02, -3.6134e-02,  2.1238e-02,
        -2.1093e-02,  3.6790e-02,  1.4474e-03, -5.9217e-02, -1.8115e-02,
        -1.8402e-02, -1.1214e-01, -2.1300e-02, -6.8799e-02, -1.6925e-03,
         1.5352e-02,  3.7322e-02, -4.5027e-03, -1.5139e-02,  1.5185e-02,
         5.2356e-02, -2.9284e-03,  1.1044e-01, -8.9674e-03, -4.4901e-02,
         3.0052e-02, -1.6557e-02, -2.2550e-02,  1.0004e-01,  7.8585e-02,
        -5.9070e-02, -1.8239e-02, -7.6063e-04,  7.8869e-02, -5.1541e-02,
         1.4879e-03,  1.3388e-02,  3.2006e-02, -8.8725e-03, -2.2440e-02,
         2.4885e-02,  6.7752e-02, -8.6647e-03,  4.1310e-02,  4.5639e-02,
        -7.4293e-02, -1.1445e-02,  8.9620e-03, -3.2098e-03,  9.0659e-02,
         5.4457e-03, -6.0501e-02, -6.3131e-02,  2.1425e-02,  3.8518e-02,
        -3.3082e-02, -2.2598e-02, -7.0851e-02,  5.9339e-02,  1.1160e-01,
         1.5889e-02, -2.0073e-04,  2.0944e-02, -8.4648e-03, -6.4955e-02,
         7.4620e-02, -2.1857e-02,  5.9012e-02,  9.3046e-03,  9.6416e-02,
         3.9189e-03, -7.0327e-03,  1.2581e-02, -2.2456e-02, -3.7841e-02,
         1.1775e-02,  4.6481e-02, -2.9048e-03,  4.7923e-02, -2.4776e-02,
        -5.3793e-03, -9.8870e-03,  3.8853e-02, -1.4908e-33,  3.9558e-02,
        -7.2025e-02,  8.9913e-02, -6.1191e-03, -2.4400e-02,  1.9065e-02,
        -1.1787e-01,  4.2966e-02,  8.7516e-03,  2.7389e-02,  5.8878e-03,
         4.9242e-02,  8.5158e-02, -6.2646e-02,  8.0851e-02, -3.1159e-02,
         1.6268e-02,  2.4759e-02,  4.8715e-02, -4.0098e-02,  8.1974e-02,
        -4.8318e-02,  5.4559e-03, -5.0773e-02,  8.7849e-02, -1.9006e-02,
        -2.0136e-02,  5.7323e-02, -1.1447e-01, -3.8579e-02, -2.9541e-02,
        -3.9077e-02, -8.9016e-02,  8.4230e-02, -2.6144e-02,  2.8324e-02,
         2.4740e-02, -4.8832e-02,  4.2253e-02,  3.9708e-03,  1.0413e-03,
         3.2233e-02, -2.9901e-02,  1.6555e-01, -4.7618e-02,  4.4396e-02,
        -8.7868e-02,  6.0734e-02,  9.3564e-03, -3.3893e-02, -1.0882e-01,
        -2.9061e-02, -1.5362e-03, -2.6461e-02,  9.6324e-02,  1.4997e-02,
        -2.1286e-02, -3.0485e-02,  5.9757e-02,  4.3340e-02, -6.4161e-02,
         2.8733e-02, -1.2863e-01, -7.7776e-02, -3.1618e-02, -5.5181e-02,
        -3.1494e-02,  4.7906e-02,  1.2937e-02, -2.7908e-02, -4.1018e-03,
        -2.9692e-02, -8.0843e-02,  6.1913e-02, -7.7119e-02,  2.7454e-02,
         2.3610e-02,  3.6791e-02,  2.5221e-02,  2.2005e-02,  7.2397e-02,
        -3.5444e-02,  5.6538e-02,  7.1700e-02, -1.8134e-02,  6.7141e-04,
         1.2881e-01, -4.8488e-02, -1.3213e-02,  6.5435e-02,  1.2610e-02,
         3.9090e-02,  9.0690e-02,  4.0847e-02,  6.4494e-02, -3.1683e-08,
        -4.4227e-02,  2.0579e-02, -5.9226e-02, -6.1397e-02, -5.7543e-02,
        -6.0400e-02, -8.2863e-02,  5.8388e-02,  1.0361e-01, -3.1931e-02,
        -8.9239e-02, -6.2500e-02, -5.2820e-02,  1.3064e-02, -8.0991e-02,
        -6.2225e-03,  4.5564e-02,  7.8736e-02,  5.3451e-02,  6.2086e-02,
         4.4423e-02,  1.7445e-03,  5.1088e-02, -7.3813e-02, -1.7271e-02,
        -8.2822e-03,  1.8175e-03, -9.4840e-02, -1.2317e-02,  2.9030e-02,
         1.2400e-04, -5.0217e-02, -3.1667e-02, -1.7450e-02,  4.8040e-02,
         1.9244e-02, -5.5771e-02, -8.7781e-04,  6.2545e-02, -7.0361e-02,
         8.0961e-02,  1.4408e-01, -3.6499e-02, -5.0378e-02,  3.0811e-02,
         3.7581e-02, -4.6616e-02,  1.2434e-02, -2.1092e-02, -3.1666e-02,
         4.9520e-03,  2.3961e-02,  3.5096e-02, -5.0069e-02,  6.8734e-02,
        -5.0707e-02,  1.0148e-01,  4.2735e-02, -2.0686e-03,  4.7913e-02,
         3.7063e-02,  5.3235e-02, -5.5795e-02,  7.6574e-02], device='mps:0')"
Goodfellas,Home media,"Goodfellas was released on DVD in March 1997, in a single-disc, double-sided, single-layer format that requires the disc to be flipped during viewing. In 2004, Warner Home Video released a two-disc, dual-layer version, with remastered picture and sound, and bonus materials such as commentary tracks.
In early 2007, the film became available on single Blu-ray with all the features from the 2004 release; an expanded Blu-ray version was released on February 16, 2010, for its 20th anniversary, bundled with a disc with features that include the 2008 documentary Public Enemies: The Golden Age of the Gangster Film. On May 5, 2015, a 25th anniversary edition was released. The film was released on 4K Ultra HD Blu-ray on December 6, 2016. The 25th anniversary release and subsequent releases include a Merrie Melodies and Looney Tunes collection with the shorts I Like Mountain Music (1933), She Was an Acrobat's Daughter (1937), Racketeer Rabbit (1946) and Bugs and Thugs (1954).","tensor([-8.0340e-03,  5.6257e-03, -2.1664e-02, -3.1624e-02,  1.4130e-02,
         9.9103e-02, -3.6888e-02,  5.4312e-02, -2.4717e-02,  2.6350e-02,
         3.6506e-02,  2.1692e-02,  5.8260e-02,  4.7142e-02,  2.6474e-02,
         4.8513e-02,  5.2304e-02,  8.8914e-03,  5.3463e-02, -5.3022e-02,
        -1.3631e-02, -2.9970e-02, -7.6243e-03,  8.5054e-02, -8.2696e-02,
        -3.7300e-02, -2.0856e-02, -3.5197e-02, -1.3988e-01,  2.6873e-02,
        -1.0933e-02, -3.0446e-02,  2.9485e-02, -1.2826e-02, -5.9688e-03,
        -6.2818e-02, -6.3779e-03,  3.0348e-02, -4.8078e-02,  2.2975e-02,
        -3.7873e-02, -9.9370e-03, -6.1780e-02, -3.7315e-02, -5.0257e-02,
        -9.8711e-02, -3.3800e-02, -3.2673e-02,  2.7553e-02,  1.4263e-02,
        -1.5979e-02,  6.9614e-02, -2.1038e-02,  3.9315e-02,  3.2867e-02,
        -2.3525e-03, -1.3866e-02,  3.1402e-03,  7.2063e-02,  1.8889e-02,
        -3.2550e-02, -9.5835e-02, -1.9942e-02, -4.1029e-02,  2.7822e-02,
        -1.0244e-02,  2.4052e-02,  3.7362e-02, -1.6597e-02,  1.2384e-04,
        -1.6189e-02,  1.0117e-01, -2.6311e-02, -1.2833e-02, -1.3533e-02,
        -2.0235e-02, -2.0505e-02,  7.6387e-03, -4.1060e-02, -1.0944e-01,
         3.6909e-02, -3.6481e-04,  3.3314e-02, -3.5483e-02,  8.7649e-03,
         4.7294e-03,  2.2855e-02,  4.1372e-03, -3.8593e-02,  1.2884e-02,
        -4.1002e-04,  3.4639e-02,  2.3734e-02,  2.6273e-02,  4.5806e-02,
        -1.5840e-01,  4.2575e-02, -2.9353e-02,  2.6204e-02,  3.1581e-02,
         5.6812e-02, -1.1939e-01,  1.1122e-02, -6.2017e-02,  9.6284e-02,
         3.4138e-02,  1.4803e-01,  3.1594e-02, -1.8568e-02, -1.2834e-02,
        -1.7947e-02,  2.2169e-02,  6.7369e-02, -1.2180e-03,  7.1270e-02,
        -4.1904e-02, -2.5905e-02,  8.8870e-03, -4.1643e-02, -7.4800e-02,
         9.7983e-02, -3.7695e-02,  6.9900e-02,  7.1038e-05, -6.3056e-02,
        -4.4585e-02,  1.3817e-03, -1.6568e-33, -1.0731e-03,  2.6648e-02,
        -7.0095e-02,  1.0437e-02,  5.4223e-02, -6.3288e-03,  1.8848e-02,
         3.0894e-02, -6.0602e-02,  6.5272e-02, -1.5223e-03, -4.6922e-02,
        -7.4461e-02, -2.6752e-02,  6.5194e-02, -2.2539e-02, -1.7863e-02,
         1.9158e-02,  5.8272e-02,  2.8722e-02, -8.9476e-02, -6.7197e-03,
        -2.3177e-02, -2.9030e-02, -2.6618e-02, -5.5332e-02,  4.9508e-03,
        -2.6327e-02,  2.6641e-02, -5.6908e-04, -3.2172e-02,  5.6187e-02,
         5.2174e-02, -9.6573e-02,  1.2019e-01, -6.4225e-02, -7.8046e-02,
         4.2374e-02, -4.5000e-02, -1.7119e-02,  5.7181e-02,  5.6284e-02,
        -3.3731e-02,  3.5089e-03,  2.3488e-03,  1.6087e-02,  1.0247e-02,
         4.9526e-02, -4.8975e-02,  7.0256e-02,  8.2356e-03,  3.4643e-02,
        -5.3840e-02,  3.6845e-02, -1.1911e-01,  3.2836e-02,  8.3141e-03,
        -6.7048e-02,  3.0064e-02, -9.0535e-03,  1.4846e-01,  1.0973e-01,
         8.3568e-03, -1.1016e-01, -9.4052e-02,  2.6819e-02,  2.5523e-02,
         6.7290e-02, -1.4175e-02, -4.2365e-02,  4.7458e-02, -3.0820e-02,
         9.6978e-04, -7.0044e-02,  9.3517e-02, -4.2955e-02, -3.0685e-02,
         5.1290e-02, -4.9368e-02, -9.8218e-02, -2.1135e-02,  5.4888e-02,
         2.8602e-02, -4.1982e-02, -1.7559e-02, -2.7863e-03,  4.7957e-02,
        -5.5669e-02,  3.6090e-02, -7.6046e-04,  1.5757e-02, -6.8612e-02,
         1.5962e-02,  6.2424e-02,  5.4237e-02,  1.5176e-33,  1.1131e-01,
        -8.2089e-02,  7.1712e-02, -4.7085e-02,  3.5514e-02,  5.2920e-03,
        -8.4228e-02,  1.0951e-01,  1.0433e-02, -1.0639e-02,  2.0642e-02,
         5.2771e-02, -5.2312e-02, -1.4347e-02,  1.1814e-01,  1.3085e-02,
        -1.6807e-03,  1.6245e-02, -1.8235e-02, -6.2597e-02, -2.7110e-02,
        -5.4925e-02,  3.5572e-02,  3.2532e-02,  1.3226e-01,  4.1009e-02,
         1.6751e-02,  8.5667e-02,  4.7742e-02,  3.0806e-02, -2.0041e-02,
        -4.0932e-02, -2.6770e-02, -1.1992e-02, -6.7552e-02, -3.8338e-02,
         4.9109e-02, -1.0769e-01, -4.8468e-03, -5.3425e-02, -6.8288e-02,
         3.1939e-02, -4.1604e-02,  7.8115e-02, -9.9173e-03,  1.0167e-01,
         6.0856e-02,  1.1446e-01,  1.0709e-02, -1.9068e-02, -1.4509e-02,
         1.2675e-02,  2.6831e-02,  2.2107e-02, -3.5299e-03, -7.6248e-02,
        -6.7983e-02,  2.4398e-02,  1.0168e-02, -2.5969e-02, -3.4535e-02,
        -2.0393e-03, -9.9363e-02, -9.2281e-02, -2.7853e-02, -5.0413e-02,
        -5.1760e-03,  2.2341e-02, -3.7917e-02,  1.8238e-02, -5.0595e-02,
        -1.7868e-02, -1.5707e-02, -1.6242e-02, -4.5354e-02,  1.0781e-02,
        -6.8005e-04,  9.8099e-03, -2.4252e-03,  1.0185e-02, -1.8261e-02,
         2.3614e-02,  3.1859e-02,  7.4657e-02,  2.7878e-03,  4.9790e-03,
         1.1512e-01,  1.9596e-02, -6.0588e-02,  9.5059e-02,  5.2542e-02,
        -3.2483e-02,  3.0563e-02,  9.5625e-02,  5.9633e-02, -5.5899e-08,
         3.2260e-02,  2.7553e-02, -3.5668e-02, -8.2697e-02,  1.0427e-02,
        -1.0884e-02, -6.0521e-02,  3.7985e-02,  8.6676e-02, -5.7697e-02,
        -2.0387e-02,  1.9360e-02, -8.3841e-03,  1.8434e-02, -9.8022e-02,
         6.4489e-02,  6.7446e-02,  1.4779e-02, -1.6136e-03,  8.8326e-02,
         1.5916e-02, -2.3271e-02,  1.4450e-01,  8.9763e-03, -5.3862e-02,
        -5.3109e-02, -3.3187e-03, -1.1725e-01, -4.3720e-02,  2.6659e-02,
        -1.8967e-02,  4.2473e-02, -8.3925e-02, -4.3318e-02,  1.0390e-01,
         2.2775e-04, -2.9974e-02,  6.6805e-02,  3.3607e-02, -2.4267e-02,
         6.4150e-02, -5.1306e-03,  1.2110e-02, -1.4569e-02,  5.6553e-02,
        -1.7068e-02, -4.3857e-02, -7.6152e-02, -3.5367e-02, -9.4626e-03,
         3.0783e-04,  3.8102e-02,  4.0347e-03,  5.7114e-03,  3.3231e-02,
        -2.2707e-02,  1.8442e-02,  5.8416e-02, -2.9143e-03,  1.9717e-02,
         9.3784e-02, -4.3056e-02,  7.3551e-02, -1.9983e-02], device='mps:0')"
Goodfellas,Box office,"Goodfellas grossed $6.3 million from 1,070 theaters in its opening weekend, topping the box office. In its second weekend, the film made $5.9 million from 1,291 theaters, falling just 8% and finishing second behind newcomer Pacific Heights. It went on to make $46.8 million domestically.","tensor([ 2.7772e-02, -6.0034e-02, -1.4545e-02,  7.4638e-02, -2.7539e-02,
         7.0305e-02, -4.9100e-02,  4.9254e-02, -2.0475e-02,  2.9437e-02,
        -1.4837e-02, -5.0842e-02,  6.4578e-02,  4.1066e-02, -5.9980e-02,
         1.8536e-02,  5.2485e-02, -4.0155e-02, -2.7353e-02, -5.5739e-02,
         4.3369e-03,  1.9273e-03,  2.2468e-02,  2.8306e-02,  2.3751e-02,
        -5.6432e-02, -5.2839e-04, -3.8942e-02, -4.8377e-02,  3.4730e-02,
        -8.0225e-02, -3.0551e-02,  1.2037e-02,  2.9278e-02, -1.9692e-02,
         3.2092e-02, -2.3018e-02, -3.2175e-02, -2.3725e-02,  2.6480e-03,
        -2.2407e-02,  4.0384e-02, -3.7965e-02, -3.4391e-02, -7.9701e-03,
        -9.8054e-02,  4.3030e-03,  1.9599e-02,  4.6554e-02,  5.5732e-02,
        -7.2210e-03,  1.1767e-01, -3.5258e-02, -4.2072e-02,  2.1966e-02,
         2.5355e-03,  1.4063e-04, -3.2512e-02, -4.5674e-02,  6.4870e-03,
        -2.1808e-02, -2.0204e-02,  2.8450e-02, -9.4765e-02,  3.5226e-02,
         5.3946e-03, -6.9220e-02,  1.3760e-02, -6.2514e-02,  3.3581e-02,
         5.6125e-03,  1.1514e-01,  3.0760e-02, -8.9812e-02, -2.5808e-02,
         2.6428e-02, -4.8977e-02, -8.7162e-03, -3.5311e-02,  2.8835e-02,
         7.2123e-02, -6.2664e-02, -6.3432e-02,  7.9422e-03, -1.0936e-02,
         7.4883e-02,  3.1590e-02,  6.3464e-02,  4.3649e-02,  6.2561e-02,
         7.7657e-02,  1.8158e-02, -4.7798e-02,  1.3479e-02, -6.4557e-02,
        -3.5089e-02, -6.2026e-02,  3.6876e-02,  4.0640e-02, -3.4952e-02,
         3.9394e-02, -1.6275e-02, -2.5771e-02, -1.2307e-01,  2.3325e-02,
         1.9862e-03,  9.2506e-02,  3.3327e-02, -5.5833e-02, -9.1528e-03,
         4.3529e-02,  2.0892e-02,  2.8673e-02,  3.7736e-02, -1.5495e-02,
         5.2513e-02,  5.6722e-02, -2.2415e-02, -4.9912e-02,  2.2309e-02,
         3.6849e-02,  3.4915e-02,  8.5796e-02,  1.9765e-02, -1.2433e-01,
        -8.3595e-02, -4.7686e-02,  1.4774e-33, -2.4665e-02, -3.9084e-02,
         7.5579e-03,  1.7940e-03, -2.2894e-02,  4.5643e-02, -3.8396e-02,
         1.7660e-02,  2.0410e-02,  2.5967e-03, -1.2909e-02, -3.2993e-02,
        -4.1492e-02, -2.1484e-03, -5.7979e-03, -7.8158e-02,  6.7925e-02,
        -1.9800e-02, -2.7294e-02, -6.7643e-03, -8.3706e-02,  5.7933e-03,
         3.7903e-03, -1.4458e-02, -1.4805e-01,  2.3269e-02, -1.3207e-02,
         3.5570e-02,  8.8662e-03, -3.6412e-02, -3.0479e-02,  2.6799e-03,
         8.7155e-02, -1.6794e-02,  9.3548e-02, -3.8263e-02,  5.1160e-02,
         4.2776e-02,  9.7063e-03,  1.6522e-02, -4.4009e-02,  6.1593e-02,
        -5.7664e-02, -7.8700e-02, -1.0080e-01,  3.2638e-02, -3.7148e-02,
         3.4117e-02, -2.8106e-02,  3.8140e-02, -5.0886e-03, -1.2401e-02,
         2.3442e-03,  3.5306e-02, -3.5185e-02, -3.5259e-02, -2.6296e-02,
        -6.7796e-02,  2.7267e-02,  5.7024e-02, -4.0078e-02,  5.4839e-02,
         5.8583e-03, -6.6803e-02, -1.0800e-01,  7.2461e-02,  2.1333e-02,
        -1.8747e-02, -8.3589e-03,  8.5931e-02,  7.2015e-02,  8.6364e-03,
         3.9500e-02,  1.4076e-02,  5.9407e-02, -3.8288e-02, -3.7005e-02,
         5.6546e-02,  6.4609e-02,  1.1277e-01,  5.1023e-02,  6.6216e-02,
         6.0980e-02, -5.7398e-02,  4.2267e-02, -1.9075e-02, -3.4654e-02,
         6.6120e-03,  5.4874e-02,  2.5658e-03,  1.0291e-01, -1.9753e-02,
        -3.7779e-04, -3.6919e-02,  7.4155e-02, -2.9631e-33,  3.8427e-02,
        -2.3061e-02,  2.2987e-02, -9.1841e-02, -5.8635e-02, -1.0900e-03,
        -6.0481e-02, -1.7956e-03, -9.7828e-03,  3.2537e-02, -3.2777e-02,
         6.7136e-02,  3.9520e-02,  1.7734e-02,  3.9114e-02, -5.6086e-02,
         8.7174e-02, -8.6340e-03,  8.1266e-02, -3.0883e-02,  4.0313e-02,
        -1.1379e-01, -6.3430e-03,  3.6934e-02,  5.2622e-02,  3.9513e-02,
        -6.3715e-02,  5.8993e-02, -7.8692e-02, -5.2342e-02,  4.7221e-02,
        -6.2850e-02, -9.5310e-03,  9.7478e-02, -2.9577e-02,  4.7314e-02,
         8.0033e-02, -4.1870e-02,  3.9889e-02, -9.1456e-02,  1.5729e-02,
        -1.8766e-02, -5.0874e-03,  7.4989e-02, -2.7126e-02,  5.0556e-02,
        -7.4203e-02,  1.1356e-02,  5.1492e-02, -2.7753e-02, -7.6223e-02,
         3.3023e-02, -5.3454e-02, -1.1542e-02, -2.0029e-03,  4.0514e-03,
         5.7663e-03, -1.5331e-02, -1.5915e-02, -1.2678e-02, -5.6161e-02,
        -9.4449e-03, -1.2338e-01, -4.5889e-03, -6.1630e-02, -5.7768e-02,
        -5.3400e-03, -1.4834e-02,  4.5711e-03, -6.7159e-02, -1.9682e-02,
        -6.3517e-03,  1.0901e-02, -6.1669e-03, -8.7536e-02,  6.5967e-02,
         4.4190e-02,  1.3806e-02,  8.6454e-02,  4.2481e-02,  2.6674e-02,
        -1.9625e-02,  4.1010e-02, -5.0429e-02, -8.5489e-03, -2.1227e-02,
         1.1797e-01, -7.5473e-03, -1.1076e-01,  9.7617e-02, -4.1373e-02,
         2.3704e-02,  1.5685e-02,  4.4676e-03,  5.4007e-02, -4.0291e-08,
        -4.3157e-02, -6.2933e-02, -5.8730e-03, -6.2207e-02, -9.6745e-03,
        -5.6377e-02, -6.4244e-02,  2.0117e-01,  8.8471e-02, -7.2068e-03,
        -2.8241e-02, -8.9537e-02, -9.4560e-02,  1.1998e-02, -1.0042e-01,
         5.1417e-03,  6.7056e-04,  1.0658e-01,  5.3835e-02,  1.6332e-03,
         8.9747e-02,  5.9922e-02,  1.0641e-02, -4.5908e-02, -2.7096e-02,
         5.4131e-03,  8.9330e-03, -4.6332e-02, -7.5522e-02,  5.2575e-02,
         7.0748e-02, -8.1819e-02, -7.4964e-02,  9.1254e-03,  4.3960e-02,
        -1.1116e-02, -6.3055e-02,  3.0444e-02, -1.5228e-02, -5.0161e-02,
         5.3231e-02,  6.4739e-02, -6.5365e-02, -4.6724e-02,  3.2612e-02,
         1.1850e-02, -9.5680e-02, -2.3800e-02,  2.7943e-02, -3.1239e-02,
         7.6975e-02,  5.6596e-02, -3.5301e-03, -8.7526e-02,  4.9768e-02,
        -3.3844e-02,  4.7428e-02,  5.2149e-02, -9.3077e-03,  3.2617e-02,
        -7.3404e-03, -1.2319e-01,  3.5035e-02,  5.0651e-02], device='mps:0')"
Goodfellas,Critical response,"According to review aggregator Rotten Tomatoes, 94% of 166 critics have given the film a positive review, with an average rating of 9.00/10. The website's critics consensus reads: ""Hard-hitting and stylish, GoodFellas is a gangster classic—and arguably the high point of Martin Scorsese's career."" Metacritic has assigned the film a weighted average score of 92 out of 100, based on reviews from 21 critics, indicating ""universal acclaim"". Audiences polled by CinemaScore gave the film an average grade of A− on a scale of A+ to F.
In his review for the Chicago Sun-Times, Roger Ebert gave the film a full four stars and wrote, ""No finer film has ever been made about organized crime – not even The Godfather.""
In his review for the Chicago Tribune, Gene Siskel wrote, ""All of the performances are first-rate; Pesci stands out, though, with his seemingly unscripted manner. GoodFellas is easily one of the year's best films."" Both critics named it the best film of 1990. In his review for The New York Times, Vincent Canby wrote, ""More than any earlier Scorsese film, Goodfellas is memorable for the ensemble nature of the performances... The movie has been beautifully cast from the leading roles to the bits. There is flash also in some of Mr. Scorsese's directorial choices, including freeze frames, fast cutting and the occasional long tracking shot. None of it is superfluous.""
USA Today gave the film four stars out of four, and called it, ""great cinema—and also a whopping good time"".
David Ansen, in his review for Newsweek magazine, wrote, ""Every crisp minute of this long, teeming movie vibrates with outlaw energy.""
Rex Reed said, ""Big, rich, powerful and explosive. One of Scorsese's best films! Goodfellas is great entertainment.""
In his review for Time, Richard Corliss wrote, ""So it is Scorsese's triumph that GoodFellas offers the fastest, sharpest 2½-hr. ride in recent film history.""","tensor([-7.8262e-03, -3.4862e-02, -1.2781e-01,  3.0121e-02,  1.9498e-02,
         9.4428e-02, -3.3883e-02,  8.0186e-02, -3.9107e-02,  5.2751e-04,
        -2.2606e-02, -4.1519e-03,  4.0623e-02,  8.5548e-02, -7.9961e-02,
        -1.5602e-02,  1.1903e-01, -2.5168e-02,  3.1612e-02, -3.4245e-02,
        -1.1041e-04, -6.8748e-03,  6.7526e-02, -8.7986e-03, -2.5274e-02,
        -7.5376e-02, -4.1132e-02, -1.0706e-02, -1.5283e-01,  4.9143e-02,
        -8.8612e-02,  1.7860e-02,  1.3568e-02, -3.6055e-02, -1.0604e-01,
         8.3968e-03,  7.3015e-03,  2.0030e-02, -3.3526e-03,  4.3163e-03,
        -2.4775e-02,  4.1321e-02,  1.1895e-02, -1.7191e-02,  9.0074e-03,
        -1.0530e-01, -3.4587e-03, -5.0261e-02,  1.7521e-02,  2.1041e-02,
        -4.3598e-02,  2.9223e-02,  1.8884e-02, -4.7224e-02, -7.5386e-03,
         2.0004e-02, -3.0371e-02, -1.0703e-02,  6.2299e-03, -1.0755e-01,
         9.4565e-03, -3.8895e-02,  3.6356e-02, -6.8858e-02,  1.2001e-01,
        -1.2547e-02, -6.7808e-02, -2.5757e-02, -1.1750e-01,  1.3144e-01,
         7.1439e-03,  5.3452e-02, -7.2275e-03, -1.0010e-02, -2.6915e-02,
         3.2590e-02, -6.9543e-02, -8.8202e-06, -4.3222e-02, -4.6336e-03,
         8.8369e-02, -3.0882e-02, -6.2856e-02, -2.2052e-02,  2.9194e-02,
         7.6952e-03,  5.1209e-02,  4.3768e-04, -7.6881e-03,  7.0196e-02,
         2.1777e-02,  6.0437e-02, -5.5567e-02, -2.8955e-02,  6.8038e-02,
        -3.6896e-02, -5.5395e-02, -8.8567e-03, -1.8013e-02, -2.5053e-02,
         5.1907e-02, -9.6915e-03, -3.1794e-02, -6.3806e-02,  7.2828e-02,
         3.8951e-02,  1.3003e-01,  2.6446e-02, -6.8920e-02,  4.2683e-02,
        -4.5111e-02,  4.9746e-02,  4.0537e-02,  3.7317e-03,  3.6673e-02,
        -1.0688e-03,  2.9333e-02, -1.2850e-02, -3.1234e-02,  4.4714e-02,
         3.9515e-02,  1.9507e-02, -1.2271e-02, -8.5407e-04, -4.0989e-02,
         3.7555e-03,  6.3371e-03,  3.6474e-35, -3.4952e-02,  2.0525e-02,
         1.5047e-02,  4.4069e-03,  7.2572e-03,  2.7104e-02, -8.2814e-02,
         2.9391e-02, -1.8198e-02, -1.3672e-02, -9.1543e-02, -3.2835e-02,
        -4.5943e-02,  7.7606e-02,  4.3796e-02,  1.1086e-02,  2.9371e-02,
        -3.7699e-02,  2.1809e-02, -2.9336e-03, -2.8163e-02,  2.3632e-02,
         1.1416e-04, -1.0324e-01, -2.3307e-02, -7.6578e-02,  2.9939e-03,
         3.6598e-02, -4.8369e-02, -4.6720e-02, -5.7113e-02,  2.3475e-02,
         3.3123e-02, -6.0754e-02,  1.1530e-01, -5.0503e-02, -3.9105e-02,
         1.0292e-01,  1.8018e-02, -3.8530e-02, -1.8282e-02,  5.5308e-02,
        -7.9172e-02,  1.2191e-02, -1.6253e-03,  1.1965e-01, -4.7905e-02,
        -1.5031e-02, -8.8956e-02,  2.2713e-02,  3.4729e-02, -4.1225e-02,
         1.8822e-03,  1.1748e-01, -1.0719e-01,  5.3440e-02,  3.7891e-02,
        -6.2064e-02, -3.3662e-02, -7.5135e-03,  1.8328e-02,  1.1894e-01,
        -8.4912e-03, -9.2930e-02, -7.0987e-02,  8.2751e-02, -1.9571e-02,
         9.3086e-02, -5.0844e-03, -3.2564e-02,  2.6852e-02,  4.8829e-02,
        -3.9683e-02, -4.9413e-03,  3.5711e-02, -6.9888e-03, -9.5621e-03,
         5.3655e-02, -2.3846e-02, -6.5866e-03, -2.7805e-02,  2.5117e-02,
        -9.6316e-03, -9.3624e-02, -1.8086e-02, -5.0945e-03, -1.5046e-03,
        -2.8586e-02,  5.1710e-02,  6.2931e-02,  4.3815e-02, -7.4121e-02,
         3.6105e-02, -4.8430e-04,  1.5545e-02, -2.3774e-33, -5.6269e-02,
        -7.9213e-02,  6.7569e-02,  4.3484e-02, -5.4607e-02,  2.0898e-02,
        -1.4146e-01, -2.3300e-03,  6.5444e-02,  3.4902e-03, -1.4837e-03,
        -1.7272e-02,  4.4583e-02, -4.7241e-02,  1.4024e-01, -1.7106e-02,
        -7.0431e-02,  4.3593e-02, -1.7663e-02, -1.6919e-02,  1.2222e-01,
        -5.1904e-03,  1.9721e-02,  9.4891e-03,  2.2569e-02, -2.5173e-03,
        -6.2711e-02,  3.3853e-02, -9.6860e-02, -3.1670e-02,  3.6998e-02,
        -3.9255e-02, -4.3896e-02,  8.9843e-02,  4.6857e-03,  2.8702e-04,
         3.7980e-02, -9.5452e-02,  4.2086e-02,  3.8217e-02,  2.2405e-02,
         3.1126e-02, -6.5823e-02,  4.2209e-02, -5.2724e-02,  7.1234e-02,
        -6.7216e-02,  1.2607e-02, -3.0704e-02,  2.7708e-03, -7.1602e-02,
         3.7489e-02, -3.5712e-02,  6.1766e-02,  4.6950e-02, -2.3076e-02,
        -1.3646e-02, -4.3554e-02, -9.4236e-03,  6.3577e-02, -2.4875e-02,
         5.6408e-02, -1.2682e-01,  5.1815e-03,  3.6291e-02, -9.9107e-02,
        -1.4266e-02, -1.9187e-02,  7.4015e-03,  1.0278e-03, -4.1563e-02,
        -3.7048e-02, -4.1079e-02,  7.0184e-02, -5.1756e-02,  4.0274e-02,
         4.0710e-02,  5.0591e-02, -9.5780e-04,  1.1041e-02,  5.1450e-02,
        -7.1637e-02,  2.3722e-02, -1.5380e-02,  2.9720e-02,  2.8305e-02,
         1.0256e-01, -7.2188e-02, -2.5143e-02,  1.1468e-01,  6.2012e-02,
        -7.3698e-03,  3.4459e-02,  5.9301e-03,  2.7072e-02, -5.2267e-08,
        -5.3580e-02, -2.7538e-02, -5.2510e-02, -2.8978e-02, -6.4433e-02,
        -3.1642e-02, -7.4185e-02,  6.0188e-02,  4.5035e-02, -1.7141e-02,
         2.2851e-02, -4.2538e-02, -1.0831e-01, -1.8430e-02, -1.0087e-01,
        -2.4901e-02,  6.1276e-02,  6.6459e-02,  6.6045e-02,  7.0293e-02,
         2.6624e-02,  1.0028e-02,  8.2446e-03, -1.3729e-02, -5.1956e-03,
         3.8223e-02,  4.0089e-02, -8.3147e-02, -1.1935e-02,  7.5568e-02,
         8.1655e-02, -2.9595e-02, -2.9388e-02, -8.2128e-03,  2.7194e-02,
         2.5125e-02, -8.5944e-03,  3.9935e-02,  3.7648e-02, -1.4317e-02,
         7.2049e-02,  6.1016e-02, -5.1162e-02, -4.5410e-02, -7.4840e-03,
        -2.1438e-02, -2.5235e-02, -1.0496e-02,  6.6429e-03, -3.2212e-03,
         6.1514e-02,  2.9931e-02,  1.9350e-02, -3.0676e-03,  5.2313e-02,
        -4.4533e-02, -1.2617e-02,  8.3490e-02, -7.1362e-02,  1.0567e-02,
         1.0134e-01, -1.4002e-02,  1.6660e-02,  6.5375e-02], device='mps:0')"
Goodfellas,Lists,"The film is ranked the best of 1990 by Roger Ebert, Gene Siskel and Peter Travers. In a poll of 80 film critics, Goodfellas was named the best film of the year by 34 critics. Director Martin Scorsese was chosen as the year's best director in 45 of the 80 ballots.
Goodfellas is ranked No. 92 on the AFI's 100 Years...100 Movies (10th Anniversary Edition) list, published in 2007. In 2012, the Motion Picture Editors Guild listed Goodfellas as the fifteenth best-edited film of all time based on a survey of its membership. In the 2012 Sight & Sound polls, it was ranked the 48th-greatest film ever made in the directors' poll. In the subsequent 2022 polls, it was ranked 28th in the directors' poll and tied for 63rd (with Casablanca and The Third Man) in the critics' poll.
Goodfellas is 39th on James Berardinelli's 2014-made list of the top 100 films of all time. In 2014, WhatCulture included Joe Pesci's role in top ""10 Most Convincing Movie Psychopath Performances"". In 2015, Goodfellas ranked 20th on BBC's ""100 Greatest American Films"" list, voted on by film critics from around the world. The February 2020 issue of New York Magazine lists Goodfellas as among ""The Best Movies That Lost Best Picture at the Oscars.""","tensor([-8.1724e-03, -9.3624e-02, -7.6083e-02, -6.9134e-04,  2.4110e-02,
         1.5584e-01, -4.1229e-02,  4.3250e-02, -1.7423e-02, -2.1972e-02,
        -5.1320e-02,  2.1734e-02,  1.7274e-02,  1.1127e-01, -8.3943e-02,
         3.0191e-02,  7.4156e-02, -2.1744e-02,  3.3877e-02, -7.3888e-02,
         2.4934e-04,  2.2001e-02,  5.9200e-02, -3.6496e-02,  2.1007e-03,
        -7.2373e-02, -1.1003e-02, -5.6624e-02, -1.3446e-01,  5.9827e-02,
        -7.7943e-02,  3.6484e-02, -1.0830e-02, -5.7968e-02, -1.1914e-01,
        -1.9425e-02, -4.3132e-02, -4.7752e-03, -1.4046e-02,  9.5029e-03,
        -4.4468e-02,  1.4903e-02,  4.5520e-02, -8.2267e-02, -1.2179e-02,
        -1.2270e-01, -1.3355e-03, -5.0803e-02, -1.3650e-02,  7.1243e-02,
        -1.1587e-01,  5.7380e-02,  2.4825e-02,  6.9872e-03,  1.5475e-02,
        -3.8913e-02, -2.4305e-02, -9.4933e-03, -2.7383e-02, -8.9206e-02,
        -5.0036e-03, -4.4583e-02,  4.1908e-03, -7.2955e-02,  3.5205e-02,
         3.7822e-02, -4.6161e-02,  3.1429e-03, -7.3106e-02,  7.1019e-02,
        -3.3899e-02,  7.6347e-02,  7.3723e-03, -2.2398e-02,  9.1254e-03,
         5.2844e-02, -5.3874e-02,  2.2309e-02, -1.3584e-02, -7.8153e-02,
         1.0944e-01, -2.8162e-02, -6.5863e-02, -1.2376e-02,  7.7772e-02,
         1.1450e-02,  2.9928e-02,  3.7506e-02, -8.4815e-02,  8.0727e-02,
         2.3241e-02,  6.7625e-03, -2.0059e-02,  1.7041e-02,  3.2714e-02,
        -7.3197e-02, -8.3776e-02,  4.5858e-02, -1.5764e-02, -6.0925e-02,
         2.1658e-02, -1.3231e-02, -1.2051e-01, -5.2340e-02,  2.1337e-02,
         2.3403e-02,  1.5396e-01,  3.6249e-02, -2.0504e-02,  1.0586e-02,
        -4.3787e-02,  5.8949e-02,  1.0750e-02,  2.2971e-02,  3.6105e-02,
        -3.5873e-02,  1.8499e-02,  2.1934e-02,  1.9617e-02,  9.6348e-02,
         2.8986e-02,  9.5380e-02,  3.7603e-02,  1.0186e-02,  1.1711e-02,
        -7.6173e-03,  2.6308e-02, -2.2628e-33,  1.6423e-02,  4.2876e-02,
         3.5949e-02, -3.1489e-02, -1.9562e-02,  2.4917e-02, -5.1457e-02,
         5.0040e-02,  1.4609e-02, -3.3859e-02, -5.7195e-02, -3.6876e-03,
        -3.2762e-02,  3.9112e-02, -2.0772e-02, -1.1845e-02,  7.2173e-02,
         4.5693e-02, -5.7044e-02, -7.6451e-02, -6.7882e-03,  3.1290e-02,
         4.6060e-03, -8.0472e-02, -1.4344e-02, -4.6792e-02, -2.1271e-02,
         6.5260e-02, -1.7436e-02, -8.5621e-03, -2.2035e-02, -2.8726e-02,
        -1.7801e-02, -1.5881e-02,  8.9873e-02, -7.4656e-02,  2.2140e-03,
         1.0908e-01,  5.6227e-02, -2.8775e-02, -1.6748e-02,  4.5961e-02,
        -7.1523e-02,  3.4698e-02, -3.3897e-02,  9.0517e-02, -1.8802e-02,
         8.1912e-03, -5.7898e-02,  4.7388e-02, -2.2151e-03, -4.8300e-02,
         2.8741e-02,  6.6318e-02, -3.5968e-02, -1.8795e-02,  7.6270e-02,
        -4.3869e-02, -3.1132e-02, -2.0949e-02, -7.7896e-03,  1.3558e-01,
        -4.8087e-02, -9.4174e-02, -7.7137e-02,  8.4290e-02,  3.5285e-02,
         3.2266e-03, -3.5838e-03,  2.6644e-02,  3.2405e-02,  6.4097e-02,
        -2.1035e-02,  2.6853e-02,  4.8150e-02, -9.7049e-03, -4.0836e-02,
         2.9983e-02, -4.6785e-02,  3.2065e-02, -2.4844e-02,  6.4301e-02,
        -4.7894e-02, -9.1667e-02,  1.2063e-02, -3.1543e-03, -5.9122e-04,
        -3.4589e-03,  2.8373e-02,  5.2470e-03,  5.8937e-02, -7.2611e-02,
         1.0329e-01, -2.4265e-02,  2.4090e-02,  1.0171e-33, -1.4170e-02,
        -4.9019e-02,  1.0297e-01,  1.2848e-02, -6.1929e-02, -1.1926e-02,
        -1.1089e-01,  2.0402e-02,  5.8633e-02, -2.0651e-02,  6.7549e-02,
        -4.7490e-03,  9.3064e-02, -3.3705e-02,  4.8736e-02,  2.7820e-03,
        -8.0991e-02, -6.6146e-02, -2.0055e-02, -6.0161e-02,  8.2649e-02,
         3.6432e-03,  2.7386e-02,  3.2219e-02, -7.7278e-03,  1.5571e-03,
        -2.8884e-02,  2.0506e-02,  4.2876e-03, -6.2500e-02, -1.3843e-02,
        -2.0510e-02, -5.3620e-02,  5.2054e-02, -1.2511e-02,  2.7190e-02,
         1.6998e-02, -9.9857e-02,  1.0562e-02,  6.8026e-02,  1.2966e-02,
         3.0656e-02, -3.2592e-02,  1.9755e-02, -8.8437e-02,  4.9363e-02,
        -1.0191e-01, -1.1952e-02, -4.6826e-02,  2.8129e-02, -8.5788e-02,
         3.6787e-02, -1.0580e-02,  2.2748e-02,  5.6453e-02, -5.1753e-03,
        -6.1141e-02,  7.2739e-04,  5.1471e-02,  2.2723e-02,  1.7484e-03,
         4.5894e-02, -6.3275e-02, -5.3860e-02, -1.4126e-02,  6.5100e-03,
        -6.4676e-03,  7.0553e-04, -2.1879e-02, -9.0340e-04, -4.5121e-02,
        -2.8391e-02, -5.6756e-02,  4.9696e-02, -6.8979e-02,  6.4948e-02,
         3.9013e-02,  6.1706e-03,  1.9288e-03, -6.1871e-03,  2.4854e-02,
        -5.5882e-02, -2.6962e-02,  4.0138e-02,  7.5466e-03,  6.6358e-02,
         1.1266e-01, -6.6898e-02, -1.5639e-02,  1.0317e-01,  4.2074e-02,
        -2.1035e-02,  6.3831e-02,  2.4246e-02,  3.1670e-02, -4.2691e-08,
        -6.9463e-02, -1.2731e-02, -1.6853e-02, -2.0896e-02, -3.1255e-02,
        -4.7201e-02, -4.6694e-02,  1.0926e-01,  6.7093e-02,  8.6606e-03,
         4.8776e-02, -4.8837e-02, -6.2896e-02,  2.3786e-02, -8.3090e-02,
        -6.3092e-02,  2.7217e-02,  9.4105e-02,  8.1250e-02,  2.4320e-02,
         6.3675e-02,  5.7595e-02,  4.5250e-02,  4.5071e-03,  1.5766e-02,
         2.5042e-02,  2.9120e-02, -1.3587e-01, -4.2287e-02,  8.4469e-02,
         8.9234e-02, -3.8107e-02, -1.2491e-02, -1.2774e-02, -5.8566e-02,
         5.7708e-03, -5.7500e-02,  3.6018e-02, -3.2629e-03, -1.2494e-03,
         8.6754e-02,  9.1010e-02, -7.1425e-02, -6.0953e-03,  1.7434e-02,
        -5.9919e-02,  4.0409e-02, -4.2372e-02, -2.5064e-02, -2.6441e-02,
         2.8950e-02,  3.5303e-02,  5.1401e-02, -8.0791e-03,  7.2135e-02,
         4.0476e-02,  3.1996e-02,  3.0644e-02, -3.8856e-02,  2.2953e-02,
         2.9593e-02,  4.6888e-03, -1.2516e-02,  7.3610e-02], device='mps:0')"
Goodfellas,Accolades,"Goodfellas is one of eight films to have won Best Picture from three out of the four major U.S. film critics' groups (LA, NY, and NSFC, in its case), along with Nashville, All the President's Men, Terms of Endearment, Pulp Fiction, The Hurt Locker, Drive My Car, and Tár.","tensor([ 2.0967e-02, -4.5804e-02, -2.7664e-02, -8.3333e-03,  2.2870e-02,
         1.3241e-01, -2.8740e-02, -7.1744e-04, -2.8856e-02, -5.2674e-03,
         1.3342e-04, -1.4667e-02,  6.7228e-02,  1.0251e-01, -8.4780e-02,
         1.3637e-02,  9.4155e-02, -1.3763e-03,  2.0265e-02, -6.1913e-02,
         7.2609e-03,  3.9806e-02,  2.7316e-02, -1.5834e-02, -1.0176e-02,
        -4.8964e-02, -1.2130e-02,  1.4761e-03, -9.3557e-02, -3.0483e-03,
        -9.6511e-02, -4.4148e-02, -1.0561e-02, -1.1111e-02, -3.1401e-02,
         2.7295e-02, -3.3315e-02, -3.3230e-02, -2.8853e-02,  1.2171e-03,
        -7.4721e-02,  2.8371e-02,  9.4159e-02, -1.8899e-02,  5.5398e-03,
        -8.2600e-02, -1.5899e-02, -3.0557e-02,  5.3938e-02, -4.2148e-02,
        -3.3989e-02,  7.0622e-02, -4.1491e-02,  5.7003e-02,  2.0666e-02,
        -2.4950e-02,  5.6885e-03,  1.2349e-03, -2.9018e-02, -1.7967e-02,
        -1.9010e-02, -8.4927e-02, -9.0194e-03, -2.6209e-02,  9.7139e-02,
         1.7878e-02, -5.7265e-02,  3.5498e-02, -7.6952e-02,  8.5164e-02,
         1.1227e-02,  5.3398e-02,  4.1183e-02, -4.9879e-02, -1.4390e-02,
         4.3760e-02, -8.3399e-02, -4.5239e-04, -3.7372e-02, -3.5993e-02,
         4.3774e-02, -4.0047e-02, -4.9322e-02,  8.1547e-03,  1.1470e-02,
         1.1045e-02,  4.5078e-03, -2.6238e-02, -3.5517e-02,  7.2476e-02,
         1.1917e-02,  2.1072e-02, -1.6868e-02,  1.2119e-02, -3.4888e-02,
        -9.3976e-02, -3.2128e-02,  1.1530e-02, -2.5454e-02,  1.1668e-02,
         4.3291e-02, -3.6007e-02, -5.7370e-02, -1.1041e-01,  1.2268e-01,
         1.8461e-02,  9.6419e-02, -4.1128e-02, -4.9038e-02,  3.4430e-04,
        -7.8126e-03,  7.6776e-02, -8.5951e-03,  5.7986e-02,  8.6548e-03,
        -5.0605e-02,  4.4543e-02, -2.7165e-02, -5.7836e-02,  1.1211e-02,
        -1.9126e-02,  1.0929e-02,  2.7971e-02, -3.1863e-02, -7.9748e-02,
        -6.7724e-02,  2.1100e-02, -2.5896e-33, -4.0923e-02, -1.3861e-02,
         1.4627e-02,  4.5975e-02,  1.7428e-02,  4.4853e-02, -7.3961e-02,
         2.1487e-02, -4.9040e-03,  1.3169e-02, -4.4266e-03,  4.2593e-03,
        -5.9806e-02, -3.0808e-03,  2.1185e-02, -3.4901e-03, -6.3157e-03,
        -2.2621e-02, -1.3208e-02,  1.8350e-02, -8.6788e-02,  6.2177e-02,
         3.2588e-02, -1.1998e-01, -8.6961e-02, -4.6021e-02,  3.0802e-02,
         2.8704e-02,  3.2788e-02, -2.4222e-02, -3.8574e-02,  1.0788e-02,
         3.5256e-02,  2.5032e-02,  1.0247e-01, -3.1168e-02, -2.2706e-02,
         2.7532e-02,  6.9782e-03,  2.7857e-02, -3.9010e-02,  6.9841e-02,
        -6.9596e-02,  2.5321e-02,  9.0494e-03,  7.7800e-02, -4.5801e-02,
         2.8586e-02, -3.9133e-02,  8.6082e-02,  1.4252e-02, -7.1296e-02,
         8.2571e-03, -1.3359e-02, -7.1997e-02, -1.2279e-02, -1.8866e-04,
        -3.4587e-02,  1.0521e-02, -2.6343e-02, -1.6862e-02,  8.6671e-02,
        -2.4761e-03, -9.5386e-02, -5.7068e-02,  8.3319e-02,  6.6883e-03,
        -2.6973e-04, -2.2536e-02,  3.2990e-02,  3.8144e-02,  1.9515e-02,
         2.0018e-02,  1.6286e-02,  6.0692e-02,  4.6230e-03, -6.4507e-02,
         7.3386e-02, -8.4042e-02, -3.1089e-02, -4.4907e-02,  5.0976e-02,
        -2.7134e-02, -3.4901e-02,  6.0117e-03, -2.4068e-03, -2.1972e-02,
        -7.8272e-02,  4.7183e-02,  1.0203e-02, -3.8946e-03, -2.3936e-02,
         8.6351e-02, -4.9343e-03,  1.9819e-02,  6.4236e-34,  4.5503e-02,
        -8.4891e-02,  5.5795e-02, -4.4042e-03,  2.2610e-02,  4.1086e-03,
        -9.4164e-02,  7.6409e-03,  4.5244e-02,  4.6702e-02,  5.0833e-03,
        -5.7451e-03,  6.2361e-02, -3.2783e-02,  8.1940e-02, -5.2521e-02,
         5.1170e-02, -6.8089e-02, -8.5316e-03, -6.4153e-02,  5.6623e-02,
        -4.7199e-02, -2.5895e-02,  1.2629e-02,  2.1487e-02,  6.7572e-02,
        -8.2318e-02,  1.2812e-02, -8.0271e-02, -3.2674e-02,  5.2585e-02,
        -4.1147e-02, -3.3464e-02,  1.3520e-01, -2.0565e-02,  9.3554e-02,
         8.9153e-02, -4.5309e-02,  1.5599e-02, -5.4252e-03, -1.3669e-02,
        -3.9222e-02, -9.4031e-03,  1.3474e-01, -7.8774e-02,  1.2351e-02,
        -9.2087e-02,  2.9928e-02, -4.2437e-02,  5.1213e-02, -1.2094e-01,
         2.8235e-02, -8.1377e-02,  6.1881e-02, -1.3841e-02, -1.4965e-02,
        -1.0647e-02, -1.8174e-02,  5.5038e-02,  6.3073e-02, -3.7114e-02,
        -7.7472e-03, -1.3406e-01, -4.4931e-02, -4.8019e-02, -8.1788e-02,
        -6.1738e-02,  2.3909e-02, -4.2761e-02,  2.1419e-02, -7.2726e-02,
        -3.9136e-03, -4.3441e-02,  3.7382e-02, -3.3254e-02,  3.9033e-02,
         1.1446e-01,  1.2248e-02,  4.5514e-02,  7.0179e-03,  6.6958e-02,
        -5.5982e-02, -3.4282e-05,  8.0665e-02,  4.3623e-02,  6.2812e-02,
         1.1391e-01, -6.8038e-02, -2.0042e-02,  1.0879e-01,  6.6183e-02,
         3.2547e-02,  7.1490e-02,  1.9284e-02,  2.9082e-02, -4.1119e-08,
        -5.9964e-02, -1.9790e-02, -1.5288e-02, -7.6249e-02, -9.3707e-02,
        -5.6695e-02, -9.9061e-02,  1.6334e-01,  5.7394e-02, -1.7899e-02,
        -1.2463e-03, -1.8710e-02, -7.7539e-02, -2.4452e-02, -1.0195e-01,
        -3.2761e-02,  5.3744e-02,  1.0362e-01,  2.8926e-02,  1.7733e-02,
         4.2370e-02, -2.2834e-02,  5.4685e-02, -4.3270e-02, -2.4390e-02,
         2.5749e-02,  4.7949e-02, -1.0130e-01, -4.2252e-02,  7.4481e-02,
         7.2951e-02, -1.2711e-02, -3.8769e-02, -2.8418e-02,  2.0933e-02,
         1.8707e-02, -3.8749e-02,  3.3027e-02,  1.8771e-02, -3.3215e-02,
         1.8889e-02,  7.1726e-02, -7.5431e-02, -3.6915e-02,  3.4231e-02,
        -6.4235e-03,  5.3645e-02, -1.9207e-02, -1.1770e-02,  4.7595e-02,
         2.9539e-02, -6.1449e-03,  2.7879e-02, -2.0323e-02,  5.9627e-02,
        -6.9919e-02,  6.7604e-02,  4.8026e-02,  1.1789e-02,  5.2219e-02,
         5.1629e-02, -1.3598e-02,  8.8519e-02,  8.6963e-02], device='mps:0')"
Goodfellas,Legacy,"Goodfellas is No. 94 on the American Film Institute's ""100 Years, 100 Movies"" list and moved up to No. 92 on its AFI's 100 Years...100 Movies (10th Anniversary Edition) from 2007. In June 2008, the AFI put Goodfellas at No. 2 in the ""Gangster"" category on their AFI's 10 Top 10—the best ten films in ten ""classic"" American film genres—after polling over 1,500 people from the movie-related community.
Goodfellas was regarded as the second-best in the gangster film genre (after The Godfather). In 2000, the United States Library of Congress deemed the film ""culturally significant"" and selected it for preservation in the National Film Registry.
Roger Ebert named Goodfellas the ""best mob movie ever"" and placed it among the ten best films of the 1990s. In December 2002, a UK film critics poll in Sight & Sound ranked the film No. 4 on their list of the 10 Best Films of the Last 25 Years. Time included Goodfellas in their list of Time's All-Time 100 Movies. Channel 4 placed Goodfellas at No. 10 in their 2002 poll The 100 Greatest Films, Empire listed Goodfellas at No. 6 on their ""500 Greatest Movies Of All Time,"" and Total Film voted Goodfellas No. 1 as the greatest film of all time. In 2006, Writers Guild of America West ranked its screenplay 41st in WGA’s list of 101 Greatest Screenplays.
Premiere listed Joe Pesci's Tommy DeVito as No. 96 on its list of ""The 100 Greatest Movie Characters of All Time,"" calling him ""perhaps the single most irredeemable character ever put on film"". Empire ranked Tommy DeVito No. 59 in their ""The 100 Greatest Movie Characters"" poll.
The film's two-and-a-half-minute tracking shot through the Copacabana nightclub, colloquially called the ""Copa shot,"" is widely considered one of the greatest shots of all time, and is ""one of the few shots in the history of cinema readily identifiable by name."" It is credited with popularizing the use of long Steadicam tracking shots in future productions, including Pulp Fiction, Boogie Nights, The Place Beyond the Pines, and the Buffy the Vampire Slayer episode ""The Body. An apparent homage to the scene appears in the 2025 film “Melania,” as the President and First Lady navigate service hallways to exit their final inaugural ball, set to the same Crystals tune.
Goodfellas inspired director David Chase to make the HBO television series The Sopranos. He told Peter Bogdanovich, ""Goodfellas is a very important movie to me and Goodfellas really plowed that ... I found that movie very funny and brutal and it felt very real. And yet that was the first mob movie that Scorsese ever dealt with a mob crew. ... as opposed to say The Godfather ... which there's something operatic about it, classical, even the clothing and the cars. You know I mean I always think about Goodfellas when they go to their mother's house that night when they're eating, you know when she brings out her painting, that stuff is great. I mean The Sopranos learned a lot from that."" Indeed, the film shares a total of 27 actors with The Sopranos, including Bracco, Sirico, Imperioli, Pellegrino, Lip and Vincent, who all had roles in Chase's HBO series.
July 24, 2010, marked the 20th anniversary of the film's release. The milestone was celebrated with Henry Hill hosting a private screening for a select group of invitees at the Museum of the American Gangster in New York City.
In January 2012, it was announced that the AMC Network put a television series version of the movie in development. Pileggi was on board to co-write the adaptation with television writer and producer Jorge Zamacona.
In 2015, Goodfellas closed the Tribeca Film Festival with a screening of its 25th-anniversary remaster.
In 2020, AMC began including a content warning when airing Goodfellas: ""This film includes language and/or cultural stereotypes that are inconsistent with today's standards of inclusion and tolerance and may offend some viewers."" By comparison, The Godfather gets a standard ""viewer discretion"" warning.
American Film Institute Lists

AFI's 100 Years... 100 Movies - #94
AFI's 100 Years... 100 Movies (10th Anniversary Edition) - #92
AFI's 10 Top 10 - #2 Gangster film
AFI's 100 Years... 100 Heroes and Villains - Tommy DeVito - Nominated Villain
AFI's 100 Years... 100 Movie Quotes - ""Funny how?"" - Nominated Quote","tensor([-1.3219e-02, -4.2072e-02, -8.4599e-02, -5.1825e-04,  3.6028e-02,
         1.0736e-01, -5.0042e-02,  3.9217e-02, -2.9736e-02, -6.9176e-02,
         1.2351e-02,  3.6924e-02,  4.4840e-02,  8.8197e-02, -4.3604e-02,
         2.3895e-02,  1.1361e-01, -3.1167e-02,  3.6888e-02, -6.0332e-02,
         9.8362e-03,  2.7236e-02,  6.5835e-02,  9.4830e-03, -4.4183e-02,
        -6.0115e-02, -9.6995e-03, -1.0686e-02, -1.5633e-01,  5.4655e-02,
        -4.2895e-02,  5.4262e-02, -1.1667e-02, -1.4842e-02, -1.3489e-01,
        -3.6781e-02,  1.1703e-03,  1.3126e-02, -5.4770e-02, -2.8001e-03,
        -2.2215e-02, -7.1590e-03,  5.0987e-02, -6.3070e-02,  4.4585e-03,
        -9.2066e-02,  2.8935e-03, -2.3124e-02, -9.0050e-03,  3.2003e-02,
        -8.8931e-02,  4.4359e-02,  1.3803e-02,  3.1611e-02, -1.8285e-02,
        -8.0077e-02, -1.8434e-02,  2.0460e-02, -8.2134e-03, -4.5512e-02,
        -1.2350e-02, -1.8156e-02,  2.9917e-02, -5.0416e-02,  7.2998e-02,
         5.8871e-02, -2.5542e-02,  1.2460e-02, -4.5847e-02,  7.1467e-02,
        -1.4969e-02,  5.0014e-02,  1.3467e-02, -7.5155e-03, -3.0522e-02,
         3.3322e-02, -4.1897e-02,  1.4265e-02, -3.4509e-02, -7.2544e-02,
         8.4358e-02, -2.8802e-02, -1.9439e-02, -5.0694e-02, -1.6774e-02,
         1.3156e-02,  7.3270e-03,  4.2959e-02, -1.1796e-01,  4.8852e-02,
         2.2880e-02,  7.3546e-02,  1.8653e-02,  1.3944e-02,  8.6395e-02,
        -7.1813e-02, -8.3037e-02,  7.5753e-02,  7.2830e-03, -6.2189e-02,
         4.2798e-02, -1.9717e-02, -1.3620e-01, -5.3726e-02,  4.3606e-02,
        -2.9219e-03,  1.6445e-01,  4.1144e-02, -5.7352e-02,  2.7027e-02,
        -5.7790e-02,  7.8465e-02,  4.0542e-02, -1.0265e-02,  1.0787e-03,
        -8.1007e-02,  6.4044e-02,  1.2390e-02,  1.7747e-02,  6.8026e-02,
         3.3603e-02,  4.0539e-02,  7.7744e-02, -3.9790e-02,  1.4514e-02,
        -1.2314e-02,  2.9135e-03, -1.2039e-33, -5.5299e-02, -8.0890e-03,
        -2.9010e-02, -2.1400e-02,  4.6549e-03, -1.8309e-02, -6.7177e-02,
         6.5742e-03, -2.7240e-02,  3.5491e-02, -1.1090e-02,  2.4062e-04,
        -5.8560e-02, -1.2940e-03,  6.3172e-02, -4.0313e-02,  4.7945e-02,
         1.3633e-02,  8.6742e-03, -4.7319e-02, -3.7582e-02,  3.8398e-02,
         4.4962e-02, -6.3559e-02, -4.4134e-02,  3.2321e-02, -3.1949e-02,
         6.0268e-02, -2.5374e-02, -1.5691e-02, -2.3136e-02, -5.8013e-03,
         2.2028e-02, -8.1823e-02,  1.2789e-01, -7.0870e-02,  5.2603e-03,
         7.1294e-02, -3.5627e-03, -6.1918e-02, -1.6533e-02,  4.0411e-02,
        -9.4398e-02,  1.8041e-02,  7.0400e-02,  8.5756e-02, -2.9451e-02,
         2.1038e-02, -6.5536e-02,  5.4977e-02,  4.1994e-02, -5.9549e-02,
        -1.7883e-02,  7.2402e-02, -8.4350e-02,  8.0818e-03, -2.5441e-03,
        -5.2384e-02,  2.0677e-02, -4.5525e-02,  7.2567e-03,  8.8385e-02,
        -6.4019e-02, -1.0976e-01, -6.8667e-02,  5.2107e-02,  3.5414e-02,
         6.6396e-02, -2.9616e-02,  4.1929e-02,  9.6442e-02, -2.2585e-02,
        -4.8575e-02,  1.5038e-02,  8.2422e-02, -1.3743e-02,  3.1544e-02,
         4.9062e-03, -4.6880e-02, -1.4854e-02, -3.6278e-03,  4.8249e-02,
         5.5157e-03, -2.6595e-02,  3.0682e-02, -1.4863e-02,  5.2707e-02,
        -4.7777e-02,  2.5270e-02,  4.1264e-03,  2.1436e-02, -5.6703e-02,
         6.1093e-02,  9.3892e-03,  6.3093e-02, -4.0306e-34,  5.9190e-02,
        -5.8419e-02,  6.5473e-02, -1.2636e-02, -1.3731e-02, -2.0595e-02,
        -1.1686e-01,  5.5362e-02,  1.2046e-01,  3.5981e-02,  5.1141e-02,
        -6.6918e-03,  6.3721e-02, -1.6567e-02,  8.2350e-02,  1.3675e-03,
        -5.0639e-02, -4.7655e-02, -4.0184e-02, -1.4399e-02,  6.4057e-02,
        -5.3927e-02,  4.7619e-04,  4.1759e-02,  3.0936e-02,  2.9651e-02,
        -6.5464e-02,  3.3785e-02, -2.0710e-02, -7.1037e-02, -8.0011e-03,
        -1.0444e-02,  3.7624e-03,  8.9683e-02, -2.0672e-02, -2.7524e-02,
         8.2773e-02, -1.1854e-01,  1.0940e-02,  2.9503e-02, -2.0331e-02,
         7.4572e-02, -9.1585e-02,  1.4304e-02, -7.4593e-02,  4.4487e-02,
        -6.1338e-02,  3.1082e-02, -3.9924e-02, -2.9084e-02, -8.1487e-02,
         2.9419e-02,  4.3613e-03,  1.8809e-02,  2.4395e-02, -5.3375e-03,
        -2.4212e-02, -1.5733e-02,  4.6246e-02,  7.8431e-03, -1.5424e-02,
         3.2976e-02, -7.6050e-02, -4.6649e-02, -1.0435e-03, -5.6794e-02,
         1.0599e-03,  3.4942e-04, -6.7152e-02, -1.2084e-02, -4.6308e-02,
        -1.5476e-02, -1.2124e-01,  1.8824e-02, -1.0946e-01,  4.5043e-02,
         3.2659e-02,  2.3167e-02, -3.4748e-04,  1.2822e-02,  1.3021e-02,
        -9.9870e-03, -2.6302e-02, -4.9205e-03,  5.2407e-02,  4.5147e-02,
         1.4455e-01,  2.4619e-02, -1.7626e-02,  7.9058e-02,  7.8106e-02,
        -3.4039e-02,  2.1465e-02,  1.1607e-02,  2.6070e-02, -4.8883e-08,
        -6.2195e-02,  1.8281e-02, -1.2973e-02, -4.7272e-02, -1.5896e-02,
        -1.9744e-02, -6.8312e-02,  1.2343e-01,  5.2141e-02, -1.7179e-02,
         2.0031e-02, -3.1475e-02, -1.1767e-01,  1.9953e-02, -9.4630e-02,
        -4.1722e-02,  4.1367e-02,  8.5071e-03,  7.2713e-02,  5.0675e-02,
         5.4986e-02,  3.3775e-02,  4.3259e-02, -1.7551e-02, -4.4008e-02,
         4.2136e-02,  1.3598e-02, -1.2100e-01, -1.4775e-02,  9.8788e-02,
         6.4286e-02, -4.0278e-02, -3.2612e-02, -7.3624e-02, -5.6104e-02,
         9.1236e-03, -2.7298e-03,  4.1762e-02,  1.5749e-02, -6.9819e-02,
         4.2559e-02,  1.6400e-02, -4.5965e-02, -1.0430e-02,  3.9080e-02,
        -1.1349e-02, -1.9552e-02, -2.2164e-02, -3.1243e-02, -2.0110e-02,
         4.0023e-02,  2.1064e-02, -1.6823e-02, -6.8315e-03,  6.1440e-02,
        -2.8765e-02,  2.4581e-02,  7.8542e-02, -2.9740e-02, -4.0685e-02,
         1.0579e-01, -4.8324e-04,  4.6116e-02,  5.6944e-02], device='mps:0')"
